2026-04-04T03:54:20Z, azel, 127.891, 0.003, 0.000, 0.000
2026-04-04T03:54:50Z, azel, 127.891, 0.003, 0.003, 0.002
2026-04-04T03:54:55Z, azel, 127.905, 0.015, 0.003, 0.002
2026-04-04T03:55:00Z, azel, 127.919, 0.027, 0.003, 0.002
2026-04-04T03:55:05Z, azel, 127.933, 0.039, 0.003, 0.002
2026-04-04T03:55:10Z, azel, 127.947, 0.051, 0.003, 0.002
2026-04-04T03:55:15Z, azel, 127.961, 0.063, 0.003, 0.002
2026-04-04T03:55:20Z, azel, 127.975, 0.074, 0.003, 0.002
2026-04-04T03:55:25Z, azel, 127.989, 0.086, 0.003, 0.002
2026-04-04T03:55:30Z, azel, 128.004, 0.098, 0.003, 0.002
2026-04-04T03:55:35Z, azel, 128.018, 0.110, 0.003, 0.002
2026-04-04T03:55:40Z, azel, 128.032, 0.122, 0.003, 0.002
2026-04-04T03:55:45Z, azel, 128.046, 0.134, 0.003, 0.002
2026-04-04T03:55:50Z, azel, 128.060, 0.146, 0.003, 0.002
2026-04-04T03:55:55Z, azel, 128.074, 0.158, 0.003, 0.002
2026-04-04T03:56:00Z, azel, 128.088, 0.170, 0.003, 0.002
2026-04-04T03:56:05Z, azel, 128.102, 0.181, 0.003, 0.002
2026-04-04T03:56:10Z, azel, 128.117, 0.193, 0.003, 0.002
2026-04-04T03:56:15Z, azel, 128.131, 0.205, 0.003, 0.002
2026-04-04T03:56:20Z, azel, 128.145, 0.217, 0.003, 0.002
2026-04-04T03:56:25Z, azel, 128.159, 0.229, 0.003, 0.002
2026-04-04T03:56:30Z, azel, 128.173, 0.241, 0.003, 0.002
2026-04-04T03:56:35Z, azel, 128.187, 0.253, 0.003, 0.002
2026-04-04T03:56:40Z, azel, 128.201, 0.264, 0.003, 0.002
2026-04-04T03:56:45Z, azel, 128.216, 0.276, 0.003, 0.002
2026-04-04T03:56:50Z, azel, 128.230, 0.288, 0.003, 0.002
2026-04-04T03:56:55Z, azel, 128.244, 0.300, 0.003, 0.002
2026-04-04T03:57:00Z, azel, 128.258, 0.312, 0.003, 0.002
2026-04-04T03:57:05Z, azel, 128.272, 0.324, 0.003, 0.002
2026-04-04T03:57:10Z, azel, 128.286, 0.336, 0.003, 0.002
2026-04-04T03:57:15Z, azel, 128.300, 0.347, 0.003, 0.002
2026-04-04T03:57:20Z, azel, 128.315, 0.359, 0.003, 0.002
2026-04-04T03:57:25Z, azel, 128.329, 0.371, 0.003, 0.002
2026-04-04T03:57:30Z, azel, 128.343, 0.383, 0.003, 0.002
2026-04-04T03:57:35Z, azel, 128.357, 0.395, 0.003, 0.002
2026-04-04T03:57:40Z, azel, 128.371, 0.407, 0.003, 0.002
2026-04-04T03:57:45Z, azel, 128.385, 0.418, 0.003, 0.002
2026-04-04T03:57:50Z, azel, 128.400, 0.430, 0.003, 0.002
2026-04-04T03:57:55Z, azel, 128.414, 0.442, 0.003, 0.002
2026-04-04T03:58:00Z, azel, 128.428, 0.454, 0.003, 0.002
2026-04-04T03:58:05Z, azel, 128.442, 0.466, 0.003, 0.002
2026-04-04T03:58:10Z, azel, 128.456, 0.478, 0.003, 0.002
2026-04-04T03:58:15Z, azel, 128.470, 0.489, 0.003, 0.002
2026-04-04T03:58:20Z, azel, 128.485, 0.501, 0.003, 0.002
2026-04-04T03:58:25Z, azel, 128.499, 0.513, 0.003, 0.002
2026-04-04T03:58:30Z, azel, 128.513, 0.525, 0.003, 0.002
2026-04-04T03:58:35Z, azel, 128.527, 0.537, 0.003, 0.002
2026-04-04T03:58:40Z, azel, 128.541, 0.548, 0.003, 0.002
2026-04-04T03:58:45Z, azel, 128.556, 0.560, 0.003, 0.002
2026-04-04T03:58:50Z, azel, 128.570, 0.572, 0.003, 0.002
2026-04-04T03:58:55Z, azel, 128.584, 0.584, 0.003, 0.002
2026-04-04T03:59:00Z, azel, 128.598, 0.596, 0.003, 0.002
2026-04-04T03:59:05Z, azel, 128.612, 0.607, 0.003, 0.002
2026-04-04T03:59:10Z, azel, 128.627, 0.619, 0.003, 0.002
2026-04-04T03:59:15Z, azel, 128.641, 0.631, 0.003, 0.002
2026-04-04T03:59:20Z, azel, 128.655, 0.643, 0.003, 0.002
2026-04-04T03:59:25Z, azel, 128.669, 0.655, 0.003, 0.002
2026-04-04T03:59:30Z, azel, 128.683, 0.666, 0.003, 0.002
2026-04-04T03:59:35Z, azel, 128.698, 0.678, 0.003, 0.002
2026-04-04T03:59:40Z, azel, 128.712, 0.690, 0.003, 0.002
2026-04-04T03:59:45Z, azel, 128.726, 0.702, 0.003, 0.002
2026-04-04T03:59:50Z, azel, 128.740, 0.714, 0.003, 0.002
2026-04-04T03:59:55Z, azel, 128.755, 0.725, 0.003, 0.002
2026-04-04T04:00:00Z, azel, 128.769, 0.737, 0.003, 0.002
2026-04-04T04:00:05Z, azel, 128.783, 0.749, 0.003, 0.002
2026-04-04T04:00:10Z, azel, 128.797, 0.761, 0.003, 0.002
2026-04-04T04:00:15Z, azel, 128.812, 0.772, 0.003, 0.002
2026-04-04T04:00:20Z, azel, 128.826, 0.784, 0.003, 0.002
2026-04-04T04:00:25Z, azel, 128.840, 0.796, 0.003, 0.002
2026-04-04T04:00:30Z, azel, 128.854, 0.808, 0.003, 0.002
2026-04-04T04:00:35Z, azel, 128.868, 0.819, 0.003, 0.002
2026-04-04T04:00:40Z, azel, 128.883, 0.831, 0.003, 0.002
2026-04-04T04:00:45Z, azel, 128.897, 0.843, 0.003, 0.002
2026-04-04T04:00:50Z, azel, 128.911, 0.855, 0.003, 0.002
2026-04-04T04:00:55Z, azel, 128.925, 0.866, 0.003, 0.002
2026-04-04T04:01:00Z, azel, 128.940, 0.878, 0.003, 0.002
2026-04-04T04:01:05Z, azel, 128.954, 0.890, 0.003, 0.002
2026-04-04T04:01:10Z, azel, 128.968, 0.902, 0.003, 0.002
2026-04-04T04:01:15Z, azel, 128.982, 0.913, 0.003, 0.002
2026-04-04T04:01:20Z, azel, 128.997, 0.925, 0.003, 0.002
2026-04-04T04:01:25Z, azel, 129.011, 0.937, 0.003, 0.002
2026-04-04T04:01:30Z, azel, 129.025, 0.949, 0.003, 0.002
2026-04-04T04:01:35Z, azel, 129.040, 0.960, 0.003, 0.002
2026-04-04T04:01:40Z, azel, 129.054, 0.972, 0.003, 0.002
2026-04-04T04:01:45Z, azel, 129.068, 0.984, 0.003, 0.002
2026-04-04T04:01:50Z, azel, 129.082, 0.996, 0.003, 0.002
2026-04-04T04:01:55Z, azel, 129.097, 1.007, 0.003, 0.002
2026-04-04T04:02:00Z, azel, 129.111, 1.019, 0.003, 0.002
2026-04-04T04:02:05Z, azel, 129.125, 1.031, 0.003, 0.002
2026-04-04T04:02:10Z, azel, 129.139, 1.042, 0.003, 0.002
2026-04-04T04:02:15Z, azel, 129.154, 1.054, 0.003, 0.002
2026-04-04T04:02:20Z, azel, 129.168, 1.066, 0.003, 0.002
2026-04-04T04:02:25Z, azel, 129.182, 1.077, 0.003, 0.002
2026-04-04T04:02:30Z, azel, 129.197, 1.089, 0.003, 0.002
2026-04-04T04:02:35Z, azel, 129.211, 1.101, 0.003, 0.002
2026-04-04T04:02:40Z, azel, 129.225, 1.113, 0.003, 0.002
2026-04-04T04:02:45Z, azel, 129.239, 1.124, 0.003, 0.002
2026-04-04T04:02:50Z, azel, 129.254, 1.136, 0.003, 0.002
2026-04-04T04:02:55Z, azel, 129.268, 1.148, 0.003, 0.002
2026-04-04T04:03:00Z, azel, 129.282, 1.159, 0.003, 0.002
2026-04-04T04:03:05Z, azel, 129.297, 1.171, 0.003, 0.002
2026-04-04T04:03:10Z, azel, 129.311, 1.183, 0.003, 0.002
2026-04-04T04:03:15Z, azel, 129.325, 1.194, 0.003, 0.002
2026-04-04T04:03:20Z, azel, 129.340, 1.206, 0.003, 0.002
2026-04-04T04:03:25Z, azel, 129.354, 1.218, 0.003, 0.002
2026-04-04T04:03:30Z, azel, 129.368, 1.229, 0.003, 0.002
2026-04-04T04:03:35Z, azel, 129.383, 1.241, 0.003, 0.002
2026-04-04T04:03:40Z, azel, 129.397, 1.253, 0.003, 0.002
2026-04-04T04:03:45Z, azel, 129.411, 1.264, 0.003, 0.002
2026-04-04T04:03:50Z, azel, 129.425, 1.276, 0.003, 0.002
2026-04-04T04:03:55Z, azel, 129.440, 1.288, 0.003, 0.002
2026-04-04T04:04:00Z, azel, 129.454, 1.299, 0.003, 0.002
2026-04-04T04:04:05Z, azel, 129.468, 1.311, 0.003, 0.002
2026-04-04T04:04:10Z, azel, 129.483, 1.323, 0.003, 0.002
2026-04-04T04:04:15Z, azel, 129.497, 1.334, 0.003, 0.002
2026-04-04T04:04:20Z, azel, 129.511, 1.346, 0.003, 0.002
2026-04-04T04:04:25Z, azel, 129.526, 1.358, 0.003, 0.002
2026-04-04T04:04:30Z, azel, 129.540, 1.369, 0.003, 0.002
2026-04-04T04:04:35Z, azel, 129.554, 1.381, 0.003, 0.002
2026-04-04T04:04:40Z, azel, 129.569, 1.393, 0.003, 0.002
2026-04-04T04:04:45Z, azel, 129.583, 1.404, 0.003, 0.002
2026-04-04T04:04:50Z, azel, 129.598, 1.416, 0.003, 0.002
2026-04-04T04:04:55Z, azel, 129.612, 1.428, 0.003, 0.002
2026-04-04T04:05:00Z, azel, 129.626, 1.439, 0.003, 0.002
2026-04-04T04:05:05Z, azel, 129.641, 1.451, 0.003, 0.002
2026-04-04T04:05:10Z, azel, 129.655, 1.462, 0.003, 0.002
2026-04-04T04:05:15Z, azel, 129.669, 1.474, 0.003, 0.002
2026-04-04T04:05:20Z, azel, 129.684, 1.486, 0.003, 0.002
2026-04-04T04:05:25Z, azel, 129.698, 1.497, 0.003, 0.002
2026-04-04T04:05:30Z, azel, 129.712, 1.509, 0.003, 0.002
2026-04-04T04:05:35Z, azel, 129.727, 1.521, 0.003, 0.002
2026-04-04T04:05:40Z, azel, 129.741, 1.532, 0.003, 0.002
2026-04-04T04:05:45Z, azel, 129.755, 1.544, 0.003, 0.002
2026-04-04T04:05:50Z, azel, 129.770, 1.555, 0.003, 0.002
2026-04-04T04:05:55Z, azel, 129.784, 1.567, 0.003, 0.002
2026-04-04T04:06:00Z, azel, 129.799, 1.579, 0.003, 0.002
2026-04-04T04:06:05Z, azel, 129.813, 1.590, 0.003, 0.002
2026-04-04T04:06:10Z, azel, 129.827, 1.602, 0.003, 0.002
2026-04-04T04:06:15Z, azel, 129.842, 1.613, 0.003, 0.002
2026-04-04T04:06:20Z, azel, 129.856, 1.625, 0.003, 0.002
2026-04-04T04:06:25Z, azel, 129.871, 1.637, 0.003, 0.002
2026-04-04T04:06:30Z, azel, 129.885, 1.648, 0.003, 0.002
2026-04-04T04:06:35Z, azel, 129.899, 1.660, 0.003, 0.002
2026-04-04T04:06:40Z, azel, 129.914, 1.671, 0.003, 0.002
2026-04-04T04:06:45Z, azel, 129.928, 1.683, 0.003, 0.002
2026-04-04T04:06:50Z, azel, 129.943, 1.695, 0.003, 0.002
2026-04-04T04:06:55Z, azel, 129.957, 1.706, 0.003, 0.002
2026-04-04T04:07:00Z, azel, 129.971, 1.718, 0.003, 0.002
2026-04-04T04:07:05Z, azel, 129.986, 1.729, 0.003, 0.002
2026-04-04T04:07:10Z, azel, 130.000, 1.741, 0.003, 0.002
2026-04-04T04:07:15Z, azel, 130.015, 1.752, 0.003, 0.002
2026-04-04T04:07:20Z, azel, 130.029, 1.764, 0.003, 0.002
2026-04-04T04:07:25Z, azel, 130.043, 1.776, 0.003, 0.002
2026-04-04T04:07:30Z, azel, 130.058, 1.787, 0.003, 0.002
2026-04-04T04:07:35Z, azel, 130.072, 1.799, 0.003, 0.002
2026-04-04T04:07:40Z, azel, 130.087, 1.810, 0.003, 0.002
2026-04-04T04:07:45Z, azel, 130.101, 1.822, 0.003, 0.002
2026-04-04T04:07:50Z, azel, 130.115, 1.833, 0.003, 0.002
2026-04-04T04:07:55Z, azel, 130.130, 1.845, 0.003, 0.002
2026-04-04T04:08:00Z, azel, 130.144, 1.856, 0.003, 0.002
2026-04-04T04:08:05Z, azel, 130.159, 1.868, 0.003, 0.002
2026-04-04T04:08:10Z, azel, 130.173, 1.880, 0.003, 0.002
2026-04-04T04:08:15Z, azel, 130.188, 1.891, 0.003, 0.002
2026-04-04T04:08:20Z, azel, 130.202, 1.903, 0.003, 0.002
2026-04-04T04:08:25Z, azel, 130.216, 1.914, 0.003, 0.002
2026-04-04T04:08:30Z, azel, 130.231, 1.926, 0.003, 0.002
2026-04-04T04:08:35Z, azel, 130.245, 1.937, 0.003, 0.002
2026-04-04T04:08:40Z, azel, 130.260, 1.949, 0.003, 0.002
2026-04-04T04:08:45Z, azel, 130.274, 1.960, 0.003, 0.002
2026-04-04T04:08:50Z, azel, 130.289, 1.972, 0.003, 0.002
2026-04-04T04:08:55Z, azel, 130.303, 1.983, 0.003, 0.002
2026-04-04T04:09:00Z, azel, 130.318, 1.995, 0.003, 0.002
2026-04-04T04:09:05Z, azel, 130.332, 2.006, 0.003, 0.002
2026-04-04T04:09:10Z, azel, 130.347, 2.018, 0.003, 0.002
2026-04-04T04:09:15Z, azel, 130.361, 2.029, 0.003, 0.002
2026-04-04T04:09:20Z, azel, 130.375, 2.041, 0.003, 0.002
2026-04-04T04:09:25Z, azel, 130.390, 2.052, 0.003, 0.002
2026-04-04T04:09:30Z, azel, 130.404, 2.064, 0.003, 0.002
2026-04-04T04:09:35Z, azel, 130.419, 2.075, 0.003, 0.002
2026-04-04T04:09:40Z, azel, 130.433, 2.087, 0.003, 0.002
2026-04-04T04:09:45Z, azel, 130.448, 2.098, 0.003, 0.002
2026-04-04T04:09:50Z, azel, 130.462, 2.110, 0.003, 0.002
2026-04-04T04:09:55Z, azel, 130.477, 2.121, 0.003, 0.002
2026-04-04T04:10:00Z, azel, 130.491, 2.133, 0.003, 0.002
2026-04-04T04:10:05Z, azel, 130.506, 2.144, 0.003, 0.002
2026-04-04T04:10:10Z, azel, 130.520, 2.156, 0.003, 0.002
2026-04-04T04:10:15Z, azel, 130.535, 2.167, 0.003, 0.002
2026-04-04T04:10:20Z, azel, 130.549, 2.179, 0.003, 0.002
2026-04-04T04:10:25Z, azel, 130.564, 2.190, 0.003, 0.002
2026-04-04T04:10:30Z, azel, 130.578, 2.202, 0.003, 0.002
2026-04-04T04:10:35Z, azel, 130.593, 2.213, 0.003, 0.002
2026-04-04T04:10:40Z, azel, 130.607, 2.225, 0.003, 0.002
2026-04-04T04:10:45Z, azel, 130.622, 2.236, 0.003, 0.002
2026-04-04T04:10:50Z, azel, 130.636, 2.248, 0.003, 0.002
2026-04-04T04:10:55Z, azel, 130.651, 2.259, 0.003, 0.002
2026-04-04T04:11:00Z, azel, 130.665, 2.271, 0.003, 0.002
2026-04-04T04:11:05Z, azel, 130.680, 2.282, 0.003, 0.002
2026-04-04T04:11:10Z, azel, 130.694, 2.293, 0.003, 0.002
2026-04-04T04:11:15Z, azel, 130.709, 2.305, 0.003, 0.002
2026-04-04T04:11:20Z, azel, 130.723, 2.316, 0.003, 0.002
2026-04-04T04:11:25Z, azel, 130.738, 2.328, 0.003, 0.002
2026-04-04T04:11:30Z, azel, 130.752, 2.339, 0.003, 0.002
2026-04-04T04:11:35Z, azel, 130.767, 2.351, 0.003, 0.002
2026-04-04T04:11:40Z, azel, 130.781, 2.362, 0.003, 0.002
2026-04-04T04:11:45Z, azel, 130.796, 2.374, 0.003, 0.002
2026-04-04T04:11:50Z, azel, 130.810, 2.385, 0.003, 0.002
2026-04-04T04:11:55Z, azel, 130.825, 2.396, 0.003, 0.002
2026-04-04T04:12:00Z, azel, 130.839, 2.408, 0.003, 0.002
2026-04-04T04:12:05Z, azel, 130.854, 2.419, 0.003, 0.002
2026-04-04T04:12:10Z, azel, 130.868, 2.431, 0.003, 0.002
2026-04-04T04:12:15Z, azel, 130.883, 2.442, 0.003, 0.002
2026-04-04T04:12:20Z, azel, 130.898, 2.454, 0.003, 0.002
2026-04-04T04:12:25Z, azel, 130.912, 2.465, 0.003, 0.002
2026-04-04T04:12:30Z, azel, 130.927, 2.476, 0.003, 0.002
2026-04-04T04:12:35Z, azel, 130.941, 2.488, 0.003, 0.002
2026-04-04T04:12:40Z, azel, 130.956, 2.499, 0.003, 0.002
2026-04-04T04:12:45Z, azel, 130.970, 2.511, 0.003, 0.002
2026-04-04T04:12:50Z, azel, 130.985, 2.522, 0.003, 0.002
2026-04-04T04:12:55Z, azel, 130.999, 2.533, 0.003, 0.002
2026-04-04T04:13:00Z, azel, 131.014, 2.545, 0.003, 0.002
2026-04-04T04:13:05Z, azel, 131.029, 2.556, 0.003, 0.002
2026-04-04T04:13:10Z, azel, 131.043, 2.568, 0.003, 0.002
2026-04-04T04:13:15Z, azel, 131.058, 2.579, 0.003, 0.002
2026-04-04T04:13:20Z, azel, 131.072, 2.590, 0.003, 0.002
2026-04-04T04:13:25Z, azel, 131.087, 2.602, 0.003, 0.002
2026-04-04T04:13:30Z, azel, 131.101, 2.613, 0.003, 0.002
2026-04-04T04:13:35Z, azel, 131.116, 2.625, 0.003, 0.002
2026-04-04T04:13:40Z, azel, 131.131, 2.636, 0.003, 0.002
2026-04-04T04:13:45Z, azel, 131.145, 2.647, 0.003, 0.002
2026-04-04T04:13:50Z, azel, 131.160, 2.659, 0.003, 0.002
2026-04-04T04:13:55Z, azel, 131.174, 2.670, 0.003, 0.002
2026-04-04T04:14:00Z, azel, 131.189, 2.682, 0.003, 0.002
2026-04-04T04:14:05Z, azel, 131.203, 2.693, 0.003, 0.002
2026-04-04T04:14:10Z, azel, 131.218, 2.704, 0.003, 0.002
2026-04-04T04:14:15Z, azel, 131.233, 2.716, 0.003, 0.002
2026-04-04T04:14:20Z, azel, 131.247, 2.727, 0.003, 0.002
2026-04-04T04:14:25Z, azel, 131.262, 2.738, 0.003, 0.002
2026-04-04T04:14:30Z, azel, 131.276, 2.750, 0.003, 0.002
2026-04-04T04:14:35Z, azel, 131.291, 2.761, 0.003, 0.002
2026-04-04T04:14:40Z, azel, 131.306, 2.772, 0.003, 0.002
2026-04-04T04:14:45Z, azel, 131.320, 2.784, 0.003, 0.002
2026-04-04T04:14:50Z, azel, 131.335, 2.795, 0.003, 0.002
2026-04-04T04:14:55Z, azel, 131.349, 2.806, 0.003, 0.002
2026-04-04T04:15:00Z, azel, 131.364, 2.818, 0.003, 0.002
2026-04-04T04:15:05Z, azel, 131.379, 2.829, 0.003, 0.002
2026-04-04T04:15:10Z, azel, 131.393, 2.840, 0.003, 0.002
2026-04-04T04:15:15Z, azel, 131.408, 2.852, 0.003, 0.002
2026-04-04T04:15:20Z, azel, 131.422, 2.863, 0.003, 0.002
2026-04-04T04:15:25Z, azel, 131.437, 2.874, 0.003, 0.002
2026-04-04T04:15:30Z, azel, 131.452, 2.886, 0.003, 0.002
2026-04-04T04:15:35Z, azel, 131.466, 2.897, 0.003, 0.002
2026-04-04T04:15:40Z, azel, 131.481, 2.908, 0.003, 0.002
2026-04-04T04:15:45Z, azel, 131.496, 2.920, 0.003, 0.002
2026-04-04T04:15:50Z, azel, 131.510, 2.931, 0.003, 0.002
2026-04-04T04:15:55Z, azel, 131.525, 2.942, 0.003, 0.002
2026-04-04T04:16:00Z, azel, 131.540, 2.954, 0.003, 0.002
2026-04-04T04:16:05Z, azel, 131.554, 2.965, 0.003, 0.002
2026-04-04T04:16:10Z, azel, 131.569, 2.976, 0.003, 0.002
2026-04-04T04:16:15Z, azel, 131.583, 2.988, 0.003, 0.002
2026-04-04T04:16:20Z, azel, 131.598, 2.999, 0.003, 0.002
2026-04-04T04:16:25Z, azel, 131.613, 3.010, 0.003, 0.002
2026-04-04T04:16:30Z, azel, 131.627, 3.022, 0.003, 0.002
2026-04-04T04:16:35Z, azel, 131.642, 3.033, 0.003, 0.002
2026-04-04T04:16:40Z, azel, 131.657, 3.044, 0.003, 0.002
2026-04-04T04:16:45Z, azel, 131.671, 3.055, 0.003, 0.002
2026-04-04T04:16:50Z, azel, 131.686, 3.067, 0.003, 0.002
2026-04-04T04:16:55Z, azel, 131.701, 3.078, 0.003, 0.002
2026-04-04T04:17:00Z, azel, 131.715, 3.089, 0.003, 0.002
2026-04-04T04:17:05Z, azel, 131.730, 3.101, 0.003, 0.002
2026-04-04T04:17:10Z, azel, 131.745, 3.112, 0.003, 0.002
2026-04-04T04:17:15Z, azel, 131.759, 3.123, 0.003, 0.002
2026-04-04T04:17:20Z, azel, 131.774, 3.134, 0.003, 0.002
2026-04-04T04:17:25Z, azel, 131.789, 3.146, 0.003, 0.002
2026-04-04T04:17:30Z, azel, 131.803, 3.157, 0.003, 0.002
2026-04-04T04:17:35Z, azel, 131.818, 3.168, 0.003, 0.002
2026-04-04T04:17:40Z, azel, 131.833, 3.179, 0.003, 0.002
2026-04-04T04:17:45Z, azel, 131.847, 3.191, 0.003, 0.002
2026-04-04T04:17:50Z, azel, 131.862, 3.202, 0.003, 0.002
2026-04-04T04:17:55Z, azel, 131.877, 3.213, 0.003, 0.002
2026-04-04T04:18:00Z, azel, 131.891, 3.225, 0.003, 0.002
2026-04-04T04:18:05Z, azel, 131.906, 3.236, 0.003, 0.002
2026-04-04T04:18:10Z, azel, 131.921, 3.247, 0.003, 0.002
2026-04-04T04:18:15Z, azel, 131.936, 3.258, 0.003, 0.002
2026-04-04T04:18:20Z, azel, 131.950, 3.270, 0.003, 0.002
2026-04-04T04:18:25Z, azel, 131.965, 3.281, 0.003, 0.002
2026-04-04T04:18:30Z, azel, 131.980, 3.292, 0.003, 0.002
2026-04-04T04:18:35Z, azel, 131.994, 3.303, 0.003, 0.002
2026-04-04T04:18:40Z, azel, 132.009, 3.314, 0.003, 0.002
2026-04-04T04:18:45Z, azel, 132.024, 3.326, 0.003, 0.002
2026-04-04T04:18:50Z, azel, 132.039, 3.337, 0.003, 0.002
2026-04-04T04:18:55Z, azel, 132.053, 3.348, 0.003, 0.002
2026-04-04T04:19:00Z, azel, 132.068, 3.359, 0.003, 0.002
2026-04-04T04:19:05Z, azel, 132.083, 3.371, 0.003, 0.002
2026-04-04T04:19:10Z, azel, 132.097, 3.382, 0.003, 0.002
2026-04-04T04:19:15Z, azel, 132.112, 3.393, 0.003, 0.002
2026-04-04T04:19:20Z, azel, 132.127, 3.404, 0.003, 0.002
2026-04-04T04:19:25Z, azel, 132.142, 3.415, 0.003, 0.002
2026-04-04T04:19:30Z, azel, 132.156, 3.427, 0.003, 0.002
2026-04-04T04:19:35Z, azel, 132.171, 3.438, 0.003, 0.002
2026-04-04T04:19:40Z, azel, 132.186, 3.449, 0.003, 0.002
2026-04-04T04:19:45Z, azel, 132.201, 3.460, 0.003, 0.002
2026-04-04T04:19:50Z, azel, 132.215, 3.471, 0.003, 0.002
2026-04-04T04:19:55Z, azel, 132.230, 3.483, 0.003, 0.002
2026-04-04T04:20:00Z, azel, 132.245, 3.494, 0.003, 0.002
2026-04-04T04:20:05Z, azel, 132.259, 3.505, 0.003, 0.002
2026-04-04T04:20:10Z, azel, 132.274, 3.516, 0.003, 0.002
2026-04-04T04:20:15Z, azel, 132.289, 3.527, 0.003, 0.002
2026-04-04T04:20:20Z, azel, 132.304, 3.539, 0.003, 0.002
2026-04-04T04:20:25Z, azel, 132.319, 3.550, 0.003, 0.002
2026-04-04T04:20:30Z, azel, 132.333, 3.561, 0.003, 0.002
2026-04-04T04:20:35Z, azel, 132.348, 3.572, 0.003, 0.002
2026-04-04T04:20:40Z, azel, 132.363, 3.583, 0.003, 0.002
2026-04-04T04:20:45Z, azel, 132.378, 3.594, 0.003, 0.002
2026-04-04T04:20:50Z, azel, 132.392, 3.606, 0.003, 0.002
2026-04-04T04:20:55Z, azel, 132.407, 3.617, 0.003, 0.002
2026-04-04T04:21:00Z, azel, 132.422, 3.628, 0.003, 0.002
2026-04-04T04:21:05Z, azel, 132.437, 3.639, 0.003, 0.002
2026-04-04T04:21:10Z, azel, 132.451, 3.650, 0.003, 0.002
2026-04-04T04:21:15Z, azel, 132.466, 3.661, 0.003, 0.002
2026-04-04T04:21:20Z, azel, 132.481, 3.673, 0.003, 0.002
2026-04-04T04:21:25Z, azel, 132.496, 3.684, 0.003, 0.002
2026-04-04T04:21:30Z, azel, 132.511, 3.695, 0.003, 0.002
2026-04-04T04:21:35Z, azel, 132.525, 3.706, 0.003, 0.002
2026-04-04T04:21:40Z, azel, 132.540, 3.717, 0.003, 0.002
2026-04-04T04:21:45Z, azel, 132.555, 3.728, 0.003, 0.002
2026-04-04T04:21:50Z, azel, 132.570, 3.739, 0.003, 0.002
2026-04-04T04:21:55Z, azel, 132.584, 3.751, 0.003, 0.002
2026-04-04T04:22:00Z, azel, 132.599, 3.762, 0.003, 0.002
2026-04-04T04:22:05Z, azel, 132.614, 3.773, 0.003, 0.002
2026-04-04T04:22:10Z, azel, 132.629, 3.784, 0.003, 0.002
2026-04-04T04:22:15Z, azel, 132.644, 3.795, 0.003, 0.002
2026-04-04T04:22:20Z, azel, 132.659, 3.806, 0.003, 0.002
2026-04-04T04:22:25Z, azel, 132.673, 3.817, 0.003, 0.002
2026-04-04T04:22:30Z, azel, 132.688, 3.828, 0.003, 0.002
2026-04-04T04:22:35Z, azel, 132.703, 3.840, 0.003, 0.002
2026-04-04T04:22:40Z, azel, 132.718, 3.851, 0.003, 0.002
2026-04-04T04:22:45Z, azel, 132.733, 3.862, 0.003, 0.002
2026-04-04T04:22:50Z, azel, 132.747, 3.873, 0.003, 0.002
2026-04-04T04:22:55Z, azel, 132.762, 3.884, 0.003, 0.002
2026-04-04T04:23:00Z, azel, 132.777, 3.895, 0.003, 0.002
2026-04-04T04:23:05Z, azel, 132.792, 3.906, 0.003, 0.002
2026-04-04T04:23:10Z, azel, 132.807, 3.917, 0.003, 0.002
2026-04-04T04:23:15Z, azel, 132.822, 3.928, 0.003, 0.002
2026-04-04T04:23:20Z, azel, 132.836, 3.939, 0.003, 0.002
2026-04-04T04:23:25Z, azel, 132.851, 3.951, 0.003, 0.002
2026-04-04T04:23:30Z, azel, 132.866, 3.962, 0.003, 0.002
2026-04-04T04:23:35Z, azel, 132.881, 3.973, 0.003, 0.002
2026-04-04T04:23:40Z, azel, 132.896, 3.984, 0.003, 0.002
2026-04-04T04:23:45Z, azel, 132.911, 3.995, 0.003, 0.002
2026-04-04T04:23:50Z, azel, 132.925, 4.006, 0.003, 0.002
2026-04-04T04:23:55Z, azel, 132.940, 4.017, 0.003, 0.002
2026-04-04T04:24:00Z, azel, 132.955, 4.028, 0.003, 0.002
2026-04-04T04:24:05Z, azel, 132.970, 4.039, 0.003, 0.002
2026-04-04T04:24:10Z, azel, 132.985, 4.050, 0.003, 0.002
2026-04-04T04:24:15Z, azel, 133.000, 4.061, 0.003, 0.002
2026-04-04T04:24:20Z, azel, 133.015, 4.072, 0.003, 0.002
2026-04-04T04:24:25Z, azel, 133.029, 4.083, 0.003, 0.002
2026-04-04T04:24:30Z, azel, 133.044, 4.094, 0.003, 0.002
2026-04-04T04:24:35Z, azel, 133.059, 4.105, 0.003, 0.002
2026-04-04T04:24:40Z, azel, 133.074, 4.116, 0.003, 0.002
2026-04-04T04:24:45Z, azel, 133.089, 4.128, 0.003, 0.002
2026-04-04T04:24:50Z, azel, 133.104, 4.139, 0.003, 0.002
2026-04-04T04:24:55Z, azel, 133.119, 4.150, 0.003, 0.002
2026-04-04T04:25:00Z, azel, 133.134, 4.161, 0.003, 0.002
2026-04-04T04:25:05Z, azel, 133.148, 4.172, 0.003, 0.002
2026-04-04T04:25:10Z, azel, 133.163, 4.183, 0.003, 0.002
2026-04-04T04:25:15Z, azel, 133.178, 4.194, 0.003, 0.002
2026-04-04T04:25:20Z, azel, 133.193, 4.205, 0.003, 0.002
2026-04-04T04:25:25Z, azel, 133.208, 4.216, 0.003, 0.002
2026-04-04T04:25:30Z, azel, 133.223, 4.227, 0.003, 0.002
2026-04-04T04:25:35Z, azel, 133.238, 4.238, 0.003, 0.002
2026-04-04T04:25:40Z, azel, 133.253, 4.249, 0.003, 0.002
2026-04-04T04:25:45Z, azel, 133.268, 4.260, 0.003, 0.002
2026-04-04T04:25:50Z, azel, 133.283, 4.271, 0.003, 0.002
2026-04-04T04:25:55Z, azel, 133.297, 4.282, 0.003, 0.002
2026-04-04T04:26:00Z, azel, 133.312, 4.293, 0.003, 0.002
2026-04-04T04:26:05Z, azel, 133.327, 4.304, 0.003, 0.002
2026-04-04T04:26:10Z, azel, 133.342, 4.315, 0.003, 0.002
2026-04-04T04:26:15Z, azel, 133.357, 4.326, 0.003, 0.002
2026-04-04T04:26:20Z, azel, 133.372, 4.337, 0.003, 0.002
2026-04-04T04:26:25Z, azel, 133.387, 4.348, 0.003, 0.002
2026-04-04T04:26:30Z, azel, 133.402, 4.359, 0.003, 0.002
2026-04-04T04:26:35Z, azel, 133.417, 4.370, 0.003, 0.002
2026-04-04T04:26:40Z, azel, 133.432, 4.381, 0.003, 0.002
2026-04-04T04:26:45Z, azel, 133.447, 4.392, 0.003, 0.002
2026-04-04T04:26:50Z, azel, 133.462, 4.403, 0.003, 0.002
2026-04-04T04:26:55Z, azel, 133.476, 4.414, 0.003, 0.002
2026-04-04T04:27:00Z, azel, 133.491, 4.425, 0.003, 0.002
2026-04-04T04:27:05Z, azel, 133.506, 4.436, 0.003, 0.002
2026-04-04T04:27:10Z, azel, 133.521, 4.447, 0.003, 0.002
2026-04-04T04:27:15Z, azel, 133.536, 4.458, 0.003, 0.002
2026-04-04T04:27:20Z, azel, 133.551, 4.469, 0.003, 0.002
2026-04-04T04:27:25Z, azel, 133.566, 4.480, 0.003, 0.002
2026-04-04T04:27:30Z, azel, 133.581, 4.491, 0.003, 0.002
2026-04-04T04:27:35Z, azel, 133.596, 4.501, 0.003, 0.002
2026-04-04T04:27:40Z, azel, 133.611, 4.512, 0.003, 0.002
2026-04-04T04:27:45Z, azel, 133.626, 4.523, 0.003, 0.002
2026-04-04T04:27:50Z, azel, 133.641, 4.534, 0.003, 0.002
2026-04-04T04:27:55Z, azel, 133.656, 4.545, 0.003, 0.002
2026-04-04T04:28:00Z, azel, 133.671, 4.556, 0.003, 0.002
2026-04-04T04:28:05Z, azel, 133.686, 4.567, 0.003, 0.002
2026-04-04T04:28:10Z, azel, 133.701, 4.578, 0.003, 0.002
2026-04-04T04:28:15Z, azel, 133.716, 4.589, 0.003, 0.002
2026-04-04T04:28:20Z, azel, 133.731, 4.600, 0.003, 0.002
2026-04-04T04:28:25Z, azel, 133.746, 4.611, 0.003, 0.002
2026-04-04T04:28:30Z, azel, 133.761, 4.622, 0.003, 0.002
2026-04-04T04:28:35Z, azel, 133.776, 4.633, 0.003, 0.002
2026-04-04T04:28:40Z, azel, 133.791, 4.644, 0.003, 0.002
2026-04-04T04:28:45Z, azel, 133.806, 4.655, 0.003, 0.002
2026-04-04T04:28:50Z, azel, 133.821, 4.665, 0.003, 0.002
2026-04-04T04:28:55Z, azel, 133.836, 4.676, 0.003, 0.002
2026-04-04T04:29:00Z, azel, 133.851, 4.687, 0.003, 0.002
2026-04-04T04:29:05Z, azel, 133.866, 4.698, 0.003, 0.002
2026-04-04T04:29:10Z, azel, 133.881, 4.709, 0.003, 0.002
2026-04-04T04:29:15Z, azel, 133.896, 4.720, 0.003, 0.002
2026-04-04T04:29:20Z, azel, 133.911, 4.731, 0.003, 0.002
2026-04-04T04:29:25Z, azel, 133.926, 4.742, 0.003, 0.002
2026-04-04T04:29:30Z, azel, 133.941, 4.753, 0.003, 0.002
2026-04-04T04:29:35Z, azel, 133.956, 4.764, 0.003, 0.002
2026-04-04T04:29:40Z, azel, 133.971, 4.774, 0.003, 0.002
2026-04-04T04:29:45Z, azel, 133.986, 4.785, 0.003, 0.002
2026-04-04T04:29:50Z, azel, 134.001, 4.796, 0.003, 0.002
2026-04-04T04:29:55Z, azel, 134.016, 4.807, 0.003, 0.002
2026-04-04T04:30:00Z, azel, 134.031, 4.818, 0.003, 0.002
2026-04-04T04:30:05Z, azel, 134.046, 4.829, 0.003, 0.002
2026-04-04T04:30:10Z, azel, 134.061, 4.840, 0.003, 0.002
2026-04-04T04:30:15Z, azel, 134.076, 4.851, 0.003, 0.002
2026-04-04T04:30:20Z, azel, 134.091, 4.862, 0.003, 0.002
2026-04-04T04:30:25Z, azel, 134.106, 4.872, 0.003, 0.002
2026-04-04T04:30:30Z, azel, 134.121, 4.883, 0.003, 0.002
2026-04-04T04:30:35Z, azel, 134.136, 4.894, 0.003, 0.002
2026-04-04T04:30:40Z, azel, 134.151, 4.905, 0.003, 0.002
2026-04-04T04:30:45Z, azel, 134.166, 4.916, 0.003, 0.002
2026-04-04T04:30:50Z, azel, 134.181, 4.927, 0.003, 0.002
2026-04-04T04:30:55Z, azel, 134.196, 4.937, 0.003, 0.002
2026-04-04T04:31:00Z, azel, 134.211, 4.948, 0.003, 0.002
2026-04-04T04:31:05Z, azel, 134.226, 4.959, 0.003, 0.002
2026-04-04T04:31:10Z, azel, 134.241, 4.970, 0.003, 0.002
2026-04-04T04:31:15Z, azel, 134.256, 4.981, 0.003, 0.002
2026-04-04T04:31:20Z, azel, 134.271, 4.992, 0.003, 0.002
2026-04-04T04:31:25Z, azel, 134.286, 5.003, 0.003, 0.002
2026-04-04T04:31:30Z, azel, 134.301, 5.013, 0.003, 0.002
2026-04-04T04:31:35Z, azel, 134.316, 5.024, 0.003, 0.002
2026-04-04T04:31:40Z, azel, 134.332, 5.035, 0.003, 0.002
2026-04-04T04:31:45Z, azel, 134.347, 5.046, 0.003, 0.002
2026-04-04T04:31:50Z, azel, 134.362, 5.057, 0.003, 0.002
2026-04-04T04:31:55Z, azel, 134.377, 5.067, 0.003, 0.002
2026-04-04T04:32:00Z, azel, 134.392, 5.078, 0.003, 0.002
2026-04-04T04:32:05Z, azel, 134.407, 5.089, 0.003, 0.002
2026-04-04T04:32:10Z, azel, 134.422, 5.100, 0.003, 0.002
2026-04-04T04:32:15Z, azel, 134.437, 5.111, 0.003, 0.002
2026-04-04T04:32:20Z, azel, 134.452, 5.121, 0.003, 0.002
2026-04-04T04:32:25Z, azel, 134.467, 5.132, 0.003, 0.002
2026-04-04T04:32:30Z, azel, 134.482, 5.143, 0.003, 0.002
2026-04-04T04:32:35Z, azel, 134.497, 5.154, 0.003, 0.002
2026-04-04T04:32:40Z, azel, 134.512, 5.165, 0.003, 0.002
2026-04-04T04:32:45Z, azel, 134.528, 5.175, 0.003, 0.002
2026-04-04T04:32:50Z, azel, 134.543, 5.186, 0.003, 0.002
2026-04-04T04:32:55Z, azel, 134.558, 5.197, 0.003, 0.002
2026-04-04T04:33:00Z, azel, 134.573, 5.208, 0.003, 0.002
2026-04-04T04:33:05Z, azel, 134.588, 5.219, 0.003, 0.002
2026-04-04T04:33:10Z, azel, 134.603, 5.229, 0.003, 0.002
2026-04-04T04:33:15Z, azel, 134.618, 5.240, 0.003, 0.002
2026-04-04T04:33:20Z, azel, 134.633, 5.251, 0.003, 0.002
2026-04-04T04:33:25Z, azel, 134.648, 5.262, 0.003, 0.002
2026-04-04T04:33:30Z, azel, 134.664, 5.272, 0.003, 0.002
2026-04-04T04:33:35Z, azel, 134.679, 5.283, 0.003, 0.002
2026-04-04T04:33:40Z, azel, 134.694, 5.294, 0.003, 0.002
2026-04-04T04:33:45Z, azel, 134.709, 5.305, 0.003, 0.002
2026-04-04T04:33:50Z, azel, 134.724, 5.315, 0.003, 0.002
2026-04-04T04:33:55Z, azel, 134.739, 5.326, 0.003, 0.002
2026-04-04T04:34:00Z, azel, 134.754, 5.337, 0.003, 0.002
2026-04-04T04:34:05Z, azel, 134.769, 5.348, 0.003, 0.002
2026-04-04T04:34:10Z, azel, 134.785, 5.358, 0.003, 0.002
2026-04-04T04:34:15Z, azel, 134.800, 5.369, 0.003, 0.002
2026-04-04T04:34:20Z, azel, 134.815, 5.380, 0.003, 0.002
2026-04-04T04:34:25Z, azel, 134.830, 5.391, 0.003, 0.002
2026-04-04T04:34:30Z, azel, 134.845, 5.401, 0.003, 0.002
2026-04-04T04:34:35Z, azel, 134.860, 5.412, 0.003, 0.002
2026-04-04T04:34:40Z, azel, 134.875, 5.423, 0.003, 0.002
2026-04-04T04:34:45Z, azel, 134.891, 5.434, 0.003, 0.002
2026-04-04T04:34:50Z, azel, 134.906, 5.444, 0.003, 0.002
2026-04-04T04:34:55Z, azel, 134.921, 5.455, 0.003, 0.002
2026-04-04T04:35:00Z, azel, 134.936, 5.466, 0.003, 0.002
2026-04-04T04:35:05Z, azel, 134.951, 5.476, 0.003, 0.002
2026-04-04T04:35:10Z, azel, 134.966, 5.487, 0.003, 0.002
2026-04-04T04:35:15Z, azel, 134.982, 5.498, 0.003, 0.002
2026-04-04T04:35:20Z, azel, 134.997, 5.508, 0.003, 0.002
2026-04-04T04:35:25Z, azel, 135.012, 5.519, 0.003, 0.002
2026-04-04T04:35:30Z, azel, 135.027, 5.530, 0.003, 0.002
2026-04-04T04:35:35Z, azel, 135.042, 5.541, 0.003, 0.002
2026-04-04T04:35:40Z, azel, 135.057, 5.551, 0.003, 0.002
2026-04-04T04:35:45Z, azel, 135.073, 5.562, 0.003, 0.002
2026-04-04T04:35:50Z, azel, 135.088, 5.573, 0.003, 0.002
2026-04-04T04:35:55Z, azel, 135.103, 5.583, 0.003, 0.002
2026-04-04T04:36:00Z, azel, 135.118, 5.594, 0.003, 0.002
2026-04-04T04:36:05Z, azel, 135.133, 5.605, 0.003, 0.002
2026-04-04T04:36:10Z, azel, 135.149, 5.615, 0.003, 0.002
2026-04-04T04:36:15Z, azel, 135.164, 5.626, 0.003, 0.002
2026-04-04T04:36:20Z, azel, 135.179, 5.637, 0.003, 0.002
2026-04-04T04:36:25Z, azel, 135.194, 5.647, 0.003, 0.002
2026-04-04T04:36:30Z, azel, 135.209, 5.658, 0.003, 0.002
2026-04-04T04:36:35Z, azel, 135.225, 5.669, 0.003, 0.002
2026-04-04T04:36:40Z, azel, 135.240, 5.679, 0.003, 0.002
2026-04-04T04:36:45Z, azel, 135.255, 5.690, 0.003, 0.002
2026-04-04T04:36:50Z, azel, 135.270, 5.701, 0.003, 0.002
2026-04-04T04:36:55Z, azel, 135.285, 5.711, 0.003, 0.002
2026-04-04T04:37:00Z, azel, 135.301, 5.722, 0.003, 0.002
2026-04-04T04:37:05Z, azel, 135.316, 5.733, 0.003, 0.002
2026-04-04T04:37:10Z, azel, 135.331, 5.743, 0.003, 0.002
2026-04-04T04:37:15Z, azel, 135.346, 5.754, 0.003, 0.002
2026-04-04T04:37:20Z, azel, 135.362, 5.764, 0.003, 0.002
2026-04-04T04:37:25Z, azel, 135.377, 5.775, 0.003, 0.002
2026-04-04T04:37:30Z, azel, 135.392, 5.786, 0.003, 0.002
2026-04-04T04:37:35Z, azel, 135.407, 5.796, 0.003, 0.002
2026-04-04T04:37:40Z, azel, 135.422, 5.807, 0.003, 0.002
2026-04-04T04:37:45Z, azel, 135.438, 5.818, 0.003, 0.002
2026-04-04T04:37:50Z, azel, 135.453, 5.828, 0.003, 0.002
2026-04-04T04:37:55Z, azel, 135.468, 5.839, 0.003, 0.002
2026-04-04T04:38:00Z, azel, 135.483, 5.849, 0.003, 0.002
2026-04-04T04:38:05Z, azel, 135.499, 5.860, 0.003, 0.002
2026-04-04T04:38:10Z, azel, 135.514, 5.871, 0.003, 0.002
2026-04-04T04:38:15Z, azel, 135.529, 5.881, 0.003, 0.002
2026-04-04T04:38:20Z, azel, 135.544, 5.892, 0.003, 0.002
2026-04-04T04:38:25Z, azel, 135.560, 5.902, 0.003, 0.002
2026-04-04T04:38:30Z, azel, 135.575, 5.913, 0.003, 0.002
2026-04-04T04:38:35Z, azel, 135.590, 5.924, 0.003, 0.002
2026-04-04T04:38:40Z, azel, 135.606, 5.934, 0.003, 0.002
2026-04-04T04:38:45Z, azel, 135.621, 5.945, 0.003, 0.002
2026-04-04T04:38:50Z, azel, 135.636, 5.955, 0.003, 0.002
2026-04-04T04:38:55Z, azel, 135.651, 5.966, 0.003, 0.002
2026-04-04T04:39:00Z, azel, 135.667, 5.977, 0.003, 0.002
2026-04-04T04:39:05Z, azel, 135.682, 5.987, 0.003, 0.002
2026-04-04T04:39:10Z, azel, 135.697, 5.998, 0.003, 0.002
2026-04-04T04:39:15Z, azel, 135.712, 6.008, 0.003, 0.002
2026-04-04T04:39:20Z, azel, 135.728, 6.019, 0.003, 0.002
2026-04-04T04:39:25Z, azel, 135.743, 6.029, 0.003, 0.002
2026-04-04T04:39:30Z, azel, 135.758, 6.040, 0.003, 0.002
2026-04-04T04:39:35Z, azel, 135.774, 6.051, 0.003, 0.002
2026-04-04T04:39:40Z, azel, 135.789, 6.061, 0.003, 0.002
2026-04-04T04:39:45Z, azel, 135.804, 6.072, 0.003, 0.002
2026-04-04T04:39:50Z, azel, 135.819, 6.082, 0.003, 0.002
2026-04-04T04:39:55Z, azel, 135.835, 6.093, 0.003, 0.002
2026-04-04T04:40:00Z, azel, 135.850, 6.103, 0.003, 0.002
2026-04-04T04:40:05Z, azel, 135.865, 6.114, 0.003, 0.002
2026-04-04T04:40:10Z, azel, 135.881, 6.124, 0.003, 0.002
2026-04-04T04:40:15Z, azel, 135.896, 6.135, 0.003, 0.002
2026-04-04T04:40:20Z, azel, 135.911, 6.145, 0.003, 0.002
2026-04-04T04:40:25Z, azel, 135.927, 6.156, 0.003, 0.002
2026-04-04T04:40:30Z, azel, 135.942, 6.167, 0.003, 0.002
2026-04-04T04:40:35Z, azel, 135.957, 6.177, 0.003, 0.002
2026-04-04T04:40:40Z, azel, 135.973, 6.188, 0.003, 0.002
2026-04-04T04:40:45Z, azel, 135.988, 6.198, 0.003, 0.002
2026-04-04T04:40:50Z, azel, 136.003, 6.209, 0.003, 0.002
2026-04-04T04:40:55Z, azel, 136.019, 6.219, 0.003, 0.002
2026-04-04T04:41:00Z, azel, 136.034, 6.230, 0.003, 0.002
2026-04-04T04:41:05Z, azel, 136.049, 6.240, 0.003, 0.002
2026-04-04T04:41:10Z, azel, 136.065, 6.251, 0.003, 0.002
2026-04-04T04:41:15Z, azel, 136.080, 6.261, 0.003, 0.002
2026-04-04T04:41:20Z, azel, 136.095, 6.272, 0.003, 0.002
2026-04-04T04:41:25Z, azel, 136.111, 6.282, 0.003, 0.002
2026-04-04T04:41:30Z, azel, 136.126, 6.293, 0.003, 0.002
2026-04-04T04:41:35Z, azel, 136.141, 6.303, 0.003, 0.002
2026-04-04T04:41:40Z, azel, 136.157, 6.314, 0.003, 0.002
2026-04-04T04:41:45Z, azel, 136.172, 6.324, 0.003, 0.002
2026-04-04T04:41:50Z, azel, 136.187, 6.335, 0.003, 0.002
2026-04-04T04:41:55Z, azel, 136.203, 6.345, 0.003, 0.002
2026-04-04T04:42:00Z, azel, 136.218, 6.356, 0.003, 0.002
2026-04-04T04:42:05Z, azel, 136.233, 6.366, 0.003, 0.002
2026-04-04T04:42:10Z, azel, 136.249, 6.376, 0.003, 0.002
2026-04-04T04:42:15Z, azel, 136.264, 6.387, 0.003, 0.002
2026-04-04T04:42:20Z, azel, 136.280, 6.397, 0.003, 0.002
2026-04-04T04:42:25Z, azel, 136.295, 6.408, 0.003, 0.002
2026-04-04T04:42:30Z, azel, 136.310, 6.418, 0.003, 0.002
2026-04-04T04:42:35Z, azel, 136.326, 6.429, 0.003, 0.002
2026-04-04T04:42:40Z, azel, 136.341, 6.439, 0.003, 0.002
2026-04-04T04:42:45Z, azel, 136.356, 6.450, 0.003, 0.002
2026-04-04T04:42:50Z, azel, 136.372, 6.460, 0.003, 0.002
2026-04-04T04:42:55Z, azel, 136.387, 6.471, 0.003, 0.002
2026-04-04T04:43:00Z, azel, 136.403, 6.481, 0.003, 0.002
2026-04-04T04:43:05Z, azel, 136.418, 6.491, 0.003, 0.002
2026-04-04T04:43:10Z, azel, 136.433, 6.502, 0.003, 0.002
2026-04-04T04:43:15Z, azel, 136.449, 6.512, 0.003, 0.002
2026-04-04T04:43:20Z, azel, 136.464, 6.523, 0.003, 0.002
2026-04-04T04:43:25Z, azel, 136.480, 6.533, 0.003, 0.002
2026-04-04T04:43:30Z, azel, 136.495, 6.544, 0.003, 0.002
2026-04-04T04:43:35Z, azel, 136.510, 6.554, 0.003, 0.002
2026-04-04T04:43:40Z, azel, 136.526, 6.564, 0.003, 0.002
2026-04-04T04:43:45Z, azel, 136.541, 6.575, 0.003, 0.002
2026-04-04T04:43:50Z, azel, 136.557, 6.585, 0.003, 0.002
2026-04-04T04:43:55Z, azel, 136.572, 6.596, 0.003, 0.002
2026-04-04T04:44:00Z, azel, 136.587, 6.606, 0.003, 0.002
2026-04-04T04:44:05Z, azel, 136.603, 6.616, 0.003, 0.002
2026-04-04T04:44:10Z, azel, 136.618, 6.627, 0.003, 0.002
2026-04-04T04:44:15Z, azel, 136.634, 6.637, 0.003, 0.002
2026-04-04T04:44:20Z, azel, 136.649, 6.648, 0.003, 0.002
2026-04-04T04:44:25Z, azel, 136.665, 6.658, 0.003, 0.002
2026-04-04T04:44:30Z, azel, 136.680, 6.668, 0.003, 0.002
2026-04-04T04:44:35Z, azel, 136.695, 6.679, 0.003, 0.002
2026-04-04T04:44:40Z, azel, 136.711, 6.689, 0.003, 0.002
2026-04-04T04:44:45Z, azel, 136.726, 6.700, 0.003, 0.002
2026-04-04T04:44:50Z, azel, 136.742, 6.710, 0.003, 0.002
2026-04-04T04:44:55Z, azel, 136.757, 6.720, 0.003, 0.002
2026-04-04T04:45:00Z, azel, 136.773, 6.731, 0.003, 0.002
2026-04-04T04:45:05Z, azel, 136.788, 6.741, 0.003, 0.002
2026-04-04T04:45:10Z, azel, 136.804, 6.751, 0.003, 0.002
2026-04-04T04:45:15Z, azel, 136.819, 6.762, 0.003, 0.002
2026-04-04T04:45:20Z, azel, 136.835, 6.772, 0.003, 0.002
2026-04-04T04:45:25Z, azel, 136.850, 6.783, 0.003, 0.002
2026-04-04T04:45:30Z, azel, 136.865, 6.793, 0.003, 0.002
2026-04-04T04:45:35Z, azel, 136.881, 6.803, 0.003, 0.002
2026-04-04T04:45:40Z, azel, 136.896, 6.814, 0.003, 0.002
2026-04-04T04:45:45Z, azel, 136.912, 6.824, 0.003, 0.002
2026-04-04T04:45:50Z, azel, 136.927, 6.834, 0.003, 0.002
2026-04-04T04:45:55Z, azel, 136.943, 6.845, 0.003, 0.002
2026-04-04T04:46:00Z, azel, 136.958, 6.855, 0.003, 0.002
2026-04-04T04:46:05Z, azel, 136.974, 6.865, 0.003, 0.002
2026-04-04T04:46:10Z, azel, 136.989, 6.876, 0.003, 0.002
2026-04-04T04:46:15Z, azel, 137.005, 6.886, 0.003, 0.002
2026-04-04T04:46:20Z, azel, 137.020, 6.896, 0.003, 0.002
2026-04-04T04:46:25Z, azel, 137.036, 6.907, 0.003, 0.002
2026-04-04T04:46:30Z, azel, 137.051, 6.917, 0.003, 0.002
2026-04-04T04:46:35Z, azel, 137.067, 6.927, 0.003, 0.002
2026-04-04T04:46:40Z, azel, 137.082, 6.937, 0.003, 0.002
2026-04-04T04:46:45Z, azel, 137.098, 6.948, 0.003, 0.002
2026-04-04T04:46:50Z, azel, 137.113, 6.958, 0.003, 0.002
2026-04-04T04:46:55Z, azel, 137.129, 6.968, 0.003, 0.002
2026-04-04T04:47:00Z, azel, 137.144, 6.979, 0.003, 0.002
2026-04-04T04:47:05Z, azel, 137.160, 6.989, 0.003, 0.002
2026-04-04T04:47:10Z, azel, 137.175, 6.999, 0.003, 0.002
2026-04-04T04:47:15Z, azel, 137.191, 7.010, 0.003, 0.002
2026-04-04T04:47:20Z, azel, 137.206, 7.020, 0.003, 0.002
2026-04-04T04:47:25Z, azel, 137.222, 7.030, 0.003, 0.002
2026-04-04T04:47:30Z, azel, 137.237, 7.040, 0.003, 0.002
2026-04-04T04:47:35Z, azel, 137.253, 7.051, 0.003, 0.002
2026-04-04T04:47:40Z, azel, 137.268, 7.061, 0.003, 0.002
2026-04-04T04:47:45Z, azel, 137.284, 7.071, 0.003, 0.002
2026-04-04T04:47:50Z, azel, 137.299, 7.082, 0.003, 0.002
2026-04-04T04:47:55Z, azel, 137.315, 7.092, 0.003, 0.002
2026-04-04T04:48:00Z, azel, 137.330, 7.102, 0.003, 0.002
2026-04-04T04:48:05Z, azel, 137.346, 7.112, 0.003, 0.002
2026-04-04T04:48:10Z, azel, 137.362, 7.123, 0.003, 0.002
2026-04-04T04:48:15Z, azel, 137.377, 7.133, 0.003, 0.002
2026-04-04T04:48:20Z, azel, 137.393, 7.143, 0.003, 0.002
2026-04-04T04:48:25Z, azel, 137.408, 7.153, 0.003, 0.002
2026-04-04T04:48:30Z, azel, 137.424, 7.164, 0.003, 0.002
2026-04-04T04:48:35Z, azel, 137.439, 7.174, 0.003, 0.002
2026-04-04T04:48:40Z, azel, 137.455, 7.184, 0.003, 0.002
2026-04-04T04:48:45Z, azel, 137.470, 7.194, 0.003, 0.002
2026-04-04T04:48:50Z, azel, 137.486, 7.205, 0.003, 0.002
2026-04-04T04:48:55Z, azel, 137.502, 7.215, 0.003, 0.002
2026-04-04T04:49:00Z, azel, 137.517, 7.225, 0.003, 0.002
2026-04-04T04:49:05Z, azel, 137.533, 7.235, 0.003, 0.002
2026-04-04T04:49:10Z, azel, 137.548, 7.245, 0.003, 0.002
2026-04-04T04:49:15Z, azel, 137.564, 7.256, 0.003, 0.002
2026-04-04T04:49:20Z, azel, 137.579, 7.266, 0.003, 0.002
2026-04-04T04:49:25Z, azel, 137.595, 7.276, 0.003, 0.002
2026-04-04T04:49:30Z, azel, 137.611, 7.286, 0.003, 0.002
2026-04-04T04:49:35Z, azel, 137.626, 7.297, 0.003, 0.002
2026-04-04T04:49:40Z, azel, 137.642, 7.307, 0.003, 0.002
2026-04-04T04:49:45Z, azel, 137.657, 7.317, 0.003, 0.002
2026-04-04T04:49:50Z, azel, 137.673, 7.327, 0.003, 0.002
2026-04-04T04:49:55Z, azel, 137.688, 7.337, 0.003, 0.002
2026-04-04T04:50:00Z, azel, 137.704, 7.348, 0.003, 0.002
2026-04-04T04:50:05Z, azel, 137.720, 7.358, 0.003, 0.002
2026-04-04T04:50:10Z, azel, 137.735, 7.368, 0.003, 0.002
2026-04-04T04:50:15Z, azel, 137.751, 7.378, 0.003, 0.002
2026-04-04T04:50:20Z, azel, 137.766, 7.388, 0.003, 0.002
2026-04-04T04:50:25Z, azel, 137.782, 7.398, 0.003, 0.002
2026-04-04T04:50:30Z, azel, 137.798, 7.409, 0.003, 0.002
2026-04-04T04:50:35Z, azel, 137.813, 7.419, 0.003, 0.002
2026-04-04T04:50:40Z, azel, 137.829, 7.429, 0.003, 0.002
2026-04-04T04:50:45Z, azel, 137.845, 7.439, 0.003, 0.002
2026-04-04T04:50:50Z, azel, 137.860, 7.449, 0.003, 0.002
2026-04-04T04:50:55Z, azel, 137.876, 7.459, 0.003, 0.002
2026-04-04T04:51:00Z, azel, 137.891, 7.470, 0.003, 0.002
2026-04-04T04:51:05Z, azel, 137.907, 7.480, 0.003, 0.002
2026-04-04T04:51:10Z, azel, 137.923, 7.490, 0.003, 0.002
2026-04-04T04:51:15Z, azel, 137.938, 7.500, 0.003, 0.002
2026-04-04T04:51:20Z, azel, 137.954, 7.510, 0.003, 0.002
2026-04-04T04:51:25Z, azel, 137.970, 7.520, 0.003, 0.002
2026-04-04T04:51:30Z, azel, 137.985, 7.531, 0.003, 0.002
2026-04-04T04:51:35Z, azel, 138.001, 7.541, 0.003, 0.002
2026-04-04T04:51:40Z, azel, 138.016, 7.551, 0.003, 0.002
2026-04-04T04:51:45Z, azel, 138.032, 7.561, 0.003, 0.002
2026-04-04T04:51:50Z, azel, 138.048, 7.571, 0.003, 0.002
2026-04-04T04:51:55Z, azel, 138.063, 7.581, 0.003, 0.002
2026-04-04T04:52:00Z, azel, 138.079, 7.591, 0.003, 0.002
2026-04-04T04:52:05Z, azel, 138.095, 7.601, 0.003, 0.002
2026-04-04T04:52:10Z, azel, 138.110, 7.612, 0.003, 0.002
2026-04-04T04:52:15Z, azel, 138.126, 7.622, 0.003, 0.002
2026-04-04T04:52:20Z, azel, 138.142, 7.632, 0.003, 0.002
2026-04-04T04:52:25Z, azel, 138.157, 7.642, 0.003, 0.002
2026-04-04T04:52:30Z, azel, 138.173, 7.652, 0.003, 0.002
2026-04-04T04:52:35Z, azel, 138.189, 7.662, 0.003, 0.002
2026-04-04T04:52:40Z, azel, 138.204, 7.672, 0.003, 0.002
2026-04-04T04:52:45Z, azel, 138.220, 7.682, 0.003, 0.002
2026-04-04T04:52:50Z, azel, 138.236, 7.692, 0.003, 0.002
2026-04-04T04:52:55Z, azel, 138.251, 7.702, 0.003, 0.002
2026-04-04T04:53:00Z, azel, 138.267, 7.712, 0.003, 0.002
2026-04-04T04:53:05Z, azel, 138.283, 7.723, 0.003, 0.002
2026-04-04T04:53:10Z, azel, 138.299, 7.733, 0.003, 0.002
2026-04-04T04:53:15Z, azel, 138.314, 7.743, 0.003, 0.002
2026-04-04T04:53:20Z, azel, 138.330, 7.753, 0.003, 0.002
2026-04-04T04:53:25Z, azel, 138.346, 7.763, 0.003, 0.002
2026-04-04T04:53:30Z, azel, 138.361, 7.773, 0.003, 0.002
2026-04-04T04:53:35Z, azel, 138.377, 7.783, 0.003, 0.002
2026-04-04T04:53:40Z, azel, 138.393, 7.793, 0.003, 0.002
2026-04-04T04:53:45Z, azel, 138.408, 7.803, 0.003, 0.002
2026-04-04T04:53:50Z, azel, 138.424, 7.813, 0.003, 0.002
2026-04-04T04:53:55Z, azel, 138.440, 7.823, 0.003, 0.002
2026-04-04T04:54:00Z, azel, 138.456, 7.833, 0.003, 0.002
2026-04-04T04:54:05Z, azel, 138.471, 7.843, 0.003, 0.002
2026-04-04T04:54:10Z, azel, 138.487, 7.853, 0.003, 0.002
2026-04-04T04:54:15Z, azel, 138.503, 7.863, 0.003, 0.002
2026-04-04T04:54:20Z, azel, 138.518, 7.873, 0.003, 0.002
2026-04-04T04:54:25Z, azel, 138.534, 7.883, 0.003, 0.002
2026-04-04T04:54:30Z, azel, 138.550, 7.893, 0.003, 0.002
2026-04-04T04:54:35Z, azel, 138.566, 7.903, 0.003, 0.002
2026-04-04T04:54:40Z, azel, 138.581, 7.914, 0.003, 0.002
2026-04-04T04:54:45Z, azel, 138.597, 7.924, 0.003, 0.002
2026-04-04T04:54:50Z, azel, 138.613, 7.934, 0.003, 0.002
2026-04-04T04:54:55Z, azel, 138.629, 7.944, 0.003, 0.002
2026-04-04T04:55:00Z, azel, 138.644, 7.954, 0.003, 0.002
2026-04-04T04:55:05Z, azel, 138.660, 7.964, 0.003, 0.002
2026-04-04T04:55:10Z, azel, 138.676, 7.974, 0.003, 0.002
2026-04-04T04:55:15Z, azel, 138.692, 7.984, 0.003, 0.002
2026-04-04T04:55:20Z, azel, 138.707, 7.994, 0.003, 0.002
2026-04-04T04:55:25Z, azel, 138.723, 8.004, 0.003, 0.002
2026-04-04T04:55:30Z, azel, 138.739, 8.014, 0.003, 0.002
2026-04-04T04:55:35Z, azel, 138.755, 8.024, 0.003, 0.002
2026-04-04T04:55:40Z, azel, 138.770, 8.034, 0.003, 0.002
2026-04-04T04:55:45Z, azel, 138.786, 8.044, 0.003, 0.002
2026-04-04T04:55:50Z, azel, 138.802, 8.054, 0.003, 0.002
2026-04-04T04:55:55Z, azel, 138.818, 8.063, 0.003, 0.002
2026-04-04T04:56:00Z, azel, 138.833, 8.073, 0.003, 0.002
2026-04-04T04:56:05Z, azel, 138.849, 8.083, 0.003, 0.002
2026-04-04T04:56:10Z, azel, 138.865, 8.093, 0.003, 0.002
2026-04-04T04:56:15Z, azel, 138.881, 8.103, 0.003, 0.002
2026-04-04T04:56:20Z, azel, 138.897, 8.113, 0.003, 0.002
2026-04-04T04:56:25Z, azel, 138.912, 8.123, 0.003, 0.002
2026-04-04T04:56:30Z, azel, 138.928, 8.133, 0.003, 0.002
2026-04-04T04:56:35Z, azel, 138.944, 8.143, 0.003, 0.002
2026-04-04T04:56:40Z, azel, 138.960, 8.153, 0.003, 0.002
2026-04-04T04:56:45Z, azel, 138.975, 8.163, 0.003, 0.002
2026-04-04T04:56:50Z, azel, 138.991, 8.173, 0.003, 0.002
2026-04-04T04:56:55Z, azel, 139.007, 8.183, 0.003, 0.002
2026-04-04T04:57:00Z, azel, 139.023, 8.193, 0.003, 0.002
2026-04-04T04:57:05Z, azel, 139.039, 8.203, 0.003, 0.002
2026-04-04T04:57:10Z, azel, 139.055, 8.213, 0.003, 0.002
2026-04-04T04:57:15Z, azel, 139.070, 8.223, 0.003, 0.002
2026-04-04T04:57:20Z, azel, 139.086, 8.233, 0.003, 0.002
2026-04-04T04:57:25Z, azel, 139.102, 8.243, 0.003, 0.002
2026-04-04T04:57:30Z, azel, 139.118, 8.252, 0.003, 0.002
2026-04-04T04:57:35Z, azel, 139.134, 8.262, 0.003, 0.002
2026-04-04T04:57:40Z, azel, 139.149, 8.272, 0.003, 0.002
2026-04-04T04:57:45Z, azel, 139.165, 8.282, 0.003, 0.002
2026-04-04T04:57:50Z, azel, 139.181, 8.292, 0.003, 0.002
2026-04-04T04:57:55Z, azel, 139.197, 8.302, 0.003, 0.002
2026-04-04T04:58:00Z, azel, 139.213, 8.312, 0.003, 0.002
2026-04-04T04:58:05Z, azel, 139.229, 8.322, 0.003, 0.002
2026-04-04T04:58:10Z, azel, 139.244, 8.332, 0.003, 0.002
2026-04-04T04:58:15Z, azel, 139.260, 8.342, 0.003, 0.002
2026-04-04T04:58:20Z, azel, 139.276, 8.351, 0.003, 0.002
2026-04-04T04:58:25Z, azel, 139.292, 8.361, 0.003, 0.002
2026-04-04T04:58:30Z, azel, 139.308, 8.371, 0.003, 0.002
2026-04-04T04:58:35Z, azel, 139.324, 8.381, 0.003, 0.002
2026-04-04T04:58:40Z, azel, 139.339, 8.391, 0.003, 0.002
2026-04-04T04:58:45Z, azel, 139.355, 8.401, 0.003, 0.002
2026-04-04T04:58:50Z, azel, 139.371, 8.411, 0.003, 0.002
2026-04-04T04:58:55Z, azel, 139.387, 8.421, 0.003, 0.002
2026-04-04T04:59:00Z, azel, 139.403, 8.430, 0.003, 0.002
2026-04-04T04:59:05Z, azel, 139.419, 8.440, 0.003, 0.002
2026-04-04T04:59:10Z, azel, 139.435, 8.450, 0.003, 0.002
2026-04-04T04:59:15Z, azel, 139.451, 8.460, 0.003, 0.002
2026-04-04T04:59:20Z, azel, 139.466, 8.470, 0.003, 0.002
2026-04-04T04:59:25Z, azel, 139.482, 8.480, 0.003, 0.002
2026-04-04T04:59:30Z, azel, 139.498, 8.490, 0.003, 0.002
2026-04-04T04:59:35Z, azel, 139.514, 8.499, 0.003, 0.002
2026-04-04T04:59:40Z, azel, 139.530, 8.509, 0.003, 0.002
2026-04-04T04:59:45Z, azel, 139.546, 8.519, 0.003, 0.002
2026-04-04T04:59:50Z, azel, 139.562, 8.529, 0.003, 0.002
2026-04-04T04:59:55Z, azel, 139.578, 8.539, 0.003, 0.002
2026-04-04T05:00:00Z, azel, 139.593, 8.549, 0.003, 0.002
2026-04-04T05:00:05Z, azel, 139.609, 8.558, 0.003, 0.002
2026-04-04T05:00:10Z, azel, 139.625, 8.568, 0.003, 0.002
2026-04-04T05:00:15Z, azel, 139.641, 8.578, 0.003, 0.002
2026-04-04T05:00:20Z, azel, 139.657, 8.588, 0.003, 0.002
2026-04-04T05:00:25Z, azel, 139.673, 8.598, 0.003, 0.002
2026-04-04T05:00:30Z, azel, 139.689, 8.607, 0.003, 0.002
2026-04-04T05:00:35Z, azel, 139.705, 8.617, 0.003, 0.002
2026-04-04T05:00:40Z, azel, 139.721, 8.627, 0.003, 0.002
2026-04-04T05:00:45Z, azel, 139.737, 8.637, 0.003, 0.002
2026-04-04T05:00:50Z, azel, 139.753, 8.647, 0.003, 0.002
2026-04-04T05:00:55Z, azel, 139.768, 8.656, 0.003, 0.002
2026-04-04T05:01:00Z, azel, 139.784, 8.666, 0.003, 0.002
2026-04-04T05:01:05Z, azel, 139.800, 8.676, 0.003, 0.002
2026-04-04T05:01:10Z, azel, 139.816, 8.686, 0.003, 0.002
2026-04-04T05:01:15Z, azel, 139.832, 8.695, 0.003, 0.002
2026-04-04T05:01:20Z, azel, 139.848, 8.705, 0.003, 0.002
2026-04-04T05:01:25Z, azel, 139.864, 8.715, 0.003, 0.002
2026-04-04T05:01:30Z, azel, 139.880, 8.725, 0.003, 0.002
2026-04-04T05:01:35Z, azel, 139.896, 8.735, 0.003, 0.002
2026-04-04T05:01:40Z, azel, 139.912, 8.744, 0.003, 0.002
2026-04-04T05:01:45Z, azel, 139.928, 8.754, 0.003, 0.002
2026-04-04T05:01:50Z, azel, 139.944, 8.764, 0.003, 0.002
2026-04-04T05:01:55Z, azel, 139.960, 8.774, 0.003, 0.002
2026-04-04T05:02:00Z, azel, 139.976, 8.783, 0.003, 0.002
2026-04-04T05:02:05Z, azel, 139.992, 8.793, 0.003, 0.002
2026-04-04T05:02:10Z, azel, 140.008, 8.803, 0.003, 0.002
2026-04-04T05:02:15Z, azel, 140.024, 8.813, 0.003, 0.002
2026-04-04T05:02:20Z, azel, 140.040, 8.822, 0.003, 0.002
2026-04-04T05:02:25Z, azel, 140.055, 8.832, 0.003, 0.002
2026-04-04T05:02:30Z, azel, 140.071, 8.842, 0.003, 0.002
2026-04-04T05:02:35Z, azel, 140.087, 8.851, 0.003, 0.002
2026-04-04T05:02:40Z, azel, 140.103, 8.861, 0.003, 0.002
2026-04-04T05:02:45Z, azel, 140.119, 8.871, 0.003, 0.002
2026-04-04T05:02:50Z, azel, 140.135, 8.881, 0.003, 0.002
2026-04-04T05:02:55Z, azel, 140.151, 8.890, 0.003, 0.002
2026-04-04T05:03:00Z, azel, 140.167, 8.900, 0.003, 0.002
2026-04-04T05:03:05Z, azel, 140.183, 8.910, 0.003, 0.002
2026-04-04T05:03:10Z, azel, 140.199, 8.919, 0.003, 0.002
2026-04-04T05:03:15Z, azel, 140.215, 8.929, 0.003, 0.002
2026-04-04T05:03:20Z, azel, 140.231, 8.939, 0.003, 0.002
2026-04-04T05:03:25Z, azel, 140.247, 8.949, 0.003, 0.002
2026-04-04T05:03:30Z, azel, 140.263, 8.958, 0.003, 0.002
2026-04-04T05:03:35Z, azel, 140.279, 8.968, 0.003, 0.002
2026-04-04T05:03:40Z, azel, 140.295, 8.978, 0.003, 0.002
2026-04-04T05:03:45Z, azel, 140.311, 8.987, 0.003, 0.002
2026-04-04T05:03:50Z, azel, 140.327, 8.997, 0.003, 0.002
2026-04-04T05:03:55Z, azel, 140.343, 9.007, 0.003, 0.002
2026-04-04T05:04:00Z, azel, 140.359, 9.016, 0.003, 0.002
2026-04-04T05:04:05Z, azel, 140.375, 9.026, 0.003, 0.002
2026-04-04T05:04:10Z, azel, 140.391, 9.036, 0.003, 0.002
2026-04-04T05:04:15Z, azel, 140.407, 9.045, 0.003, 0.002
2026-04-04T05:04:20Z, azel, 140.423, 9.055, 0.003, 0.002
2026-04-04T05:04:25Z, azel, 140.439, 9.065, 0.003, 0.002
2026-04-04T05:04:30Z, azel, 140.455, 9.074, 0.003, 0.002
2026-04-04T05:04:35Z, azel, 140.471, 9.084, 0.003, 0.002
2026-04-04T05:04:40Z, azel, 140.488, 9.094, 0.003, 0.002
2026-04-04T05:04:45Z, azel, 140.504, 9.103, 0.003, 0.002
2026-04-04T05:04:50Z, azel, 140.520, 9.113, 0.003, 0.002
2026-04-04T05:04:55Z, azel, 140.536, 9.122, 0.003, 0.002
2026-04-04T05:05:00Z, azel, 140.552, 9.132, 0.003, 0.002
2026-04-04T05:05:05Z, azel, 140.568, 9.142, 0.003, 0.002
2026-04-04T05:05:10Z, azel, 140.584, 9.151, 0.003, 0.002
2026-04-04T05:05:15Z, azel, 140.600, 9.161, 0.003, 0.002
2026-04-04T05:05:20Z, azel, 140.616, 9.171, 0.003, 0.002
2026-04-04T05:05:25Z, azel, 140.632, 9.180, 0.003, 0.002
2026-04-04T05:05:30Z, azel, 140.648, 9.190, 0.003, 0.002
2026-04-04T05:05:35Z, azel, 140.664, 9.199, 0.003, 0.002
2026-04-04T05:05:40Z, azel, 140.680, 9.209, 0.003, 0.002
2026-04-04T05:05:45Z, azel, 140.696, 9.219, 0.003, 0.002
2026-04-04T05:05:50Z, azel, 140.712, 9.228, 0.003, 0.002
2026-04-04T05:05:55Z, azel, 140.728, 9.238, 0.003, 0.002
2026-04-04T05:06:00Z, azel, 140.744, 9.247, 0.003, 0.002
2026-04-04T05:06:05Z, azel, 140.760, 9.257, 0.003, 0.002
2026-04-04T05:06:10Z, azel, 140.777, 9.267, 0.003, 0.002
2026-04-04T05:06:15Z, azel, 140.793, 9.276, 0.003, 0.002
2026-04-04T05:06:20Z, azel, 140.809, 9.286, 0.003, 0.002
2026-04-04T05:06:25Z, azel, 140.825, 9.295, 0.003, 0.002
2026-04-04T05:06:30Z, azel, 140.841, 9.305, 0.003, 0.002
2026-04-04T05:06:35Z, azel, 140.857, 9.314, 0.003, 0.002
2026-04-04T05:06:40Z, azel, 140.873, 9.324, 0.003, 0.002
2026-04-04T05:06:45Z, azel, 140.889, 9.334, 0.003, 0.002
2026-04-04T05:06:50Z, azel, 140.905, 9.343, 0.003, 0.002
2026-04-04T05:06:55Z, azel, 140.921, 9.353, 0.003, 0.002
2026-04-04T05:07:00Z, azel, 140.938, 9.362, 0.003, 0.002
2026-04-04T05:07:05Z, azel, 140.954, 9.372, 0.003, 0.002
2026-04-04T05:07:10Z, azel, 140.970, 9.381, 0.003, 0.002
2026-04-04T05:07:15Z, azel, 140.986, 9.391, 0.003, 0.002
2026-04-04T05:07:20Z, azel, 141.002, 9.400, 0.003, 0.002
2026-04-04T05:07:25Z, azel, 141.018, 9.410, 0.003, 0.002
2026-04-04T05:07:30Z, azel, 141.034, 9.419, 0.003, 0.002
2026-04-04T05:07:35Z, azel, 141.050, 9.429, 0.003, 0.002
2026-04-04T05:07:40Z, azel, 141.066, 9.439, 0.003, 0.002
2026-04-04T05:07:45Z, azel, 141.083, 9.448, 0.003, 0.002
2026-04-04T05:07:50Z, azel, 141.099, 9.458, 0.003, 0.002
2026-04-04T05:07:55Z, azel, 141.115, 9.467, 0.003, 0.002
2026-04-04T05:08:00Z, azel, 141.131, 9.477, 0.003, 0.002
2026-04-04T05:08:05Z, azel, 141.147, 9.486, 0.003, 0.002
2026-04-04T05:08:10Z, azel, 141.163, 9.496, 0.003, 0.002
2026-04-04T05:08:15Z, azel, 141.179, 9.505, 0.003, 0.002
2026-04-04T05:08:20Z, azel, 141.196, 9.515, 0.003, 0.002
2026-04-04T05:08:25Z, azel, 141.212, 9.524, 0.003, 0.002
2026-04-04T05:08:30Z, azel, 141.228, 9.534, 0.003, 0.002
2026-04-04T05:08:35Z, azel, 141.244, 9.543, 0.003, 0.002
2026-04-04T05:08:40Z, azel, 141.260, 9.553, 0.003, 0.002
2026-04-04T05:08:45Z, azel, 141.276, 9.562, 0.003, 0.002
2026-04-04T05:08:50Z, azel, 141.292, 9.572, 0.003, 0.002
2026-04-04T05:08:55Z, azel, 141.309, 9.581, 0.003, 0.002
2026-04-04T05:09:00Z, azel, 141.325, 9.591, 0.003, 0.002
2026-04-04T05:09:05Z, azel, 141.341, 9.600, 0.003, 0.002
2026-04-04T05:09:10Z, azel, 141.357, 9.609, 0.003, 0.002
2026-04-04T05:09:15Z, azel, 141.373, 9.619, 0.003, 0.002
2026-04-04T05:09:20Z, azel, 141.389, 9.628, 0.003, 0.002
2026-04-04T05:09:25Z, azel, 141.406, 9.638, 0.003, 0.002
2026-04-04T05:09:30Z, azel, 141.422, 9.647, 0.003, 0.002
2026-04-04T05:09:35Z, azel, 141.438, 9.657, 0.003, 0.002
2026-04-04T05:09:40Z, azel, 141.454, 9.666, 0.003, 0.002
2026-04-04T05:09:45Z, azel, 141.470, 9.676, 0.003, 0.002
2026-04-04T05:09:50Z, azel, 141.487, 9.685, 0.003, 0.002
2026-04-04T05:09:55Z, azel, 141.503, 9.695, 0.003, 0.002
2026-04-04T05:10:00Z, azel, 141.519, 9.704, 0.003, 0.002
2026-04-04T05:10:05Z, azel, 141.535, 9.713, 0.003, 0.002
2026-04-04T05:10:10Z, azel, 141.551, 9.723, 0.003, 0.002
2026-04-04T05:10:15Z, azel, 141.568, 9.732, 0.003, 0.002
2026-04-04T05:10:20Z, azel, 141.584, 9.742, 0.003, 0.002
2026-04-04T05:10:25Z, azel, 141.600, 9.751, 0.003, 0.002
2026-04-04T05:10:30Z, azel, 141.616, 9.760, 0.003, 0.002
2026-04-04T05:10:35Z, azel, 141.632, 9.770, 0.003, 0.002
2026-04-04T05:10:40Z, azel, 141.649, 9.779, 0.003, 0.002
2026-04-04T05:10:45Z, azel, 141.665, 9.789, 0.003, 0.002
2026-04-04T05:10:50Z, azel, 141.681, 9.798, 0.003, 0.002
2026-04-04T05:10:55Z, azel, 141.697, 9.808, 0.003, 0.002
2026-04-04T05:11:00Z, azel, 141.714, 9.817, 0.003, 0.002
2026-04-04T05:11:05Z, azel, 141.730, 9.826, 0.003, 0.002
2026-04-04T05:11:10Z, azel, 141.746, 9.836, 0.003, 0.002
2026-04-04T05:11:15Z, azel, 141.762, 9.845, 0.003, 0.002
2026-04-04T05:11:20Z, azel, 141.778, 9.854, 0.003, 0.002
2026-04-04T05:11:25Z, azel, 141.795, 9.864, 0.003, 0.002
2026-04-04T05:11:30Z, azel, 141.811, 9.873, 0.003, 0.002
2026-04-04T05:11:35Z, azel, 141.827, 9.883, 0.003, 0.002
2026-04-04T05:11:40Z, azel, 141.843, 9.892, 0.003, 0.002
2026-04-04T05:11:45Z, azel, 141.860, 9.901, 0.003, 0.002
2026-04-04T05:11:50Z, azel, 141.876, 9.911, 0.003, 0.002
2026-04-04T05:11:55Z, azel, 141.892, 9.920, 0.003, 0.002
2026-04-04T05:12:00Z, azel, 141.908, 9.929, 0.003, 0.002
2026-04-04T05:12:05Z, azel, 141.925, 9.939, 0.003, 0.002
2026-04-04T05:12:10Z, azel, 141.941, 9.948, 0.003, 0.002
2026-04-04T05:12:15Z, azel, 141.957, 9.957, 0.003, 0.002
2026-04-04T05:12:20Z, azel, 141.974, 9.967, 0.003, 0.002
2026-04-04T05:12:25Z, azel, 141.990, 9.976, 0.003, 0.002
2026-04-04T05:12:30Z, azel, 142.006, 9.985, 0.003, 0.002
2026-04-04T05:12:35Z, azel, 142.022, 9.995, 0.003, 0.002
2026-04-04T05:12:40Z, azel, 142.039, 10.004, 0.003, 0.002
2026-04-04T05:12:45Z, azel, 142.055, 10.013, 0.003, 0.002
2026-04-04T05:12:50Z, azel, 142.071, 10.023, 0.003, 0.002
2026-04-04T05:12:55Z, azel, 142.087, 10.032, 0.003, 0.002
2026-04-04T05:13:00Z, azel, 142.104, 10.041, 0.003, 0.002
2026-04-04T05:13:05Z, azel, 142.120, 10.051, 0.003, 0.002
2026-04-04T05:13:10Z, azel, 142.136, 10.060, 0.003, 0.002
2026-04-04T05:13:15Z, azel, 142.153, 10.069, 0.003, 0.002
2026-04-04T05:13:20Z, azel, 142.169, 10.079, 0.003, 0.002
2026-04-04T05:13:25Z, azel, 142.185, 10.088, 0.003, 0.002
2026-04-04T05:13:30Z, azel, 142.202, 10.097, 0.003, 0.002
2026-04-04T05:13:35Z, azel, 142.218, 10.106, 0.003, 0.002
2026-04-04T05:13:40Z, azel, 142.234, 10.116, 0.003, 0.002
2026-04-04T05:13:45Z, azel, 142.250, 10.125, 0.003, 0.002
2026-04-04T05:13:50Z, azel, 142.267, 10.134, 0.003, 0.002
2026-04-04T05:13:55Z, azel, 142.283, 10.144, 0.003, 0.002
2026-04-04T05:14:00Z, azel, 142.299, 10.153, 0.003, 0.002
2026-04-04T05:14:05Z, azel, 142.316, 10.162, 0.003, 0.002
2026-04-04T05:14:10Z, azel, 142.332, 10.171, 0.003, 0.002
2026-04-04T05:14:15Z, azel, 142.348, 10.181, 0.003, 0.002
2026-04-04T05:14:20Z, azel, 142.365, 10.190, 0.003, 0.002
2026-04-04T05:14:25Z, azel, 142.381, 10.199, 0.003, 0.002
2026-04-04T05:14:30Z, azel, 142.397, 10.208, 0.003, 0.002
2026-04-04T05:14:35Z, azel, 142.414, 10.218, 0.003, 0.002
2026-04-04T05:14:40Z, azel, 142.430, 10.227, 0.003, 0.002
2026-04-04T05:14:45Z, azel, 142.446, 10.236, 0.003, 0.002
2026-04-04T05:14:50Z, azel, 142.463, 10.245, 0.003, 0.002
2026-04-04T05:14:55Z, azel, 142.479, 10.255, 0.003, 0.002
2026-04-04T05:15:00Z, azel, 142.495, 10.264, 0.003, 0.002
2026-04-04T05:15:05Z, azel, 142.512, 10.273, 0.003, 0.002
2026-04-04T05:15:10Z, azel, 142.528, 10.282, 0.003, 0.002
2026-04-04T05:15:15Z, azel, 142.544, 10.292, 0.003, 0.002
2026-04-04T05:15:20Z, azel, 142.561, 10.301, 0.003, 0.002
2026-04-04T05:15:25Z, azel, 142.577, 10.310, 0.003, 0.002
2026-04-04T05:15:30Z, azel, 142.594, 10.319, 0.003, 0.002
2026-04-04T05:15:35Z, azel, 142.610, 10.328, 0.003, 0.002
2026-04-04T05:15:40Z, azel, 142.626, 10.338, 0.003, 0.002
2026-04-04T05:15:45Z, azel, 142.643, 10.347, 0.003, 0.002
2026-04-04T05:15:50Z, azel, 142.659, 10.356, 0.003, 0.002
2026-04-04T05:15:55Z, azel, 142.675, 10.365, 0.003, 0.002
2026-04-04T05:16:00Z, azel, 142.692, 10.374, 0.003, 0.002
2026-04-04T05:16:05Z, azel, 142.708, 10.384, 0.003, 0.002
2026-04-04T05:16:10Z, azel, 142.725, 10.393, 0.003, 0.002
2026-04-04T05:16:15Z, azel, 142.741, 10.402, 0.003, 0.002
2026-04-04T05:16:20Z, azel, 142.757, 10.411, 0.003, 0.002
2026-04-04T05:16:25Z, azel, 142.774, 10.420, 0.003, 0.002
2026-04-04T05:16:30Z, azel, 142.790, 10.429, 0.003, 0.002
2026-04-04T05:16:35Z, azel, 142.807, 10.439, 0.003, 0.002
2026-04-04T05:16:40Z, azel, 142.823, 10.448, 0.003, 0.002
2026-04-04T05:16:45Z, azel, 142.839, 10.457, 0.003, 0.002
2026-04-04T05:16:50Z, azel, 142.856, 10.466, 0.003, 0.002
2026-04-04T05:16:55Z, azel, 142.872, 10.475, 0.003, 0.002
2026-04-04T05:17:00Z, azel, 142.889, 10.484, 0.003, 0.002
2026-04-04T05:17:05Z, azel, 142.905, 10.494, 0.003, 0.002
2026-04-04T05:17:10Z, azel, 142.921, 10.503, 0.003, 0.002
2026-04-04T05:17:15Z, azel, 142.938, 10.512, 0.003, 0.002
2026-04-04T05:17:20Z, azel, 142.954, 10.521, 0.003, 0.002
2026-04-04T05:17:25Z, azel, 142.971, 10.530, 0.003, 0.002
2026-04-04T05:17:30Z, azel, 142.987, 10.539, 0.003, 0.002
2026-04-04T05:17:35Z, azel, 143.004, 10.548, 0.003, 0.002
2026-04-04T05:17:40Z, azel, 143.020, 10.558, 0.003, 0.002
2026-04-04T05:17:45Z, azel, 143.036, 10.567, 0.003, 0.002
2026-04-04T05:17:50Z, azel, 143.053, 10.576, 0.003, 0.002
2026-04-04T05:17:55Z, azel, 143.069, 10.585, 0.003, 0.002
2026-04-04T05:18:00Z, azel, 143.086, 10.594, 0.003, 0.002
2026-04-04T05:18:05Z, azel, 143.102, 10.603, 0.003, 0.002
2026-04-04T05:18:10Z, azel, 143.119, 10.612, 0.003, 0.002
2026-04-04T05:18:15Z, azel, 143.135, 10.621, 0.003, 0.002
2026-04-04T05:18:20Z, azel, 143.151, 10.630, 0.003, 0.002
2026-04-04T05:18:25Z, azel, 143.168, 10.639, 0.003, 0.002
2026-04-04T05:18:30Z, azel, 143.184, 10.649, 0.003, 0.002
2026-04-04T05:18:35Z, azel, 143.201, 10.658, 0.003, 0.002
2026-04-04T05:18:40Z, azel, 143.217, 10.667, 0.003, 0.002
2026-04-04T05:18:45Z, azel, 143.234, 10.676, 0.003, 0.002
2026-04-04T05:18:50Z, azel, 143.250, 10.685, 0.003, 0.002
2026-04-04T05:18:55Z, azel, 143.267, 10.694, 0.003, 0.002
2026-04-04T05:19:00Z, azel, 143.283, 10.703, 0.003, 0.002
2026-04-04T05:19:05Z, azel, 143.300, 10.712, 0.003, 0.002
2026-04-04T05:19:10Z, azel, 143.316, 10.721, 0.003, 0.002
2026-04-04T05:19:15Z, azel, 143.333, 10.730, 0.003, 0.002
2026-04-04T05:19:20Z, azel, 143.349, 10.739, 0.003, 0.002
2026-04-04T05:19:25Z, azel, 143.366, 10.748, 0.003, 0.002
2026-04-04T05:19:30Z, azel, 143.382, 10.757, 0.003, 0.002
2026-04-04T05:19:35Z, azel, 143.399, 10.766, 0.003, 0.002
2026-04-04T05:19:40Z, azel, 143.415, 10.775, 0.003, 0.002
2026-04-04T05:19:45Z, azel, 143.432, 10.784, 0.003, 0.002
2026-04-04T05:19:50Z, azel, 143.448, 10.794, 0.003, 0.002
2026-04-04T05:19:55Z, azel, 143.465, 10.803, 0.003, 0.002
2026-04-04T05:20:00Z, azel, 143.481, 10.812, 0.003, 0.002
2026-04-04T05:20:05Z, azel, 143.498, 10.821, 0.003, 0.002
2026-04-04T05:20:10Z, azel, 143.514, 10.830, 0.003, 0.002
2026-04-04T05:20:15Z, azel, 143.531, 10.839, 0.003, 0.002
2026-04-04T05:20:20Z, azel, 143.547, 10.848, 0.003, 0.002
2026-04-04T05:20:25Z, azel, 143.564, 10.857, 0.003, 0.002
2026-04-04T05:20:30Z, azel, 143.580, 10.866, 0.003, 0.002
2026-04-04T05:20:35Z, azel, 143.597, 10.875, 0.003, 0.002
2026-04-04T05:20:40Z, azel, 143.613, 10.884, 0.003, 0.002
2026-04-04T05:20:45Z, azel, 143.630, 10.893, 0.003, 0.002
2026-04-04T05:20:50Z, azel, 143.646, 10.902, 0.003, 0.002
2026-04-04T05:20:55Z, azel, 143.663, 10.911, 0.003, 0.002
2026-04-04T05:21:00Z, azel, 143.679, 10.920, 0.003, 0.002
2026-04-04T05:21:05Z, azel, 143.696, 10.929, 0.003, 0.002
2026-04-04T05:21:10Z, azel, 143.712, 10.938, 0.003, 0.002
2026-04-04T05:21:15Z, azel, 143.729, 10.947, 0.003, 0.002
2026-04-04T05:21:20Z, azel, 143.745, 10.956, 0.003, 0.002
2026-04-04T05:21:25Z, azel, 143.762, 10.964, 0.003, 0.002
2026-04-04T05:21:30Z, azel, 143.779, 10.973, 0.003, 0.002
2026-04-04T05:21:35Z, azel, 143.795, 10.982, 0.003, 0.002
2026-04-04T05:21:40Z, azel, 143.812, 10.991, 0.003, 0.002
2026-04-04T05:21:45Z, azel, 143.828, 11.000, 0.003, 0.002
2026-04-04T05:21:50Z, azel, 143.845, 11.009, 0.003, 0.002
2026-04-04T05:21:55Z, azel, 143.861, 11.018, 0.003, 0.002
2026-04-04T05:22:00Z, azel, 143.878, 11.027, 0.003, 0.002
2026-04-04T05:22:05Z, azel, 143.894, 11.036, 0.003, 0.002
2026-04-04T05:22:10Z, azel, 143.911, 11.045, 0.003, 0.002
2026-04-04T05:22:15Z, azel, 143.928, 11.054, 0.003, 0.002
2026-04-04T05:22:20Z, azel, 143.944, 11.063, 0.003, 0.002
2026-04-04T05:22:25Z, azel, 143.961, 11.072, 0.003, 0.002
2026-04-04T05:22:30Z, azel, 143.977, 11.081, 0.003, 0.002
2026-04-04T05:22:35Z, azel, 143.994, 11.090, 0.003, 0.002
2026-04-04T05:22:40Z, azel, 144.010, 11.099, 0.003, 0.002
2026-04-04T05:22:45Z, azel, 144.027, 11.107, 0.003, 0.002
2026-04-04T05:22:50Z, azel, 144.044, 11.116, 0.003, 0.002
2026-04-04T05:22:55Z, azel, 144.060, 11.125, 0.003, 0.002
2026-04-04T05:23:00Z, azel, 144.077, 11.134, 0.003, 0.002
2026-04-04T05:23:05Z, azel, 144.093, 11.143, 0.003, 0.002
2026-04-04T05:23:10Z, azel, 144.110, 11.152, 0.003, 0.002
2026-04-04T05:23:15Z, azel, 144.127, 11.161, 0.003, 0.002
2026-04-04T05:23:20Z, azel, 144.143, 11.170, 0.003, 0.002
2026-04-04T05:23:25Z, azel, 144.160, 11.179, 0.003, 0.002
2026-04-04T05:23:30Z, azel, 144.176, 11.188, 0.003, 0.002
2026-04-04T05:23:35Z, azel, 144.193, 11.196, 0.003, 0.002
2026-04-04T05:23:40Z, azel, 144.210, 11.205, 0.003, 0.002
2026-04-04T05:23:45Z, azel, 144.226, 11.214, 0.003, 0.002
2026-04-04T05:23:50Z, azel, 144.243, 11.223, 0.003, 0.002
2026-04-04T05:23:55Z, azel, 144.260, 11.232, 0.003, 0.002
2026-04-04T05:24:00Z, azel, 144.276, 11.241, 0.003, 0.002
2026-04-04T05:24:05Z, azel, 144.293, 11.250, 0.003, 0.002
2026-04-04T05:24:10Z, azel, 144.309, 11.258, 0.003, 0.002
2026-04-04T05:24:15Z, azel, 144.326, 11.267, 0.003, 0.002
2026-04-04T05:24:20Z, azel, 144.343, 11.276, 0.003, 0.002
2026-04-04T05:24:25Z, azel, 144.359, 11.285, 0.003, 0.002
2026-04-04T05:24:30Z, azel, 144.376, 11.294, 0.003, 0.002
2026-04-04T05:24:35Z, azel, 144.393, 11.303, 0.003, 0.002
2026-04-04T05:24:40Z, azel, 144.409, 11.311, 0.003, 0.002
2026-04-04T05:24:45Z, azel, 144.426, 11.320, 0.003, 0.002
2026-04-04T05:24:50Z, azel, 144.443, 11.329, 0.003, 0.002
2026-04-04T05:24:55Z, azel, 144.459, 11.338, 0.003, 0.002
2026-04-04T05:25:00Z, azel, 144.476, 11.347, 0.003, 0.002
2026-04-04T05:25:05Z, azel, 144.493, 11.356, 0.003, 0.002
2026-04-04T05:25:10Z, azel, 144.509, 11.364, 0.003, 0.002
2026-04-04T05:25:15Z, azel, 144.526, 11.373, 0.003, 0.002
2026-04-04T05:25:20Z, azel, 144.543, 11.382, 0.003, 0.002
2026-04-04T05:25:25Z, azel, 144.559, 11.391, 0.003, 0.002
2026-04-04T05:25:30Z, azel, 144.576, 11.400, 0.003, 0.002
2026-04-04T05:25:35Z, azel, 144.593, 11.408, 0.003, 0.002
2026-04-04T05:25:40Z, azel, 144.609, 11.417, 0.003, 0.002
2026-04-04T05:25:45Z, azel, 144.626, 11.426, 0.003, 0.002
2026-04-04T05:25:50Z, azel, 144.643, 11.435, 0.003, 0.002
2026-04-04T05:25:55Z, azel, 144.659, 11.443, 0.003, 0.002
2026-04-04T05:26:00Z, azel, 144.676, 11.452, 0.003, 0.002
2026-04-04T05:26:05Z, azel, 144.693, 11.461, 0.003, 0.002
2026-04-04T05:26:10Z, azel, 144.709, 11.470, 0.003, 0.002
2026-04-04T05:26:15Z, azel, 144.726, 11.479, 0.003, 0.002
2026-04-04T05:26:20Z, azel, 144.743, 11.487, 0.003, 0.002
2026-04-04T05:26:25Z, azel, 144.759, 11.496, 0.003, 0.002
2026-04-04T05:26:30Z, azel, 144.776, 11.505, 0.003, 0.002
2026-04-04T05:26:35Z, azel, 144.793, 11.514, 0.003, 0.002
2026-04-04T05:26:40Z, azel, 144.810, 11.522, 0.003, 0.002
2026-04-04T05:26:45Z, azel, 144.826, 11.531, 0.003, 0.002
2026-04-04T05:26:50Z, azel, 144.843, 11.540, 0.003, 0.002
2026-04-04T05:26:55Z, azel, 144.860, 11.548, 0.003, 0.002
2026-04-04T05:27:00Z, azel, 144.876, 11.557, 0.003, 0.002
2026-04-04T05:27:05Z, azel, 144.893, 11.566, 0.003, 0.002
2026-04-04T05:27:10Z, azel, 144.910, 11.575, 0.003, 0.002
2026-04-04T05:27:15Z, azel, 144.927, 11.583, 0.003, 0.002
2026-04-04T05:27:20Z, azel, 144.943, 11.592, 0.003, 0.002
2026-04-04T05:27:25Z, azel, 144.960, 11.601, 0.003, 0.002
2026-04-04T05:27:30Z, azel, 144.977, 11.610, 0.003, 0.002
2026-04-04T05:27:35Z, azel, 144.993, 11.618, 0.003, 0.002
2026-04-04T05:27:40Z, azel, 145.010, 11.627, 0.003, 0.002
2026-04-04T05:27:45Z, azel, 145.027, 11.636, 0.003, 0.002
2026-04-04T05:27:50Z, azel, 145.044, 11.644, 0.003, 0.002
2026-04-04T05:27:55Z, azel, 145.060, 11.653, 0.003, 0.002
2026-04-04T05:28:00Z, azel, 145.077, 11.662, 0.003, 0.002
2026-04-04T05:28:05Z, azel, 145.094, 11.670, 0.003, 0.002
2026-04-04T05:28:10Z, azel, 145.111, 11.679, 0.003, 0.002
2026-04-04T05:28:15Z, azel, 145.127, 11.688, 0.003, 0.002
2026-04-04T05:28:20Z, azel, 145.144, 11.696, 0.003, 0.002
2026-04-04T05:28:25Z, azel, 145.161, 11.705, 0.003, 0.002
2026-04-04T05:28:30Z, azel, 145.178, 11.714, 0.003, 0.002
2026-04-04T05:28:35Z, azel, 145.195, 11.722, 0.003, 0.002
2026-04-04T05:28:40Z, azel, 145.211, 11.731, 0.003, 0.002
2026-04-04T05:28:45Z, azel, 145.228, 11.740, 0.003, 0.002
2026-04-04T05:28:50Z, azel, 145.245, 11.748, 0.003, 0.002
2026-04-04T05:28:55Z, azel, 145.262, 11.757, 0.003, 0.002
2026-04-04T05:29:00Z, azel, 145.278, 11.766, 0.003, 0.002
2026-04-04T05:29:05Z, azel, 145.295, 11.774, 0.003, 0.002
2026-04-04T05:29:10Z, azel, 145.312, 11.783, 0.003, 0.002
2026-04-04T05:29:15Z, azel, 145.329, 11.792, 0.003, 0.002
2026-04-04T05:29:20Z, azel, 145.346, 11.800, 0.003, 0.002
2026-04-04T05:29:25Z, azel, 145.362, 11.809, 0.003, 0.002
2026-04-04T05:29:30Z, azel, 145.379, 11.817, 0.003, 0.002
2026-04-04T05:29:35Z, azel, 145.396, 11.826, 0.003, 0.002
2026-04-04T05:29:40Z, azel, 145.413, 11.835, 0.003, 0.002
2026-04-04T05:29:45Z, azel, 145.429, 11.843, 0.003, 0.002
2026-04-04T05:29:50Z, azel, 145.446, 11.852, 0.003, 0.002
2026-04-04T05:29:55Z, azel, 145.463, 11.860, 0.003, 0.002
2026-04-04T05:30:00Z, azel, 145.480, 11.869, 0.003, 0.002
2026-04-04T05:30:05Z, azel, 145.497, 11.878, 0.003, 0.002
2026-04-04T05:30:10Z, azel, 145.514, 11.886, 0.003, 0.002
2026-04-04T05:30:15Z, azel, 145.530, 11.895, 0.003, 0.002
2026-04-04T05:30:20Z, azel, 145.547, 11.903, 0.003, 0.002
2026-04-04T05:30:25Z, azel, 145.564, 11.912, 0.003, 0.002
2026-04-04T05:30:30Z, azel, 145.581, 11.921, 0.003, 0.002
2026-04-04T05:30:35Z, azel, 145.598, 11.929, 0.003, 0.002
2026-04-04T05:30:40Z, azel, 145.614, 11.938, 0.003, 0.002
2026-04-04T05:30:45Z, azel, 145.631, 11.946, 0.003, 0.002
2026-04-04T05:30:50Z, azel, 145.648, 11.955, 0.003, 0.002
2026-04-04T05:30:55Z, azel, 145.665, 11.963, 0.003, 0.002
2026-04-04T05:31:00Z, azel, 145.682, 11.972, 0.003, 0.002
2026-04-04T05:31:05Z, azel, 145.699, 11.980, 0.003, 0.002
2026-04-04T05:31:10Z, azel, 145.716, 11.989, 0.003, 0.002
2026-04-04T05:31:15Z, azel, 145.732, 11.998, 0.003, 0.002
2026-04-04T05:31:20Z, azel, 145.749, 12.006, 0.003, 0.002
2026-04-04T05:31:25Z, azel, 145.766, 12.015, 0.003, 0.002
2026-04-04T05:31:30Z, azel, 145.783, 12.023, 0.003, 0.002
2026-04-04T05:31:35Z, azel, 145.800, 12.032, 0.003, 0.002
2026-04-04T05:31:40Z, azel, 145.817, 12.040, 0.003, 0.002
2026-04-04T05:31:45Z, azel, 145.834, 12.049, 0.003, 0.002
2026-04-04T05:31:50Z, azel, 145.850, 12.057, 0.003, 0.002
2026-04-04T05:31:55Z, azel, 145.867, 12.066, 0.003, 0.002
2026-04-04T05:32:00Z, azel, 145.884, 12.074, 0.003, 0.002
2026-04-04T05:32:05Z, azel, 145.901, 12.083, 0.003, 0.002
2026-04-04T05:32:10Z, azel, 145.918, 12.091, 0.003, 0.002
2026-04-04T05:32:15Z, azel, 145.935, 12.100, 0.003, 0.002
2026-04-04T05:32:20Z, azel, 145.952, 12.108, 0.003, 0.002
2026-04-04T05:32:25Z, azel, 145.969, 12.117, 0.003, 0.002
2026-04-04T05:32:30Z, azel, 145.985, 12.125, 0.003, 0.002
2026-04-04T05:32:35Z, azel, 146.002, 12.134, 0.003, 0.002
2026-04-04T05:32:40Z, azel, 146.019, 12.142, 0.003, 0.002
2026-04-04T05:32:45Z, azel, 146.036, 12.151, 0.003, 0.002
2026-04-04T05:32:50Z, azel, 146.053, 12.159, 0.003, 0.002
2026-04-04T05:32:55Z, azel, 146.070, 12.168, 0.003, 0.002
2026-04-04T05:33:00Z, azel, 146.087, 12.176, 0.003, 0.002
2026-04-04T05:33:05Z, azel, 146.104, 12.185, 0.003, 0.002
2026-04-04T05:33:10Z, azel, 146.121, 12.193, 0.003, 0.002
2026-04-04T05:33:15Z, azel, 146.137, 12.202, 0.003, 0.002
2026-04-04T05:33:20Z, azel, 146.154, 12.210, 0.003, 0.002
2026-04-04T05:33:25Z, azel, 146.171, 12.218, 0.003, 0.002
2026-04-04T05:33:30Z, azel, 146.188, 12.227, 0.003, 0.002
2026-04-04T05:33:35Z, azel, 146.205, 12.235, 0.003, 0.002
2026-04-04T05:33:40Z, azel, 146.222, 12.244, 0.003, 0.002
2026-04-04T05:33:45Z, azel, 146.239, 12.252, 0.003, 0.002
2026-04-04T05:33:50Z, azel, 146.256, 12.261, 0.003, 0.002
2026-04-04T05:33:55Z, azel, 146.273, 12.269, 0.003, 0.002
2026-04-04T05:34:00Z, azel, 146.290, 12.277, 0.003, 0.002
2026-04-04T05:34:05Z, azel, 146.307, 12.286, 0.003, 0.002
2026-04-04T05:34:10Z, azel, 146.324, 12.294, 0.003, 0.002
2026-04-04T05:34:15Z, azel, 146.341, 12.303, 0.003, 0.002
2026-04-04T05:34:20Z, azel, 146.358, 12.311, 0.003, 0.002
2026-04-04T05:34:25Z, azel, 146.374, 12.320, 0.003, 0.002
2026-04-04T05:34:30Z, azel, 146.391, 12.328, 0.003, 0.002
2026-04-04T05:34:35Z, azel, 146.408, 12.336, 0.003, 0.002
2026-04-04T05:34:40Z, azel, 146.425, 12.345, 0.003, 0.002
2026-04-04T05:34:45Z, azel, 146.442, 12.353, 0.003, 0.002
2026-04-04T05:34:50Z, azel, 146.459, 12.361, 0.003, 0.002
2026-04-04T05:34:55Z, azel, 146.476, 12.370, 0.003, 0.002
2026-04-04T05:35:00Z, azel, 146.493, 12.378, 0.003, 0.002
2026-04-04T05:35:05Z, azel, 146.510, 12.387, 0.003, 0.002
2026-04-04T05:35:10Z, azel, 146.527, 12.395, 0.003, 0.002
2026-04-04T05:35:15Z, azel, 146.544, 12.403, 0.003, 0.002
2026-04-04T05:35:20Z, azel, 146.561, 12.412, 0.003, 0.002
2026-04-04T05:35:25Z, azel, 146.578, 12.420, 0.003, 0.002
2026-04-04T05:35:30Z, azel, 146.595, 12.428, 0.003, 0.002
2026-04-04T05:35:35Z, azel, 146.612, 12.437, 0.003, 0.002
2026-04-04T05:35:40Z, azel, 146.629, 12.445, 0.003, 0.002
2026-04-04T05:35:45Z, azel, 146.646, 12.453, 0.003, 0.002
2026-04-04T05:35:50Z, azel, 146.663, 12.462, 0.003, 0.002
2026-04-04T05:35:55Z, azel, 146.680, 12.470, 0.003, 0.002
2026-04-04T05:36:00Z, azel, 146.697, 12.478, 0.003, 0.002
2026-04-04T05:36:05Z, azel, 146.714, 12.487, 0.003, 0.002
2026-04-04T05:36:10Z, azel, 146.731, 12.495, 0.003, 0.002
2026-04-04T05:36:15Z, azel, 146.748, 12.503, 0.003, 0.002
2026-04-04T05:36:20Z, azel, 146.765, 12.512, 0.003, 0.002
2026-04-04T05:36:25Z, azel, 146.782, 12.520, 0.003, 0.002
2026-04-04T05:36:30Z, azel, 146.799, 12.528, 0.003, 0.002
2026-04-04T05:36:35Z, azel, 146.816, 12.537, 0.003, 0.002
2026-04-04T05:36:40Z, azel, 146.833, 12.545, 0.003, 0.002
2026-04-04T05:36:45Z, azel, 146.850, 12.553, 0.003, 0.002
2026-04-04T05:36:50Z, azel, 146.867, 12.562, 0.003, 0.002
2026-04-04T05:36:55Z, azel, 146.884, 12.570, 0.003, 0.002
2026-04-04T05:37:00Z, azel, 146.901, 12.578, 0.003, 0.002
2026-04-04T05:37:05Z, azel, 146.918, 12.586, 0.003, 0.002
2026-04-04T05:37:10Z, azel, 146.935, 12.595, 0.003, 0.002
2026-04-04T05:37:15Z, azel, 146.952, 12.603, 0.003, 0.002
2026-04-04T05:37:20Z, azel, 146.969, 12.611, 0.003, 0.002
2026-04-04T05:37:25Z, azel, 146.986, 12.620, 0.003, 0.002
2026-04-04T05:37:30Z, azel, 147.003, 12.628, 0.003, 0.002
2026-04-04T05:37:35Z, azel, 147.020, 12.636, 0.003, 0.002
2026-04-04T05:37:40Z, azel, 147.037, 12.644, 0.003, 0.002
2026-04-04T05:37:45Z, azel, 147.054, 12.653, 0.003, 0.002
2026-04-04T05:37:50Z, azel, 147.071, 12.661, 0.003, 0.002
2026-04-04T05:37:55Z, azel, 147.088, 12.669, 0.003, 0.002
2026-04-04T05:38:00Z, azel, 147.106, 12.677, 0.003, 0.002
2026-04-04T05:38:05Z, azel, 147.123, 12.686, 0.003, 0.002
2026-04-04T05:38:10Z, azel, 147.140, 12.694, 0.003, 0.002
2026-04-04T05:38:15Z, azel, 147.157, 12.702, 0.003, 0.002
2026-04-04T05:38:20Z, azel, 147.174, 12.710, 0.003, 0.002
2026-04-04T05:38:25Z, azel, 147.191, 12.719, 0.003, 0.002
2026-04-04T05:38:30Z, azel, 147.208, 12.727, 0.003, 0.002
2026-04-04T05:38:35Z, azel, 147.225, 12.735, 0.003, 0.002
2026-04-04T05:38:40Z, azel, 147.242, 12.743, 0.003, 0.002
2026-04-04T05:38:45Z, azel, 147.259, 12.751, 0.003, 0.002
2026-04-04T05:38:50Z, azel, 147.276, 12.760, 0.003, 0.002
2026-04-04T05:38:55Z, azel, 147.293, 12.768, 0.003, 0.002
2026-04-04T05:39:00Z, azel, 147.310, 12.776, 0.003, 0.002
2026-04-04T05:39:05Z, azel, 147.327, 12.784, 0.003, 0.002
2026-04-04T05:39:10Z, azel, 147.345, 12.792, 0.003, 0.002
2026-04-04T05:39:15Z, azel, 147.362, 12.801, 0.003, 0.002
2026-04-04T05:39:20Z, azel, 147.379, 12.809, 0.003, 0.002
2026-04-04T05:39:25Z, azel, 147.396, 12.817, 0.003, 0.002
2026-04-04T05:39:30Z, azel, 147.413, 12.825, 0.003, 0.002
2026-04-04T05:39:35Z, azel, 147.430, 12.833, 0.003, 0.002
2026-04-04T05:39:40Z, azel, 147.447, 12.841, 0.003, 0.002
2026-04-04T05:39:45Z, azel, 147.464, 12.850, 0.003, 0.002
2026-04-04T05:39:50Z, azel, 147.481, 12.858, 0.003, 0.002
2026-04-04T05:39:55Z, azel, 147.498, 12.866, 0.003, 0.002
2026-04-04T05:40:00Z, azel, 147.516, 12.874, 0.003, 0.002
2026-04-04T05:40:05Z, azel, 147.533, 12.882, 0.003, 0.002
2026-04-04T05:40:10Z, azel, 147.550, 12.890, 0.003, 0.002
2026-04-04T05:40:15Z, azel, 147.567, 12.898, 0.003, 0.002
2026-04-04T05:40:20Z, azel, 147.584, 12.907, 0.003, 0.002
2026-04-04T05:40:25Z, azel, 147.601, 12.915, 0.003, 0.002
2026-04-04T05:40:30Z, azel, 147.618, 12.923, 0.003, 0.002
2026-04-04T05:40:35Z, azel, 147.635, 12.931, 0.003, 0.002
2026-04-04T05:40:40Z, azel, 147.653, 12.939, 0.003, 0.002
2026-04-04T05:40:45Z, azel, 147.670, 12.947, 0.003, 0.002
2026-04-04T05:40:50Z, azel, 147.687, 12.955, 0.003, 0.002
2026-04-04T05:40:55Z, azel, 147.704, 12.963, 0.003, 0.002
2026-04-04T05:41:00Z, azel, 147.721, 12.972, 0.003, 0.002
2026-04-04T05:41:05Z, azel, 147.738, 12.980, 0.003, 0.002
2026-04-04T05:41:10Z, azel, 147.755, 12.988, 0.003, 0.002
2026-04-04T05:41:15Z, azel, 147.773, 12.996, 0.003, 0.002
2026-04-04T05:41:20Z, azel, 147.790, 13.004, 0.003, 0.002
2026-04-04T05:41:25Z, azel, 147.807, 13.012, 0.003, 0.002
2026-04-04T05:41:30Z, azel, 147.824, 13.020, 0.003, 0.002
2026-04-04T05:41:35Z, azel, 147.841, 13.028, 0.003, 0.002
2026-04-04T05:41:40Z, azel, 147.858, 13.036, 0.003, 0.002
2026-04-04T05:41:45Z, azel, 147.876, 13.044, 0.003, 0.002
2026-04-04T05:41:50Z, azel, 147.893, 13.052, 0.003, 0.002
2026-04-04T05:41:55Z, azel, 147.910, 13.060, 0.003, 0.002
2026-04-04T05:42:00Z, azel, 147.927, 13.069, 0.003, 0.002
2026-04-04T05:42:05Z, azel, 147.944, 13.077, 0.003, 0.002
2026-04-04T05:42:10Z, azel, 147.961, 13.085, 0.003, 0.002
2026-04-04T05:42:15Z, azel, 147.979, 13.093, 0.003, 0.002
2026-04-04T05:42:20Z, azel, 147.996, 13.101, 0.003, 0.002
2026-04-04T05:42:25Z, azel, 148.013, 13.109, 0.003, 0.002
2026-04-04T05:42:30Z, azel, 148.030, 13.117, 0.003, 0.002
2026-04-04T05:42:35Z, azel, 148.047, 13.125, 0.003, 0.002
2026-04-04T05:42:40Z, azel, 148.065, 13.133, 0.003, 0.002
2026-04-04T05:42:45Z, azel, 148.082, 13.141, 0.003, 0.002
2026-04-04T05:42:50Z, azel, 148.099, 13.149, 0.003, 0.002
2026-04-04T05:42:55Z, azel, 148.116, 13.157, 0.003, 0.002
2026-04-04T05:43:00Z, azel, 148.133, 13.165, 0.003, 0.002
2026-04-04T05:43:05Z, azel, 148.151, 13.173, 0.003, 0.002
2026-04-04T05:43:10Z, azel, 148.168, 13.181, 0.003, 0.002
2026-04-04T05:43:15Z, azel, 148.185, 13.189, 0.003, 0.002
2026-04-04T05:43:20Z, azel, 148.202, 13.197, 0.003, 0.002
2026-04-04T05:43:25Z, azel, 148.219, 13.205, 0.003, 0.002
2026-04-04T05:43:30Z, azel, 148.237, 13.213, 0.003, 0.002
2026-04-04T05:43:35Z, azel, 148.254, 13.221, 0.003, 0.002
2026-04-04T05:43:40Z, azel, 148.271, 13.229, 0.003, 0.002
2026-04-04T05:43:45Z, azel, 148.288, 13.237, 0.003, 0.002
2026-04-04T05:43:50Z, azel, 148.306, 13.245, 0.003, 0.002
2026-04-04T05:43:55Z, azel, 148.323, 13.253, 0.003, 0.002
2026-04-04T05:44:00Z, azel, 148.340, 13.261, 0.003, 0.002
2026-04-04T05:44:05Z, azel, 148.357, 13.269, 0.003, 0.002
2026-04-04T05:44:10Z, azel, 148.375, 13.277, 0.003, 0.002
2026-04-04T05:44:15Z, azel, 148.392, 13.285, 0.003, 0.002
2026-04-04T05:44:20Z, azel, 148.409, 13.293, 0.003, 0.002
2026-04-04T05:44:25Z, azel, 148.426, 13.301, 0.003, 0.002
2026-04-04T05:44:30Z, azel, 148.444, 13.309, 0.003, 0.002
2026-04-04T05:44:35Z, azel, 148.461, 13.316, 0.003, 0.002
2026-04-04T05:44:40Z, azel, 148.478, 13.324, 0.003, 0.002
2026-04-04T05:44:45Z, azel, 148.495, 13.332, 0.003, 0.002
2026-04-04T05:44:50Z, azel, 148.513, 13.340, 0.003, 0.002
2026-04-04T05:44:55Z, azel, 148.530, 13.348, 0.003, 0.002
2026-04-04T05:45:00Z, azel, 148.547, 13.356, 0.003, 0.002
2026-04-04T05:45:05Z, azel, 148.564, 13.364, 0.003, 0.002
2026-04-04T05:45:10Z, azel, 148.582, 13.372, 0.003, 0.002
2026-04-04T05:45:15Z, azel, 148.599, 13.380, 0.003, 0.002
2026-04-04T05:45:20Z, azel, 148.616, 13.388, 0.003, 0.002
2026-04-04T05:45:25Z, azel, 148.634, 13.396, 0.003, 0.002
2026-04-04T05:45:30Z, azel, 148.651, 13.404, 0.003, 0.002
2026-04-04T05:45:35Z, azel, 148.668, 13.411, 0.003, 0.002
2026-04-04T05:45:40Z, azel, 148.685, 13.419, 0.003, 0.002
2026-04-04T05:45:45Z, azel, 148.703, 13.427, 0.003, 0.002
2026-04-04T05:45:50Z, azel, 148.720, 13.435, 0.003, 0.002
2026-04-04T05:45:55Z, azel, 148.737, 13.443, 0.003, 0.002
2026-04-04T05:46:00Z, azel, 148.755, 13.451, 0.003, 0.002
2026-04-04T05:46:05Z, azel, 148.772, 13.459, 0.003, 0.002
2026-04-04T05:46:10Z, azel, 148.789, 13.467, 0.003, 0.002
2026-04-04T05:46:15Z, azel, 148.806, 13.474, 0.003, 0.002
2026-04-04T05:46:20Z, azel, 148.824, 13.482, 0.003, 0.002
2026-04-04T05:46:25Z, azel, 148.841, 13.490, 0.003, 0.002
2026-04-04T05:46:30Z, azel, 148.858, 13.498, 0.003, 0.002
2026-04-04T05:46:35Z, azel, 148.876, 13.506, 0.003, 0.002
2026-04-04T05:46:40Z, azel, 148.893, 13.514, 0.003, 0.002
2026-04-04T05:46:45Z, azel, 148.910, 13.522, 0.003, 0.002
2026-04-04T05:46:50Z, azel, 148.928, 13.529, 0.003, 0.002
2026-04-04T05:46:55Z, azel, 148.945, 13.537, 0.003, 0.002
2026-04-04T05:47:00Z, azel, 148.962, 13.545, 0.003, 0.002
2026-04-04T05:47:05Z, azel, 148.980, 13.553, 0.003, 0.002
2026-04-04T05:47:10Z, azel, 148.997, 13.561, 0.003, 0.002
2026-04-04T05:47:15Z, azel, 149.014, 13.569, 0.003, 0.002
2026-04-04T05:47:20Z, azel, 149.032, 13.576, 0.003, 0.002
2026-04-04T05:47:25Z, azel, 149.049, 13.584, 0.003, 0.002
2026-04-04T05:47:30Z, azel, 149.066, 13.592, 0.003, 0.002
2026-04-04T05:47:35Z, azel, 149.084, 13.600, 0.003, 0.002
2026-04-04T05:47:40Z, azel, 149.101, 13.608, 0.003, 0.002
2026-04-04T05:47:45Z, azel, 149.118, 13.615, 0.003, 0.002
2026-04-04T05:47:50Z, azel, 149.136, 13.623, 0.003, 0.002
2026-04-04T05:47:55Z, azel, 149.153, 13.631, 0.003, 0.002
2026-04-04T05:48:00Z, azel, 149.170, 13.639, 0.003, 0.002
2026-04-04T05:48:05Z, azel, 149.188, 13.646, 0.003, 0.002
2026-04-04T05:48:10Z, azel, 149.205, 13.654, 0.003, 0.002
2026-04-04T05:48:15Z, azel, 149.223, 13.662, 0.003, 0.002
2026-04-04T05:48:20Z, azel, 149.240, 13.670, 0.003, 0.002
2026-04-04T05:48:25Z, azel, 149.257, 13.678, 0.003, 0.002
2026-04-04T05:48:30Z, azel, 149.275, 13.685, 0.003, 0.002
2026-04-04T05:48:35Z, azel, 149.292, 13.693, 0.003, 0.002
2026-04-04T05:48:40Z, azel, 149.309, 13.701, 0.003, 0.002
2026-04-04T05:48:45Z, azel, 149.327, 13.709, 0.003, 0.002
2026-04-04T05:48:50Z, azel, 149.344, 13.716, 0.003, 0.002
2026-04-04T05:48:55Z, azel, 149.362, 13.724, 0.003, 0.002
2026-04-04T05:49:00Z, azel, 149.379, 13.732, 0.003, 0.002
2026-04-04T05:49:05Z, azel, 149.396, 13.739, 0.003, 0.002
2026-04-04T05:49:10Z, azel, 149.414, 13.747, 0.003, 0.002
2026-04-04T05:49:15Z, azel, 149.431, 13.755, 0.003, 0.002
2026-04-04T05:49:20Z, azel, 149.449, 13.763, 0.003, 0.002
2026-04-04T05:49:25Z, azel, 149.466, 13.770, 0.003, 0.002
2026-04-04T05:49:30Z, azel, 149.483, 13.778, 0.003, 0.002
2026-04-04T05:49:35Z, azel, 149.501, 13.786, 0.003, 0.002
2026-04-04T05:49:40Z, azel, 149.518, 13.793, 0.003, 0.002
2026-04-04T05:49:45Z, azel, 149.536, 13.801, 0.003, 0.002
2026-04-04T05:49:50Z, azel, 149.553, 13.809, 0.003, 0.002
2026-04-04T05:49:55Z, azel, 149.570, 13.817, 0.003, 0.002
2026-04-04T05:50:00Z, azel, 149.588, 13.824, 0.003, 0.002
2026-04-04T05:50:05Z, azel, 149.605, 13.832, 0.003, 0.002
2026-04-04T05:50:10Z, azel, 149.623, 13.840, 0.003, 0.002
2026-04-04T05:50:15Z, azel, 149.640, 13.847, 0.003, 0.002
2026-04-04T05:50:20Z, azel, 149.657, 13.855, 0.003, 0.002
2026-04-04T05:50:25Z, azel, 149.675, 13.863, 0.003, 0.002
2026-04-04T05:50:30Z, azel, 149.692, 13.870, 0.003, 0.002
2026-04-04T05:50:35Z, azel, 149.710, 13.878, 0.003, 0.002
2026-04-04T05:50:40Z, azel, 149.727, 13.886, 0.003, 0.002
2026-04-04T05:50:45Z, azel, 149.745, 13.893, 0.003, 0.002
2026-04-04T05:50:50Z, azel, 149.762, 13.901, 0.003, 0.002
2026-04-04T05:50:55Z, azel, 149.780, 13.908, 0.003, 0.002
2026-04-04T05:51:00Z, azel, 149.797, 13.916, 0.003, 0.002
2026-04-04T05:51:05Z, azel, 149.814, 13.924, 0.003, 0.002
2026-04-04T05:51:10Z, azel, 149.832, 13.931, 0.003, 0.002
2026-04-04T05:51:15Z, azel, 149.849, 13.939, 0.003, 0.002
2026-04-04T05:51:20Z, azel, 149.867, 13.947, 0.003, 0.002
2026-04-04T05:51:25Z, azel, 149.884, 13.954, 0.003, 0.002
2026-04-04T05:51:30Z, azel, 149.902, 13.962, 0.003, 0.002
2026-04-04T05:51:35Z, azel, 149.919, 13.969, 0.003, 0.002
2026-04-04T05:51:40Z, azel, 149.937, 13.977, 0.003, 0.002
2026-04-04T05:51:45Z, azel, 149.954, 13.985, 0.003, 0.002
2026-04-04T05:51:50Z, azel, 149.972, 13.992, 0.003, 0.002
2026-04-04T05:51:55Z, azel, 149.989, 14.000, 0.003, 0.002
2026-04-04T05:52:00Z, azel, 150.007, 14.007, 0.003, 0.002
2026-04-04T05:52:05Z, azel, 150.024, 14.015, 0.003, 0.002
2026-04-04T05:52:10Z, azel, 150.042, 14.023, 0.003, 0.002
2026-04-04T05:52:15Z, azel, 150.059, 14.030, 0.003, 0.002
2026-04-04T05:52:20Z, azel, 150.076, 14.038, 0.003, 0.002
2026-04-04T05:52:25Z, azel, 150.094, 14.045, 0.003, 0.002
2026-04-04T05:52:30Z, azel, 150.111, 14.053, 0.003, 0.002
2026-04-04T05:52:35Z, azel, 150.129, 14.060, 0.003, 0.002
2026-04-04T05:52:40Z, azel, 150.146, 14.068, 0.004, 0.002
2026-04-04T05:52:45Z, azel, 150.164, 14.076, 0.004, 0.002
2026-04-04T05:52:50Z, azel, 150.181, 14.083, 0.004, 0.002
2026-04-04T05:52:55Z, azel, 150.199, 14.091, 0.004, 0.002
2026-04-04T05:53:00Z, azel, 150.216, 14.098, 0.004, 0.002
2026-04-04T05:53:05Z, azel, 150.234, 14.106, 0.004, 0.002
2026-04-04T05:53:10Z, azel, 150.252, 14.113, 0.004, 0.002
2026-04-04T05:53:15Z, azel, 150.269, 14.121, 0.004, 0.002
2026-04-04T05:53:20Z, azel, 150.287, 14.128, 0.004, 0.002
2026-04-04T05:53:25Z, azel, 150.304, 14.136, 0.004, 0.002
2026-04-04T05:53:30Z, azel, 150.322, 14.143, 0.004, 0.002
2026-04-04T05:53:35Z, azel, 150.339, 14.151, 0.004, 0.002
2026-04-04T05:53:40Z, azel, 150.357, 14.158, 0.004, 0.002
2026-04-04T05:53:45Z, azel, 150.374, 14.166, 0.004, 0.002
2026-04-04T05:53:50Z, azel, 150.392, 14.173, 0.004, 0.001
2026-04-04T05:53:55Z, azel, 150.409, 14.181, 0.004, 0.001
2026-04-04T05:54:00Z, azel, 150.427, 14.188, 0.004, 0.001
2026-04-04T05:54:05Z, azel, 150.444, 14.196, 0.004, 0.001
2026-04-04T05:54:10Z, azel, 150.462, 14.203, 0.004, 0.001
2026-04-04T05:54:15Z, azel, 150.479, 14.211, 0.004, 0.001
2026-04-04T05:54:20Z, azel, 150.497, 14.218, 0.004, 0.001
2026-04-04T05:54:25Z, azel, 150.514, 14.226, 0.004, 0.001
2026-04-04T05:54:30Z, azel, 150.532, 14.233, 0.004, 0.001
2026-04-04T05:54:35Z, azel, 150.550, 14.241, 0.004, 0.001
2026-04-04T05:54:40Z, azel, 150.567, 14.248, 0.004, 0.001
2026-04-04T05:54:45Z, azel, 150.585, 14.256, 0.004, 0.001
2026-04-04T05:54:50Z, azel, 150.602, 14.263, 0.004, 0.001
2026-04-04T05:54:55Z, azel, 150.620, 14.271, 0.004, 0.001
2026-04-04T05:55:00Z, azel, 150.637, 14.278, 0.004, 0.001
2026-04-04T05:55:05Z, azel, 150.655, 14.285, 0.004, 0.001
2026-04-04T05:55:10Z, azel, 150.673, 14.293, 0.004, 0.001
2026-04-04T05:55:15Z, azel, 150.690, 14.300, 0.004, 0.001
2026-04-04T05:55:20Z, azel, 150.708, 14.308, 0.004, 0.001
2026-04-04T05:55:25Z, azel, 150.725, 14.315, 0.004, 0.001
2026-04-04T05:55:30Z, azel, 150.743, 14.323, 0.004, 0.001
2026-04-04T05:55:35Z, azel, 150.760, 14.330, 0.004, 0.001
2026-04-04T05:55:40Z, azel, 150.778, 14.337, 0.004, 0.001
2026-04-04T05:55:45Z, azel, 150.796, 14.345, 0.004, 0.001
2026-04-04T05:55:50Z, azel, 150.813, 14.352, 0.004, 0.001
2026-04-04T05:55:55Z, azel, 150.831, 14.360, 0.004, 0.001
2026-04-04T05:56:00Z, azel, 150.848, 14.367, 0.004, 0.001
2026-04-04T05:56:05Z, azel, 150.866, 14.374, 0.004, 0.001
2026-04-04T05:56:10Z, azel, 150.884, 14.382, 0.004, 0.001
2026-04-04T05:56:15Z, azel, 150.901, 14.389, 0.004, 0.001
2026-04-04T05:56:20Z, azel, 150.919, 14.397, 0.004, 0.001
2026-04-04T05:56:25Z, azel, 150.936, 14.404, 0.004, 0.001
2026-04-04T05:56:30Z, azel, 150.954, 14.411, 0.004, 0.001
2026-04-04T05:56:35Z, azel, 150.972, 14.419, 0.004, 0.001
2026-04-04T05:56:40Z, azel, 150.989, 14.426, 0.004, 0.001
2026-04-04T05:56:45Z, azel, 151.007, 14.433, 0.004, 0.001
2026-04-04T05:56:50Z, azel, 151.025, 14.441, 0.004, 0.001
2026-04-04T05:56:55Z, azel, 151.042, 14.448, 0.004, 0.001
2026-04-04T05:57:00Z, azel, 151.060, 14.455, 0.004, 0.001
2026-04-04T05:57:05Z, azel, 151.077, 14.463, 0.004, 0.001
2026-04-04T05:57:10Z, azel, 151.095, 14.470, 0.004, 0.001
2026-04-04T05:57:15Z, azel, 151.113, 14.477, 0.004, 0.001
2026-04-04T05:57:20Z, azel, 151.130, 14.485, 0.004, 0.001
2026-04-04T05:57:25Z, azel, 151.148, 14.492, 0.004, 0.001
2026-04-04T05:57:30Z, azel, 151.166, 14.499, 0.004, 0.001
2026-04-04T05:57:35Z, azel, 151.183, 14.507, 0.004, 0.001
2026-04-04T05:57:40Z, azel, 151.201, 14.514, 0.004, 0.001
2026-04-04T05:57:45Z, azel, 151.219, 14.521, 0.004, 0.001
2026-04-04T05:57:50Z, azel, 151.236, 14.529, 0.004, 0.001
2026-04-04T05:57:55Z, azel, 151.254, 14.536, 0.004, 0.001
2026-04-04T05:58:00Z, azel, 151.271, 14.543, 0.004, 0.001
2026-04-04T05:58:05Z, azel, 151.289, 14.551, 0.004, 0.001
2026-04-04T05:58:10Z, azel, 151.307, 14.558, 0.004, 0.001
2026-04-04T05:58:15Z, azel, 151.324, 14.565, 0.004, 0.001
2026-04-04T05:58:20Z, azel, 151.342, 14.572, 0.004, 0.001
2026-04-04T05:58:25Z, azel, 151.360, 14.580, 0.004, 0.001
2026-04-04T05:58:30Z, azel, 151.377, 14.587, 0.004, 0.001
2026-04-04T05:58:35Z, azel, 151.395, 14.594, 0.004, 0.001
2026-04-04T05:58:40Z, azel, 151.413, 14.602, 0.004, 0.001
2026-04-04T05:58:45Z, azel, 151.430, 14.609, 0.004, 0.001
2026-04-04T05:58:50Z, azel, 151.448, 14.616, 0.004, 0.001
2026-04-04T05:58:55Z, azel, 151.466, 14.623, 0.004, 0.001
2026-04-04T05:59:00Z, azel, 151.484, 14.631, 0.004, 0.001
2026-04-04T05:59:05Z, azel, 151.501, 14.638, 0.004, 0.001
2026-04-04T05:59:10Z, azel, 151.519, 14.645, 0.004, 0.001
2026-04-04T05:59:15Z, azel, 151.537, 14.652, 0.004, 0.001
2026-04-04T05:59:20Z, azel, 151.554, 14.660, 0.004, 0.001
2026-04-04T05:59:25Z, azel, 151.572, 14.667, 0.004, 0.001
2026-04-04T05:59:30Z, azel, 151.590, 14.674, 0.004, 0.001
2026-04-04T05:59:35Z, azel, 151.607, 14.681, 0.004, 0.001
2026-04-04T05:59:40Z, azel, 151.625, 14.688, 0.004, 0.001
2026-04-04T05:59:45Z, azel, 151.643, 14.696, 0.004, 0.001
2026-04-04T05:59:50Z, azel, 151.661, 14.703, 0.004, 0.001
2026-04-04T05:59:55Z, azel, 151.678, 14.710, 0.004, 0.001
2026-04-04T06:00:00Z, azel, 151.696, 14.717, 0.004, 0.001
2026-04-04T06:00:05Z, azel, 151.714, 14.724, 0.004, 0.001
2026-04-04T06:00:10Z, azel, 151.731, 14.732, 0.004, 0.001
2026-04-04T06:00:15Z, azel, 151.749, 14.739, 0.004, 0.001
2026-04-04T06:00:20Z, azel, 151.767, 14.746, 0.004, 0.001
2026-04-04T06:00:25Z, azel, 151.785, 14.753, 0.004, 0.001
2026-04-04T06:00:30Z, azel, 151.802, 14.760, 0.004, 0.001
2026-04-04T06:00:35Z, azel, 151.820, 14.768, 0.004, 0.001
2026-04-04T06:00:40Z, azel, 151.838, 14.775, 0.004, 0.001
2026-04-04T06:00:45Z, azel, 151.855, 14.782, 0.004, 0.001
2026-04-04T06:00:50Z, azel, 151.873, 14.789, 0.004, 0.001
2026-04-04T06:00:55Z, azel, 151.891, 14.796, 0.004, 0.001
2026-04-04T06:01:00Z, azel, 151.909, 14.803, 0.004, 0.001
2026-04-04T06:01:05Z, azel, 151.926, 14.810, 0.004, 0.001
2026-04-04T06:01:10Z, azel, 151.944, 14.818, 0.004, 0.001
2026-04-04T06:01:15Z, azel, 151.962, 14.825, 0.004, 0.001
2026-04-04T06:01:20Z, azel, 151.980, 14.832, 0.004, 0.001
2026-04-04T06:01:25Z, azel, 151.997, 14.839, 0.004, 0.001
2026-04-04T06:01:30Z, azel, 152.015, 14.846, 0.004, 0.001
2026-04-04T06:01:35Z, azel, 152.033, 14.853, 0.004, 0.001
2026-04-04T06:01:40Z, azel, 152.051, 14.860, 0.004, 0.001
2026-04-04T06:01:45Z, azel, 152.069, 14.867, 0.004, 0.001
2026-04-04T06:01:50Z, azel, 152.086, 14.875, 0.004, 0.001
2026-04-04T06:01:55Z, azel, 152.104, 14.882, 0.004, 0.001
2026-04-04T06:02:00Z, azel, 152.122, 14.889, 0.004, 0.001
2026-04-04T06:02:05Z, azel, 152.140, 14.896, 0.004, 0.001
2026-04-04T06:02:10Z, azel, 152.157, 14.903, 0.004, 0.001
2026-04-04T06:02:15Z, azel, 152.175, 14.910, 0.004, 0.001
2026-04-04T06:02:20Z, azel, 152.193, 14.917, 0.004, 0.001
2026-04-04T06:02:25Z, azel, 152.211, 14.924, 0.004, 0.001
2026-04-04T06:02:30Z, azel, 152.229, 14.931, 0.004, 0.001
2026-04-04T06:02:35Z, azel, 152.246, 14.938, 0.004, 0.001
2026-04-04T06:02:40Z, azel, 152.264, 14.945, 0.004, 0.001
2026-04-04T06:02:45Z, azel, 152.282, 14.953, 0.004, 0.001
2026-04-04T06:02:50Z, azel, 152.300, 14.960, 0.004, 0.001
2026-04-04T06:02:55Z, azel, 152.317, 14.967, 0.004, 0.001
2026-04-04T06:03:00Z, azel, 152.335, 14.974, 0.004, 0.001
2026-04-04T06:03:05Z, azel, 152.353, 14.981, 0.004, 0.001
2026-04-04T06:03:10Z, azel, 152.371, 14.988, 0.004, 0.001
2026-04-04T06:03:15Z, azel, 152.389, 14.995, 0.004, 0.001
2026-04-04T06:03:20Z, azel, 152.407, 15.002, 0.004, 0.001
2026-04-04T06:03:25Z, azel, 152.424, 15.009, 0.004, 0.001
2026-04-04T06:03:30Z, azel, 152.442, 15.016, 0.004, 0.001
2026-04-04T06:03:35Z, azel, 152.460, 15.023, 0.004, 0.001
2026-04-04T06:03:40Z, azel, 152.478, 15.030, 0.004, 0.001
2026-04-04T06:03:45Z, azel, 152.496, 15.037, 0.004, 0.001
2026-04-04T06:03:50Z, azel, 152.513, 15.044, 0.004, 0.001
2026-04-04T06:03:55Z, azel, 152.531, 15.051, 0.004, 0.001
2026-04-04T06:04:00Z, azel, 152.549, 15.058, 0.004, 0.001
2026-04-04T06:04:05Z, azel, 152.567, 15.065, 0.004, 0.001
2026-04-04T06:04:10Z, azel, 152.585, 15.072, 0.004, 0.001
2026-04-04T06:04:15Z, azel, 152.603, 15.079, 0.004, 0.001
2026-04-04T06:04:20Z, azel, 152.620, 15.086, 0.004, 0.001
2026-04-04T06:04:25Z, azel, 152.638, 15.093, 0.004, 0.001
2026-04-04T06:04:30Z, azel, 152.656, 15.100, 0.004, 0.001
2026-04-04T06:04:35Z, azel, 152.674, 15.107, 0.004, 0.001
2026-04-04T06:04:40Z, azel, 152.692, 15.114, 0.004, 0.001
2026-04-04T06:04:45Z, azel, 152.710, 15.121, 0.004, 0.001
2026-04-04T06:04:50Z, azel, 152.728, 15.128, 0.004, 0.001
2026-04-04T06:04:55Z, azel, 152.745, 15.135, 0.004, 0.001
2026-04-04T06:05:00Z, azel, 152.763, 15.142, 0.004, 0.001
2026-04-04T06:05:05Z, azel, 152.781, 15.149, 0.004, 0.001
2026-04-04T06:05:10Z, azel, 152.799, 15.156, 0.004, 0.001
2026-04-04T06:05:15Z, azel, 152.817, 15.162, 0.004, 0.001
2026-04-04T06:05:20Z, azel, 152.835, 15.169, 0.004, 0.001
2026-04-04T06:05:25Z, azel, 152.853, 15.176, 0.004, 0.001
2026-04-04T06:05:30Z, azel, 152.870, 15.183, 0.004, 0.001
2026-04-04T06:05:35Z, azel, 152.888, 15.190, 0.004, 0.001
2026-04-04T06:05:40Z, azel, 152.906, 15.197, 0.004, 0.001
2026-04-04T06:05:45Z, azel, 152.924, 15.204, 0.004, 0.001
2026-04-04T06:05:50Z, azel, 152.942, 15.211, 0.004, 0.001
2026-04-04T06:05:55Z, azel, 152.960, 15.218, 0.004, 0.001
2026-04-04T06:06:00Z, azel, 152.978, 15.225, 0.004, 0.001
2026-04-04T06:06:05Z, azel, 152.996, 15.232, 0.004, 0.001
2026-04-04T06:06:10Z, azel, 153.014, 15.238, 0.004, 0.001
2026-04-04T06:06:15Z, azel, 153.031, 15.245, 0.004, 0.001
2026-04-04T06:06:20Z, azel, 153.049, 15.252, 0.004, 0.001
2026-04-04T06:06:25Z, azel, 153.067, 15.259, 0.004, 0.001
2026-04-04T06:06:30Z, azel, 153.085, 15.266, 0.004, 0.001
2026-04-04T06:06:35Z, azel, 153.103, 15.273, 0.004, 0.001
2026-04-04T06:06:40Z, azel, 153.121, 15.280, 0.004, 0.001
2026-04-04T06:06:45Z, azel, 153.139, 15.287, 0.004, 0.001
2026-04-04T06:06:50Z, azel, 153.157, 15.293, 0.004, 0.001
2026-04-04T06:06:55Z, azel, 153.175, 15.300, 0.004, 0.001
2026-04-04T06:07:00Z, azel, 153.193, 15.307, 0.004, 0.001
2026-04-04T06:07:05Z, azel, 153.211, 15.314, 0.004, 0.001
2026-04-04T06:07:10Z, azel, 153.228, 15.321, 0.004, 0.001
2026-04-04T06:07:15Z, azel, 153.246, 15.328, 0.004, 0.001
2026-04-04T06:07:20Z, azel, 153.264, 15.334, 0.004, 0.001
2026-04-04T06:07:25Z, azel, 153.282, 15.341, 0.004, 0.001
2026-04-04T06:07:30Z, azel, 153.300, 15.348, 0.004, 0.001
2026-04-04T06:07:35Z, azel, 153.318, 15.355, 0.004, 0.001
2026-04-04T06:07:40Z, azel, 153.336, 15.362, 0.004, 0.001
2026-04-04T06:07:45Z, azel, 153.354, 15.369, 0.004, 0.001
2026-04-04T06:07:50Z, azel, 153.372, 15.375, 0.004, 0.001
2026-04-04T06:07:55Z, azel, 153.390, 15.382, 0.004, 0.001
2026-04-04T06:08:00Z, azel, 153.408, 15.389, 0.004, 0.001
2026-04-04T06:08:05Z, azel, 153.426, 15.396, 0.004, 0.001
2026-04-04T06:08:10Z, azel, 153.444, 15.403, 0.004, 0.001
2026-04-04T06:08:15Z, azel, 153.462, 15.409, 0.004, 0.001
2026-04-04T06:08:20Z, azel, 153.480, 15.416, 0.004, 0.001
2026-04-04T06:08:25Z, azel, 153.498, 15.423, 0.004, 0.001
2026-04-04T06:08:30Z, azel, 153.516, 15.430, 0.004, 0.001
2026-04-04T06:08:35Z, azel, 153.533, 15.436, 0.004, 0.001
2026-04-04T06:08:40Z, azel, 153.551, 15.443, 0.004, 0.001
2026-04-04T06:08:45Z, azel, 153.569, 15.450, 0.004, 0.001
2026-04-04T06:08:50Z, azel, 153.587, 15.457, 0.004, 0.001
2026-04-04T06:08:55Z, azel, 153.605, 15.463, 0.004, 0.001
2026-04-04T06:09:00Z, azel, 153.623, 15.470, 0.004, 0.001
2026-04-04T06:09:05Z, azel, 153.641, 15.477, 0.004, 0.001
2026-04-04T06:09:10Z, azel, 153.659, 15.484, 0.004, 0.001
2026-04-04T06:09:15Z, azel, 153.677, 15.490, 0.004, 0.001
2026-04-04T06:09:20Z, azel, 153.695, 15.497, 0.004, 0.001
2026-04-04T06:09:25Z, azel, 153.713, 15.504, 0.004, 0.001
2026-04-04T06:09:30Z, azel, 153.731, 15.511, 0.004, 0.001
2026-04-04T06:09:35Z, azel, 153.749, 15.517, 0.004, 0.001
2026-04-04T06:09:40Z, azel, 153.767, 15.524, 0.004, 0.001
2026-04-04T06:09:45Z, azel, 153.785, 15.531, 0.004, 0.001
2026-04-04T06:09:50Z, azel, 153.803, 15.537, 0.004, 0.001
2026-04-04T06:09:55Z, azel, 153.821, 15.544, 0.004, 0.001
2026-04-04T06:10:00Z, azel, 153.839, 15.551, 0.004, 0.001
2026-04-04T06:10:05Z, azel, 153.857, 15.558, 0.004, 0.001
2026-04-04T06:10:10Z, azel, 153.875, 15.564, 0.004, 0.001
2026-04-04T06:10:15Z, azel, 153.893, 15.571, 0.004, 0.001
2026-04-04T06:10:20Z, azel, 153.911, 15.578, 0.004, 0.001
2026-04-04T06:10:25Z, azel, 153.929, 15.584, 0.004, 0.001
2026-04-04T06:10:30Z, azel, 153.947, 15.591, 0.004, 0.001
2026-04-04T06:10:35Z, azel, 153.965, 15.598, 0.004, 0.001
2026-04-04T06:10:40Z, azel, 153.983, 15.604, 0.004, 0.001
2026-04-04T06:10:45Z, azel, 154.001, 15.611, 0.004, 0.001
2026-04-04T06:10:50Z, azel, 154.019, 15.618, 0.004, 0.001
2026-04-04T06:10:55Z, azel, 154.037, 15.624, 0.004, 0.001
2026-04-04T06:11:00Z, azel, 154.055, 15.631, 0.004, 0.001
2026-04-04T06:11:05Z, azel, 154.073, 15.638, 0.004, 0.001
2026-04-04T06:11:10Z, azel, 154.091, 15.644, 0.004, 0.001
2026-04-04T06:11:15Z, azel, 154.110, 15.651, 0.004, 0.001
2026-04-04T06:11:20Z, azel, 154.128, 15.657, 0.004, 0.001
2026-04-04T06:11:25Z, azel, 154.146, 15.664, 0.004, 0.001
2026-04-04T06:11:30Z, azel, 154.164, 15.671, 0.004, 0.001
2026-04-04T06:11:35Z, azel, 154.182, 15.677, 0.004, 0.001
2026-04-04T06:11:40Z, azel, 154.200, 15.684, 0.004, 0.001
2026-04-04T06:11:45Z, azel, 154.218, 15.690, 0.004, 0.001
2026-04-04T06:11:50Z, azel, 154.236, 15.697, 0.004, 0.001
2026-04-04T06:11:55Z, azel, 154.254, 15.704, 0.004, 0.001
2026-04-04T06:12:00Z, azel, 154.272, 15.710, 0.004, 0.001
2026-04-04T06:12:05Z, azel, 154.290, 15.717, 0.004, 0.001
2026-04-04T06:12:10Z, azel, 154.308, 15.723, 0.004, 0.001
2026-04-04T06:12:15Z, azel, 154.326, 15.730, 0.004, 0.001
2026-04-04T06:12:20Z, azel, 154.344, 15.737, 0.004, 0.001
2026-04-04T06:12:25Z, azel, 154.362, 15.743, 0.004, 0.001
2026-04-04T06:12:30Z, azel, 154.380, 15.750, 0.004, 0.001
2026-04-04T06:12:35Z, azel, 154.398, 15.756, 0.004, 0.001
2026-04-04T06:12:40Z, azel, 154.417, 15.763, 0.004, 0.001
2026-04-04T06:12:45Z, azel, 154.435, 15.769, 0.004, 0.001
2026-04-04T06:12:50Z, azel, 154.453, 15.776, 0.004, 0.001
2026-04-04T06:12:55Z, azel, 154.471, 15.782, 0.004, 0.001
2026-04-04T06:13:00Z, azel, 154.489, 15.789, 0.004, 0.001
2026-04-04T06:13:05Z, azel, 154.507, 15.796, 0.004, 0.001
2026-04-04T06:13:10Z, azel, 154.525, 15.802, 0.004, 0.001
2026-04-04T06:13:15Z, azel, 154.543, 15.809, 0.004, 0.001
2026-04-04T06:13:20Z, azel, 154.561, 15.815, 0.004, 0.001
2026-04-04T06:13:25Z, azel, 154.579, 15.822, 0.004, 0.001
2026-04-04T06:13:30Z, azel, 154.597, 15.828, 0.004, 0.001
2026-04-04T06:13:35Z, azel, 154.616, 15.835, 0.004, 0.001
2026-04-04T06:13:40Z, azel, 154.634, 15.841, 0.004, 0.001
2026-04-04T06:13:45Z, azel, 154.652, 15.848, 0.004, 0.001
2026-04-04T06:13:50Z, azel, 154.670, 15.854, 0.004, 0.001
2026-04-04T06:13:55Z, azel, 154.688, 15.861, 0.004, 0.001
2026-04-04T06:14:00Z, azel, 154.706, 15.867, 0.004, 0.001
2026-04-04T06:14:05Z, azel, 154.724, 15.874, 0.004, 0.001
2026-04-04T06:14:10Z, azel, 154.742, 15.880, 0.004, 0.001
2026-04-04T06:14:15Z, azel, 154.760, 15.887, 0.004, 0.001
2026-04-04T06:14:20Z, azel, 154.779, 15.893, 0.004, 0.001
2026-04-04T06:14:25Z, azel, 154.797, 15.900, 0.004, 0.001
2026-04-04T06:14:30Z, azel, 154.815, 15.906, 0.004, 0.001
2026-04-04T06:14:35Z, azel, 154.833, 15.912, 0.004, 0.001
2026-04-04T06:14:40Z, azel, 154.851, 15.919, 0.004, 0.001
2026-04-04T06:14:45Z, azel, 154.869, 15.925, 0.004, 0.001
2026-04-04T06:14:50Z, azel, 154.887, 15.932, 0.004, 0.001
2026-04-04T06:14:55Z, azel, 154.905, 15.938, 0.004, 0.001
2026-04-04T06:15:00Z, azel, 154.924, 15.945, 0.004, 0.001
2026-04-04T06:15:05Z, azel, 154.942, 15.951, 0.004, 0.001
2026-04-04T06:15:10Z, azel, 154.960, 15.958, 0.004, 0.001
2026-04-04T06:15:15Z, azel, 154.978, 15.964, 0.004, 0.001
2026-04-04T06:15:20Z, azel, 154.996, 15.970, 0.004, 0.001
2026-04-04T06:15:25Z, azel, 155.014, 15.977, 0.004, 0.001
2026-04-04T06:15:30Z, azel, 155.033, 15.983, 0.004, 0.001
2026-04-04T06:15:35Z, azel, 155.051, 15.990, 0.004, 0.001
2026-04-04T06:15:40Z, azel, 155.069, 15.996, 0.004, 0.001
2026-04-04T06:15:45Z, azel, 155.087, 16.002, 0.004, 0.001
2026-04-04T06:15:50Z, azel, 155.105, 16.009, 0.004, 0.001
2026-04-04T06:15:55Z, azel, 155.123, 16.015, 0.004, 0.001
2026-04-04T06:16:00Z, azel, 155.142, 16.022, 0.004, 0.001
2026-04-04T06:16:05Z, azel, 155.160, 16.028, 0.004, 0.001
2026-04-04T06:16:10Z, azel, 155.178, 16.034, 0.004, 0.001
2026-04-04T06:16:15Z, azel, 155.196, 16.041, 0.004, 0.001
2026-04-04T06:16:20Z, azel, 155.214, 16.047, 0.004, 0.001
2026-04-04T06:16:25Z, azel, 155.232, 16.053, 0.004, 0.001
2026-04-04T06:16:30Z, azel, 155.251, 16.060, 0.004, 0.001
2026-04-04T06:16:35Z, azel, 155.269, 16.066, 0.004, 0.001
2026-04-04T06:16:40Z, azel, 155.287, 16.072, 0.004, 0.001
2026-04-04T06:16:45Z, azel, 155.305, 16.079, 0.004, 0.001
2026-04-04T06:16:50Z, azel, 155.323, 16.085, 0.004, 0.001
2026-04-04T06:16:55Z, azel, 155.342, 16.091, 0.004, 0.001
2026-04-04T06:17:00Z, azel, 155.360, 16.098, 0.004, 0.001
2026-04-04T06:17:05Z, azel, 155.378, 16.104, 0.004, 0.001
2026-04-04T06:17:10Z, azel, 155.396, 16.110, 0.004, 0.001
2026-04-04T06:17:15Z, azel, 155.414, 16.117, 0.004, 0.001
2026-04-04T06:17:20Z, azel, 155.433, 16.123, 0.004, 0.001
2026-04-04T06:17:25Z, azel, 155.451, 16.129, 0.004, 0.001
2026-04-04T06:17:30Z, azel, 155.469, 16.136, 0.004, 0.001
2026-04-04T06:17:35Z, azel, 155.487, 16.142, 0.004, 0.001
2026-04-04T06:17:40Z, azel, 155.505, 16.148, 0.004, 0.001
2026-04-04T06:17:45Z, azel, 155.524, 16.155, 0.004, 0.001
2026-04-04T06:17:50Z, azel, 155.542, 16.161, 0.004, 0.001
2026-04-04T06:17:55Z, azel, 155.560, 16.167, 0.004, 0.001
2026-04-04T06:18:00Z, azel, 155.578, 16.173, 0.004, 0.001
2026-04-04T06:18:05Z, azel, 155.597, 16.180, 0.004, 0.001
2026-04-04T06:18:10Z, azel, 155.615, 16.186, 0.004, 0.001
2026-04-04T06:18:15Z, azel, 155.633, 16.192, 0.004, 0.001
2026-04-04T06:18:20Z, azel, 155.651, 16.199, 0.004, 0.001
2026-04-04T06:18:25Z, azel, 155.669, 16.205, 0.004, 0.001
2026-04-04T06:18:30Z, azel, 155.688, 16.211, 0.004, 0.001
2026-04-04T06:18:35Z, azel, 155.706, 16.217, 0.004, 0.001
2026-04-04T06:18:40Z, azel, 155.724, 16.224, 0.004, 0.001
2026-04-04T06:18:45Z, azel, 155.742, 16.230, 0.004, 0.001
2026-04-04T06:18:50Z, azel, 155.761, 16.236, 0.004, 0.001
2026-04-04T06:18:55Z, azel, 155.779, 16.242, 0.004, 0.001
2026-04-04T06:19:00Z, azel, 155.797, 16.248, 0.004, 0.001
2026-04-04T06:19:05Z, azel, 155.815, 16.255, 0.004, 0.001
2026-04-04T06:19:10Z, azel, 155.834, 16.261, 0.004, 0.001
2026-04-04T06:19:15Z, azel, 155.852, 16.267, 0.004, 0.001
2026-04-04T06:19:20Z, azel, 155.870, 16.273, 0.004, 0.001
2026-04-04T06:19:25Z, azel, 155.888, 16.280, 0.004, 0.001
2026-04-04T06:19:30Z, azel, 155.907, 16.286, 0.004, 0.001
2026-04-04T06:19:35Z, azel, 155.925, 16.292, 0.004, 0.001
2026-04-04T06:19:40Z, azel, 155.943, 16.298, 0.004, 0.001
2026-04-04T06:19:45Z, azel, 155.962, 16.304, 0.004, 0.001
2026-04-04T06:19:50Z, azel, 155.980, 16.310, 0.004, 0.001
2026-04-04T06:19:55Z, azel, 155.998, 16.317, 0.004, 0.001
2026-04-04T06:20:00Z, azel, 156.016, 16.323, 0.004, 0.001
2026-04-04T06:20:05Z, azel, 156.035, 16.329, 0.004, 0.001
2026-04-04T06:20:10Z, azel, 156.053, 16.335, 0.004, 0.001
2026-04-04T06:20:15Z, azel, 156.071, 16.341, 0.004, 0.001
2026-04-04T06:20:20Z, azel, 156.089, 16.347, 0.004, 0.001
2026-04-04T06:20:25Z, azel, 156.108, 16.354, 0.004, 0.001
2026-04-04T06:20:30Z, azel, 156.126, 16.360, 0.004, 0.001
2026-04-04T06:20:35Z, azel, 156.144, 16.366, 0.004, 0.001
2026-04-04T06:20:40Z, azel, 156.163, 16.372, 0.004, 0.001
2026-04-04T06:20:45Z, azel, 156.181, 16.378, 0.004, 0.001
2026-04-04T06:20:50Z, azel, 156.199, 16.384, 0.004, 0.001
2026-04-04T06:20:55Z, azel, 156.218, 16.390, 0.004, 0.001
2026-04-04T06:21:00Z, azel, 156.236, 16.397, 0.004, 0.001
2026-04-04T06:21:05Z, azel, 156.254, 16.403, 0.004, 0.001
2026-04-04T06:21:10Z, azel, 156.273, 16.409, 0.004, 0.001
2026-04-04T06:21:15Z, azel, 156.291, 16.415, 0.004, 0.001
2026-04-04T06:21:20Z, azel, 156.309, 16.421, 0.004, 0.001
2026-04-04T06:21:25Z, azel, 156.327, 16.427, 0.004, 0.001
2026-04-04T06:21:30Z, azel, 156.346, 16.433, 0.004, 0.001
2026-04-04T06:21:35Z, azel, 156.364, 16.439, 0.004, 0.001
2026-04-04T06:21:40Z, azel, 156.382, 16.445, 0.004, 0.001
2026-04-04T06:21:45Z, azel, 156.401, 16.451, 0.004, 0.001
2026-04-04T06:21:50Z, azel, 156.419, 16.457, 0.004, 0.001
2026-04-04T06:21:55Z, azel, 156.437, 16.464, 0.004, 0.001
2026-04-04T06:22:00Z, azel, 156.456, 16.470, 0.004, 0.001
2026-04-04T06:22:05Z, azel, 156.474, 16.476, 0.004, 0.001
2026-04-04T06:22:10Z, azel, 156.492, 16.482, 0.004, 0.001
2026-04-04T06:22:15Z, azel, 156.511, 16.488, 0.004, 0.001
2026-04-04T06:22:20Z, azel, 156.529, 16.494, 0.004, 0.001
2026-04-04T06:22:25Z, azel, 156.547, 16.500, 0.004, 0.001
2026-04-04T06:22:30Z, azel, 156.566, 16.506, 0.004, 0.001
2026-04-04T06:22:35Z, azel, 156.584, 16.512, 0.004, 0.001
2026-04-04T06:22:40Z, azel, 156.602, 16.518, 0.004, 0.001
2026-04-04T06:22:45Z, azel, 156.621, 16.524, 0.004, 0.001
2026-04-04T06:22:50Z, azel, 156.639, 16.530, 0.004, 0.001
2026-04-04T06:22:55Z, azel, 156.658, 16.536, 0.004, 0.001
2026-04-04T06:23:00Z, azel, 156.676, 16.542, 0.004, 0.001
2026-04-04T06:23:05Z, azel, 156.694, 16.548, 0.004, 0.001
2026-04-04T06:23:10Z, azel, 156.713, 16.554, 0.004, 0.001
2026-04-04T06:23:15Z, azel, 156.731, 16.560, 0.004, 0.001
2026-04-04T06:23:20Z, azel, 156.749, 16.566, 0.004, 0.001
2026-04-04T06:23:25Z, azel, 156.768, 16.572, 0.004, 0.001
2026-04-04T06:23:30Z, azel, 156.786, 16.578, 0.004, 0.001
2026-04-04T06:23:35Z, azel, 156.804, 16.584, 0.004, 0.001
2026-04-04T06:23:40Z, azel, 156.823, 16.590, 0.004, 0.001
2026-04-04T06:23:45Z, azel, 156.841, 16.596, 0.004, 0.001
2026-04-04T06:23:50Z, azel, 156.860, 16.602, 0.004, 0.001
2026-04-04T06:23:55Z, azel, 156.878, 16.608, 0.004, 0.001
2026-04-04T06:24:00Z, azel, 156.896, 16.614, 0.004, 0.001
2026-04-04T06:24:05Z, azel, 156.915, 16.620, 0.004, 0.001
2026-04-04T06:24:10Z, azel, 156.933, 16.626, 0.004, 0.001
2026-04-04T06:24:15Z, azel, 156.952, 16.632, 0.004, 0.001
2026-04-04T06:24:20Z, azel, 156.970, 16.638, 0.004, 0.001
2026-04-04T06:24:25Z, azel, 156.988, 16.644, 0.004, 0.001
2026-04-04T06:24:30Z, azel, 157.007, 16.649, 0.004, 0.001
2026-04-04T06:24:35Z, azel, 157.025, 16.655, 0.004, 0.001
2026-04-04T06:24:40Z, azel, 157.044, 16.661, 0.004, 0.001
2026-04-04T06:24:45Z, azel, 157.062, 16.667, 0.004, 0.001
2026-04-04T06:24:50Z, azel, 157.080, 16.673, 0.004, 0.001
2026-04-04T06:24:55Z, azel, 157.099, 16.679, 0.004, 0.001
2026-04-04T06:25:00Z, azel, 157.117, 16.685, 0.004, 0.001
2026-04-04T06:25:05Z, azel, 157.136, 16.691, 0.004, 0.001
2026-04-04T06:25:10Z, azel, 157.154, 16.697, 0.004, 0.001
2026-04-04T06:25:15Z, azel, 157.172, 16.703, 0.004, 0.001
2026-04-04T06:25:20Z, azel, 157.191, 16.709, 0.004, 0.001
2026-04-04T06:25:25Z, azel, 157.209, 16.714, 0.004, 0.001
2026-04-04T06:25:30Z, azel, 157.228, 16.720, 0.004, 0.001
2026-04-04T06:25:35Z, azel, 157.246, 16.726, 0.004, 0.001
2026-04-04T06:25:40Z, azel, 157.265, 16.732, 0.004, 0.001
2026-04-04T06:25:45Z, azel, 157.283, 16.738, 0.004, 0.001
2026-04-04T06:25:50Z, azel, 157.301, 16.744, 0.004, 0.001
2026-04-04T06:25:55Z, azel, 157.320, 16.750, 0.004, 0.001
2026-04-04T06:26:00Z, azel, 157.338, 16.755, 0.004, 0.001
2026-04-04T06:26:05Z, azel, 157.357, 16.761, 0.004, 0.001
2026-04-04T06:26:10Z, azel, 157.375, 16.767, 0.004, 0.001
2026-04-04T06:26:15Z, azel, 157.394, 16.773, 0.004, 0.001
2026-04-04T06:26:20Z, azel, 157.412, 16.779, 0.004, 0.001
2026-04-04T06:26:25Z, azel, 157.431, 16.785, 0.004, 0.001
2026-04-04T06:26:30Z, azel, 157.449, 16.790, 0.004, 0.001
2026-04-04T06:26:35Z, azel, 157.467, 16.796, 0.004, 0.001
2026-04-04T06:26:40Z, azel, 157.486, 16.802, 0.004, 0.001
2026-04-04T06:26:45Z, azel, 157.504, 16.808, 0.004, 0.001
2026-04-04T06:26:50Z, azel, 157.523, 16.814, 0.004, 0.001
2026-04-04T06:26:55Z, azel, 157.541, 16.820, 0.004, 0.001
2026-04-04T06:27:00Z, azel, 157.560, 16.825, 0.004, 0.001
2026-04-04T06:27:05Z, azel, 157.578, 16.831, 0.004, 0.001
2026-04-04T06:27:10Z, azel, 157.597, 16.837, 0.004, 0.001
2026-04-04T06:27:15Z, azel, 157.615, 16.843, 0.004, 0.001
2026-04-04T06:27:20Z, azel, 157.634, 16.848, 0.004, 0.001
2026-04-04T06:27:25Z, azel, 157.652, 16.854, 0.004, 0.001
2026-04-04T06:27:30Z, azel, 157.671, 16.860, 0.004, 0.001
2026-04-04T06:27:35Z, azel, 157.689, 16.866, 0.004, 0.001
2026-04-04T06:27:40Z, azel, 157.708, 16.872, 0.004, 0.001
2026-04-04T06:27:45Z, azel, 157.726, 16.877, 0.004, 0.001
2026-04-04T06:27:50Z, azel, 157.745, 16.883, 0.004, 0.001
2026-04-04T06:27:55Z, azel, 157.763, 16.889, 0.004, 0.001
2026-04-04T06:28:00Z, azel, 157.781, 16.895, 0.004, 0.001
2026-04-04T06:28:05Z, azel, 157.800, 16.900, 0.004, 0.001
2026-04-04T06:28:10Z, azel, 157.818, 16.906, 0.004, 0.001
2026-04-04T06:28:15Z, azel, 157.837, 16.912, 0.004, 0.001
2026-04-04T06:28:20Z, azel, 157.855, 16.917, 0.004, 0.001
2026-04-04T06:28:25Z, azel, 157.874, 16.923, 0.004, 0.001
2026-04-04T06:28:30Z, azel, 157.892, 16.929, 0.004, 0.001
2026-04-04T06:28:35Z, azel, 157.911, 16.935, 0.004, 0.001
2026-04-04T06:28:40Z, azel, 157.929, 16.940, 0.004, 0.001
2026-04-04T06:28:45Z, azel, 157.948, 16.946, 0.004, 0.001
2026-04-04T06:28:50Z, azel, 157.967, 16.952, 0.004, 0.001
2026-04-04T06:28:55Z, azel, 157.985, 16.957, 0.004, 0.001
2026-04-04T06:29:00Z, azel, 158.004, 16.963, 0.004, 0.001
2026-04-04T06:29:05Z, azel, 158.022, 16.969, 0.004, 0.001
2026-04-04T06:29:10Z, azel, 158.041, 16.974, 0.004, 0.001
2026-04-04T06:29:15Z, azel, 158.059, 16.980, 0.004, 0.001
2026-04-04T06:29:20Z, azel, 158.078, 16.986, 0.004, 0.001
2026-04-04T06:29:25Z, azel, 158.096, 16.991, 0.004, 0.001
2026-04-04T06:29:30Z, azel, 158.115, 16.997, 0.004, 0.001
2026-04-04T06:29:35Z, azel, 158.133, 17.003, 0.004, 0.001
2026-04-04T06:29:40Z, azel, 158.152, 17.008, 0.004, 0.001
2026-04-04T06:29:45Z, azel, 158.170, 17.014, 0.004, 0.001
2026-04-04T06:29:50Z, azel, 158.189, 17.020, 0.004, 0.001
2026-04-04T06:29:55Z, azel, 158.207, 17.025, 0.004, 0.001
2026-04-04T06:30:00Z, azel, 158.226, 17.031, 0.004, 0.001
2026-04-04T06:30:05Z, azel, 158.244, 17.037, 0.004, 0.001
2026-04-04T06:30:10Z, azel, 158.263, 17.042, 0.004, 0.001
2026-04-04T06:30:15Z, azel, 158.282, 17.048, 0.004, 0.001
2026-04-04T06:30:20Z, azel, 158.300, 17.053, 0.004, 0.001
2026-04-04T06:30:25Z, azel, 158.319, 17.059, 0.004, 0.001
2026-04-04T06:30:30Z, azel, 158.337, 17.065, 0.004, 0.001
2026-04-04T06:30:35Z, azel, 158.356, 17.070, 0.004, 0.001
2026-04-04T06:30:40Z, azel, 158.374, 17.076, 0.004, 0.001
2026-04-04T06:30:45Z, azel, 158.393, 17.081, 0.004, 0.001
2026-04-04T06:30:50Z, azel, 158.411, 17.087, 0.004, 0.001
2026-04-04T06:30:55Z, azel, 158.430, 17.093, 0.004, 0.001
2026-04-04T06:31:00Z, azel, 158.449, 17.098, 0.004, 0.001
2026-04-04T06:31:05Z, azel, 158.467, 17.104, 0.004, 0.001
2026-04-04T06:31:10Z, azel, 158.486, 17.109, 0.004, 0.001
2026-04-04T06:31:15Z, azel, 158.504, 17.115, 0.004, 0.001
2026-04-04T06:31:20Z, azel, 158.523, 17.120, 0.004, 0.001
2026-04-04T06:31:25Z, azel, 158.541, 17.126, 0.004, 0.001
2026-04-04T06:31:30Z, azel, 158.560, 17.132, 0.004, 0.001
2026-04-04T06:31:35Z, azel, 158.579, 17.137, 0.004, 0.001
2026-04-04T06:31:40Z, azel, 158.597, 17.143, 0.004, 0.001
2026-04-04T06:31:45Z, azel, 158.616, 17.148, 0.004, 0.001
2026-04-04T06:31:50Z, azel, 158.634, 17.154, 0.004, 0.001
2026-04-04T06:31:55Z, azel, 158.653, 17.159, 0.004, 0.001
2026-04-04T06:32:00Z, azel, 158.672, 17.165, 0.004, 0.001
2026-04-04T06:32:05Z, azel, 158.690, 17.170, 0.004, 0.001
2026-04-04T06:32:10Z, azel, 158.709, 17.176, 0.004, 0.001
2026-04-04T06:32:15Z, azel, 158.727, 17.181, 0.004, 0.001
2026-04-04T06:32:20Z, azel, 158.746, 17.187, 0.004, 0.001
2026-04-04T06:32:25Z, azel, 158.765, 17.192, 0.004, 0.001
2026-04-04T06:32:30Z, azel, 158.783, 17.198, 0.004, 0.001
2026-04-04T06:32:35Z, azel, 158.802, 17.203, 0.004, 0.001
2026-04-04T06:32:40Z, azel, 158.820, 17.209, 0.004, 0.001
2026-04-04T06:32:45Z, azel, 158.839, 17.214, 0.004, 0.001
2026-04-04T06:32:50Z, azel, 158.858, 17.220, 0.004, 0.001
2026-04-04T06:32:55Z, azel, 158.876, 17.225, 0.004, 0.001
2026-04-04T06:33:00Z, azel, 158.895, 17.231, 0.004, 0.001
2026-04-04T06:33:05Z, azel, 158.913, 17.236, 0.004, 0.001
2026-04-04T06:33:10Z, azel, 158.932, 17.242, 0.004, 0.001
2026-04-04T06:33:15Z, azel, 158.951, 17.247, 0.004, 0.001
2026-04-04T06:33:20Z, azel, 158.969, 17.252, 0.004, 0.001
2026-04-04T06:33:25Z, azel, 158.988, 17.258, 0.004, 0.001
2026-04-04T06:33:30Z, azel, 159.007, 17.263, 0.004, 0.001
2026-04-04T06:33:35Z, azel, 159.025, 17.269, 0.004, 0.001
2026-04-04T06:33:40Z, azel, 159.044, 17.274, 0.004, 0.001
2026-04-04T06:33:45Z, azel, 159.062, 17.280, 0.004, 0.001
2026-04-04T06:33:50Z, azel, 159.081, 17.285, 0.004, 0.001
2026-04-04T06:33:55Z, azel, 159.100, 17.290, 0.004, 0.001
2026-04-04T06:34:00Z, azel, 159.118, 17.296, 0.004, 0.001
2026-04-04T06:34:05Z, azel, 159.137, 17.301, 0.004, 0.001
2026-04-04T06:34:10Z, azel, 159.156, 17.307, 0.004, 0.001
2026-04-04T06:34:15Z, azel, 159.174, 17.312, 0.004, 0.001
2026-04-04T06:34:20Z, azel, 159.193, 17.317, 0.004, 0.001
2026-04-04T06:34:25Z, azel, 159.212, 17.323, 0.004, 0.001
2026-04-04T06:34:30Z, azel, 159.230, 17.328, 0.004, 0.001
2026-04-04T06:34:35Z, azel, 159.249, 17.334, 0.004, 0.001
2026-04-04T06:34:40Z, azel, 159.268, 17.339, 0.004, 0.001
2026-04-04T06:34:45Z, azel, 159.286, 17.344, 0.004, 0.001
2026-04-04T06:34:50Z, azel, 159.305, 17.350, 0.004, 0.001
2026-04-04T06:34:55Z, azel, 159.324, 17.355, 0.004, 0.001
2026-04-04T06:35:00Z, azel, 159.342, 17.360, 0.004, 0.001
2026-04-04T06:35:05Z, azel, 159.361, 17.366, 0.004, 0.001
2026-04-04T06:35:10Z, azel, 159.380, 17.371, 0.004, 0.001
2026-04-04T06:35:15Z, azel, 159.398, 17.376, 0.004, 0.001
2026-04-04T06:35:20Z, azel, 159.417, 17.382, 0.004, 0.001
2026-04-04T06:35:25Z, azel, 159.436, 17.387, 0.004, 0.001
2026-04-04T06:35:30Z, azel, 159.454, 17.392, 0.004, 0.001
2026-04-04T06:35:35Z, azel, 159.473, 17.398, 0.004, 0.001
2026-04-04T06:35:40Z, azel, 159.492, 17.403, 0.004, 0.001
2026-04-04T06:35:45Z, azel, 159.510, 17.408, 0.004, 0.001
2026-04-04T06:35:50Z, azel, 159.529, 17.414, 0.004, 0.001
2026-04-04T06:35:55Z, azel, 159.548, 17.419, 0.004, 0.001
2026-04-04T06:36:00Z, azel, 159.566, 17.424, 0.004, 0.001
2026-04-04T06:36:05Z, azel, 159.585, 17.430, 0.004, 0.001
2026-04-04T06:36:10Z, azel, 159.604, 17.435, 0.004, 0.001
2026-04-04T06:36:15Z, azel, 159.622, 17.440, 0.004, 0.001
2026-04-04T06:36:20Z, azel, 159.641, 17.446, 0.004, 0.001
2026-04-04T06:36:25Z, azel, 159.660, 17.451, 0.004, 0.001
2026-04-04T06:36:30Z, azel, 159.679, 17.456, 0.004, 0.001
2026-04-04T06:36:35Z, azel, 159.697, 17.461, 0.004, 0.001
2026-04-04T06:36:40Z, azel, 159.716, 17.467, 0.004, 0.001
2026-04-04T06:36:45Z, azel, 159.735, 17.472, 0.004, 0.001
2026-04-04T06:36:50Z, azel, 159.753, 17.477, 0.004, 0.001
2026-04-04T06:36:55Z, azel, 159.772, 17.482, 0.004, 0.001
2026-04-04T06:37:00Z, azel, 159.791, 17.488, 0.004, 0.001
2026-04-04T06:37:05Z, azel, 159.810, 17.493, 0.004, 0.001
2026-04-04T06:37:10Z, azel, 159.828, 17.498, 0.004, 0.001
2026-04-04T06:37:15Z, azel, 159.847, 17.503, 0.004, 0.001
2026-04-04T06:37:20Z, azel, 159.866, 17.509, 0.004, 0.001
2026-04-04T06:37:25Z, azel, 159.884, 17.514, 0.004, 0.001
2026-04-04T06:37:30Z, azel, 159.903, 17.519, 0.004, 0.001
2026-04-04T06:37:35Z, azel, 159.922, 17.524, 0.004, 0.001
2026-04-04T06:37:40Z, azel, 159.941, 17.529, 0.004, 0.001
2026-04-04T06:37:45Z, azel, 159.959, 17.535, 0.004, 0.001
2026-04-04T06:37:50Z, azel, 159.978, 17.540, 0.004, 0.001
2026-04-04T06:37:55Z, azel, 159.997, 17.545, 0.004, 0.001
2026-04-04T06:38:00Z, azel, 160.016, 17.550, 0.004, 0.001
2026-04-04T06:38:05Z, azel, 160.034, 17.555, 0.004, 0.001
2026-04-04T06:38:10Z, azel, 160.053, 17.561, 0.004, 0.001
2026-04-04T06:38:15Z, azel, 160.072, 17.566, 0.004, 0.001
2026-04-04T06:38:20Z, azel, 160.091, 17.571, 0.004, 0.001
2026-04-04T06:38:25Z, azel, 160.109, 17.576, 0.004, 0.001
2026-04-04T06:38:30Z, azel, 160.128, 17.581, 0.004, 0.001
2026-04-04T06:38:35Z, azel, 160.147, 17.586, 0.004, 0.001
2026-04-04T06:38:40Z, azel, 160.166, 17.591, 0.004, 0.001
2026-04-04T06:38:45Z, azel, 160.184, 17.597, 0.004, 0.001
2026-04-04T06:38:50Z, azel, 160.203, 17.602, 0.004, 0.001
2026-04-04T06:38:55Z, azel, 160.222, 17.607, 0.004, 0.001
2026-04-04T06:39:00Z, azel, 160.241, 17.612, 0.004, 0.001
2026-04-04T06:39:05Z, azel, 160.259, 17.617, 0.004, 0.001
2026-04-04T06:39:10Z, azel, 160.278, 17.622, 0.004, 0.001
2026-04-04T06:39:15Z, azel, 160.297, 17.627, 0.004, 0.001
2026-04-04T06:39:20Z, azel, 160.316, 17.633, 0.004, 0.001
2026-04-04T06:39:25Z, azel, 160.334, 17.638, 0.004, 0.001
2026-04-04T06:39:30Z, azel, 160.353, 17.643, 0.004, 0.001
2026-04-04T06:39:35Z, azel, 160.372, 17.648, 0.004, 0.001
2026-04-04T06:39:40Z, azel, 160.391, 17.653, 0.004, 0.001
2026-04-04T06:39:45Z, azel, 160.410, 17.658, 0.004, 0.001
2026-04-04T06:39:50Z, azel, 160.428, 17.663, 0.004, 0.001
2026-04-04T06:39:55Z, azel, 160.447, 17.668, 0.004, 0.001
2026-04-04T06:40:00Z, azel, 160.466, 17.673, 0.004, 0.001
2026-04-04T06:40:05Z, azel, 160.485, 17.678, 0.004, 0.001
2026-04-04T06:40:10Z, azel, 160.504, 17.683, 0.004, 0.001
2026-04-04T06:40:15Z, azel, 160.522, 17.688, 0.004, 0.001
2026-04-04T06:40:20Z, azel, 160.541, 17.693, 0.004, 0.001
2026-04-04T06:40:25Z, azel, 160.560, 17.699, 0.004, 0.001
2026-04-04T06:40:30Z, azel, 160.579, 17.704, 0.004, 0.001
2026-04-04T06:40:35Z, azel, 160.598, 17.709, 0.004, 0.001
2026-04-04T06:40:40Z, azel, 160.616, 17.714, 0.004, 0.001
2026-04-04T06:40:45Z, azel, 160.635, 17.719, 0.004, 0.001
2026-04-04T06:40:50Z, azel, 160.654, 17.724, 0.004, 0.001
2026-04-04T06:40:55Z, azel, 160.673, 17.729, 0.004, 0.001
2026-04-04T06:41:00Z, azel, 160.692, 17.734, 0.004, 0.001
2026-04-04T06:41:05Z, azel, 160.710, 17.739, 0.004, 0.001
2026-04-04T06:41:10Z, azel, 160.729, 17.744, 0.004, 0.001
2026-04-04T06:41:15Z, azel, 160.748, 17.749, 0.004, 0.001
2026-04-04T06:41:20Z, azel, 160.767, 17.754, 0.004, 0.001
2026-04-04T06:41:25Z, azel, 160.786, 17.759, 0.004, 0.001
2026-04-04T06:41:30Z, azel, 160.804, 17.764, 0.004, 0.001
2026-04-04T06:41:35Z, azel, 160.823, 17.769, 0.004, 0.001
2026-04-04T06:41:40Z, azel, 160.842, 17.774, 0.004, 0.001
2026-04-04T06:41:45Z, azel, 160.861, 17.779, 0.004, 0.001
2026-04-04T06:41:50Z, azel, 160.880, 17.784, 0.004, 0.001
2026-04-04T06:41:55Z, azel, 160.899, 17.789, 0.004, 0.001
2026-04-04T06:42:00Z, azel, 160.917, 17.794, 0.004, 0.001
2026-04-04T06:42:05Z, azel, 160.936, 17.799, 0.004, 0.001
2026-04-04T06:42:10Z, azel, 160.955, 17.804, 0.004, 0.001
2026-04-04T06:42:15Z, azel, 160.974, 17.808, 0.004, 0.001
2026-04-04T06:42:20Z, azel, 160.993, 17.813, 0.004, 0.001
2026-04-04T06:42:25Z, azel, 161.012, 17.818, 0.004, 0.001
2026-04-04T06:42:30Z, azel, 161.030, 17.823, 0.004, 0.001
2026-04-04T06:42:35Z, azel, 161.049, 17.828, 0.004, 0.001
2026-04-04T06:42:40Z, azel, 161.068, 17.833, 0.004, 0.001
2026-04-04T06:42:45Z, azel, 161.087, 17.838, 0.004, 0.001
2026-04-04T06:42:50Z, azel, 161.106, 17.843, 0.004, 0.001
2026-04-04T06:42:55Z, azel, 161.125, 17.848, 0.004, 0.001
2026-04-04T06:43:00Z, azel, 161.144, 17.853, 0.004, 0.001
2026-04-04T06:43:05Z, azel, 161.162, 17.858, 0.004, 0.001
2026-04-04T06:43:10Z, azel, 161.181, 17.863, 0.004, 0.001
2026-04-04T06:43:15Z, azel, 161.200, 17.867, 0.004, 0.001
2026-04-04T06:43:20Z, azel, 161.219, 17.872, 0.004, 0.001
2026-04-04T06:43:25Z, azel, 161.238, 17.877, 0.004, 0.001
2026-04-04T06:43:30Z, azel, 161.257, 17.882, 0.004, 0.001
2026-04-04T06:43:35Z, azel, 161.276, 17.887, 0.004, 0.001
2026-04-04T06:43:40Z, azel, 161.295, 17.892, 0.004, 0.001
2026-04-04T06:43:45Z, azel, 161.313, 17.897, 0.004, 0.001
2026-04-04T06:43:50Z, azel, 161.332, 17.902, 0.004, 0.001
2026-04-04T06:43:55Z, azel, 161.351, 17.906, 0.004, 0.001
2026-04-04T06:44:00Z, azel, 161.370, 17.911, 0.004, 0.001
2026-04-04T06:44:05Z, azel, 161.389, 17.916, 0.004, 0.001
2026-04-04T06:44:10Z, azel, 161.408, 17.921, 0.004, 0.001
2026-04-04T06:44:15Z, azel, 161.427, 17.926, 0.004, 0.001
2026-04-04T06:44:20Z, azel, 161.446, 17.931, 0.004, 0.001
2026-04-04T06:44:25Z, azel, 161.464, 17.935, 0.004, 0.001
2026-04-04T06:44:30Z, azel, 161.483, 17.940, 0.004, 0.001
2026-04-04T06:44:35Z, azel, 161.502, 17.945, 0.004, 0.001
2026-04-04T06:44:40Z, azel, 161.521, 17.950, 0.004, 0.001
2026-04-04T06:44:45Z, azel, 161.540, 17.955, 0.004, 0.001
2026-04-04T06:44:50Z, azel, 161.559, 17.959, 0.004, 0.001
2026-04-04T06:44:55Z, azel, 161.578, 17.964, 0.004, 0.001
2026-04-04T06:45:00Z, azel, 161.597, 17.969, 0.004, 0.001
2026-04-04T06:45:05Z, azel, 161.616, 17.974, 0.004, 0.001
2026-04-04T06:45:10Z, azel, 161.635, 17.979, 0.004, 0.001
2026-04-04T06:45:15Z, azel, 161.653, 17.983, 0.004, 0.001
2026-04-04T06:45:20Z, azel, 161.672, 17.988, 0.004, 0.001
2026-04-04T06:45:25Z, azel, 161.691, 17.993, 0.004, 0.001
2026-04-04T06:45:30Z, azel, 161.710, 17.998, 0.004, 0.001
2026-04-04T06:45:35Z, azel, 161.729, 18.002, 0.004, 0.001
2026-04-04T06:45:40Z, azel, 161.748, 18.007, 0.004, 0.001
2026-04-04T06:45:45Z, azel, 161.767, 18.012, 0.004, 0.001
2026-04-04T06:45:50Z, azel, 161.786, 18.017, 0.004, 0.001
2026-04-04T06:45:55Z, azel, 161.805, 18.021, 0.004, 0.001
2026-04-04T06:46:00Z, azel, 161.824, 18.026, 0.004, 0.001
2026-04-04T06:46:05Z, azel, 161.843, 18.031, 0.004, 0.001
2026-04-04T06:46:10Z, azel, 161.862, 18.036, 0.004, 0.001
2026-04-04T06:46:15Z, azel, 161.881, 18.040, 0.004, 0.001
2026-04-04T06:46:20Z, azel, 161.899, 18.045, 0.004, 0.001
2026-04-04T06:46:25Z, azel, 161.918, 18.050, 0.004, 0.001
2026-04-04T06:46:30Z, azel, 161.937, 18.054, 0.004, 0.001
2026-04-04T06:46:35Z, azel, 161.956, 18.059, 0.004, 0.001
2026-04-04T06:46:40Z, azel, 161.975, 18.064, 0.004, 0.001
2026-04-04T06:46:45Z, azel, 161.994, 18.069, 0.004, 0.001
2026-04-04T06:46:50Z, azel, 162.013, 18.073, 0.004, 0.001
2026-04-04T06:46:55Z, azel, 162.032, 18.078, 0.004, 0.001
2026-04-04T06:47:00Z, azel, 162.051, 18.083, 0.004, 0.001
2026-04-04T06:47:05Z, azel, 162.070, 18.087, 0.004, 0.001
2026-04-04T06:47:10Z, azel, 162.089, 18.092, 0.004, 0.001
2026-04-04T06:47:15Z, azel, 162.108, 18.097, 0.004, 0.001
2026-04-04T06:47:20Z, azel, 162.127, 18.101, 0.004, 0.001
2026-04-04T06:47:25Z, azel, 162.146, 18.106, 0.004, 0.001
2026-04-04T06:47:30Z, azel, 162.165, 18.111, 0.004, 0.001
2026-04-04T06:47:35Z, azel, 162.184, 18.115, 0.004, 0.001
2026-04-04T06:47:40Z, azel, 162.203, 18.120, 0.004, 0.001
2026-04-04T06:47:45Z, azel, 162.222, 18.124, 0.004, 0.001
2026-04-04T06:47:50Z, azel, 162.241, 18.129, 0.004, 0.001
2026-04-04T06:47:55Z, azel, 162.260, 18.134, 0.004, 0.001
2026-04-04T06:48:00Z, azel, 162.278, 18.138, 0.004, 0.001
2026-04-04T06:48:05Z, azel, 162.297, 18.143, 0.004, 0.001
2026-04-04T06:48:10Z, azel, 162.316, 18.148, 0.004, 0.001
2026-04-04T06:48:15Z, azel, 162.335, 18.152, 0.004, 0.001
2026-04-04T06:48:20Z, azel, 162.354, 18.157, 0.004, 0.001
2026-04-04T06:48:25Z, azel, 162.373, 18.161, 0.004, 0.001
2026-04-04T06:48:30Z, azel, 162.392, 18.166, 0.004, 0.001
2026-04-04T06:48:35Z, azel, 162.411, 18.171, 0.004, 0.001
2026-04-04T06:48:40Z, azel, 162.430, 18.175, 0.004, 0.001
2026-04-04T06:48:45Z, azel, 162.449, 18.180, 0.004, 0.001
2026-04-04T06:48:50Z, azel, 162.468, 18.184, 0.004, 0.001
2026-04-04T06:48:55Z, azel, 162.487, 18.189, 0.004, 0.001
2026-04-04T06:49:00Z, azel, 162.506, 18.193, 0.004, 0.001
2026-04-04T06:49:05Z, azel, 162.525, 18.198, 0.004, 0.001
2026-04-04T06:49:10Z, azel, 162.544, 18.202, 0.004, 0.001
2026-04-04T06:49:15Z, azel, 162.563, 18.207, 0.004, 0.001
2026-04-04T06:49:20Z, azel, 162.582, 18.212, 0.004, 0.001
2026-04-04T06:49:25Z, azel, 162.601, 18.216, 0.004, 0.001
2026-04-04T06:49:30Z, azel, 162.620, 18.221, 0.004, 0.001
2026-04-04T06:49:35Z, azel, 162.639, 18.225, 0.004, 0.001
2026-04-04T06:49:40Z, azel, 162.658, 18.230, 0.004, 0.001
2026-04-04T06:49:45Z, azel, 162.677, 18.234, 0.004, 0.001
2026-04-04T06:49:50Z, azel, 162.696, 18.239, 0.004, 0.001
2026-04-04T06:49:55Z, azel, 162.715, 18.243, 0.004, 0.001
2026-04-04T06:50:00Z, azel, 162.734, 18.248, 0.004, 0.001
2026-04-04T06:50:05Z, azel, 162.753, 18.252, 0.004, 0.001
2026-04-04T06:50:10Z, azel, 162.772, 18.257, 0.004, 0.001
2026-04-04T06:50:15Z, azel, 162.791, 18.261, 0.004, 0.001
2026-04-04T06:50:20Z, azel, 162.810, 18.266, 0.004, 0.001
2026-04-04T06:50:25Z, azel, 162.829, 18.270, 0.004, 0.001
2026-04-04T06:50:30Z, azel, 162.848, 18.275, 0.004, 0.001
2026-04-04T06:50:35Z, azel, 162.867, 18.279, 0.004, 0.001
2026-04-04T06:50:40Z, azel, 162.886, 18.284, 0.004, 0.001
2026-04-04T06:50:45Z, azel, 162.906, 18.288, 0.004, 0.001
2026-04-04T06:50:50Z, azel, 162.925, 18.292, 0.004, 0.001
2026-04-04T06:50:55Z, azel, 162.944, 18.297, 0.004, 0.001
2026-04-04T06:51:00Z, azel, 162.963, 18.301, 0.004, 0.001
2026-04-04T06:51:05Z, azel, 162.982, 18.306, 0.004, 0.001
2026-04-04T06:51:10Z, azel, 163.001, 18.310, 0.004, 0.001
2026-04-04T06:51:15Z, azel, 163.020, 18.315, 0.004, 0.001
2026-04-04T06:51:20Z, azel, 163.039, 18.319, 0.004, 0.001
2026-04-04T06:51:25Z, azel, 163.058, 18.324, 0.004, 0.001
2026-04-04T06:51:30Z, azel, 163.077, 18.328, 0.004, 0.001
2026-04-04T06:51:35Z, azel, 163.096, 18.332, 0.004, 0.001
2026-04-04T06:51:40Z, azel, 163.115, 18.337, 0.004, 0.001
2026-04-04T06:51:45Z, azel, 163.134, 18.341, 0.004, 0.001
2026-04-04T06:51:50Z, azel, 163.153, 18.346, 0.004, 0.001
2026-04-04T06:51:55Z, azel, 163.172, 18.350, 0.004, 0.001
2026-04-04T06:52:00Z, azel, 163.191, 18.354, 0.004, 0.001
2026-04-04T06:52:05Z, azel, 163.210, 18.359, 0.004, 0.001
2026-04-04T06:52:10Z, azel, 163.229, 18.363, 0.004, 0.001
2026-04-04T06:52:15Z, azel, 163.248, 18.367, 0.004, 0.001
2026-04-04T06:52:20Z, azel, 163.267, 18.372, 0.004, 0.001
2026-04-04T06:52:25Z, azel, 163.286, 18.376, 0.004, 0.001
2026-04-04T06:52:30Z, azel, 163.306, 18.381, 0.004, 0.001
2026-04-04T06:52:35Z, azel, 163.325, 18.385, 0.004, 0.001
2026-04-04T06:52:40Z, azel, 163.344, 18.389, 0.004, 0.001
2026-04-04T06:52:45Z, azel, 163.363, 18.394, 0.004, 0.001
2026-04-04T06:52:50Z, azel, 163.382, 18.398, 0.004, 0.001
2026-04-04T06:52:55Z, azel, 163.401, 18.402, 0.004, 0.001
2026-04-04T06:53:00Z, azel, 163.420, 18.407, 0.004, 0.001
2026-04-04T06:53:05Z, azel, 163.439, 18.411, 0.004, 0.001
2026-04-04T06:53:10Z, azel, 163.458, 18.415, 0.004, 0.001
2026-04-04T06:53:15Z, azel, 163.477, 18.420, 0.004, 0.001
2026-04-04T06:53:20Z, azel, 163.496, 18.424, 0.004, 0.001
2026-04-04T06:53:25Z, azel, 163.515, 18.428, 0.004, 0.001
2026-04-04T06:53:30Z, azel, 163.534, 18.432, 0.004, 0.001
2026-04-04T06:53:35Z, azel, 163.554, 18.437, 0.004, 0.001
2026-04-04T06:53:40Z, azel, 163.573, 18.441, 0.004, 0.001
2026-04-04T06:53:45Z, azel, 163.592, 18.445, 0.004, 0.001
2026-04-04T06:53:50Z, azel, 163.611, 18.450, 0.004, 0.001
2026-04-04T06:53:55Z, azel, 163.630, 18.454, 0.004, 0.001
2026-04-04T06:54:00Z, azel, 163.649, 18.458, 0.004, 0.001
2026-04-04T06:54:05Z, azel, 163.668, 18.462, 0.004, 0.001
2026-04-04T06:54:10Z, azel, 163.687, 18.467, 0.004, 0.001
2026-04-04T06:54:15Z, azel, 163.706, 18.471, 0.004, 0.001
2026-04-04T06:54:20Z, azel, 163.725, 18.475, 0.004, 0.001
2026-04-04T06:54:25Z, azel, 163.745, 18.479, 0.004, 0.001
2026-04-04T06:54:30Z, azel, 163.764, 18.484, 0.004, 0.001
2026-04-04T06:54:35Z, azel, 163.783, 18.488, 0.004, 0.001
2026-04-04T06:54:40Z, azel, 163.802, 18.492, 0.004, 0.001
2026-04-04T06:54:45Z, azel, 163.821, 18.496, 0.004, 0.001
2026-04-04T06:54:50Z, azel, 163.840, 18.501, 0.004, 0.001
2026-04-04T06:54:55Z, azel, 163.859, 18.505, 0.004, 0.001
2026-04-04T06:55:00Z, azel, 163.878, 18.509, 0.004, 0.001
2026-04-04T06:55:05Z, azel, 163.897, 18.513, 0.004, 0.001
2026-04-04T06:55:10Z, azel, 163.917, 18.517, 0.004, 0.001
2026-04-04T06:55:15Z, azel, 163.936, 18.522, 0.004, 0.001
2026-04-04T06:55:20Z, azel, 163.955, 18.526, 0.004, 0.001
2026-04-04T06:55:25Z, azel, 163.974, 18.530, 0.004, 0.001
2026-04-04T06:55:30Z, azel, 163.993, 18.534, 0.004, 0.001
2026-04-04T06:55:35Z, azel, 164.012, 18.538, 0.004, 0.001
2026-04-04T06:55:40Z, azel, 164.031, 18.542, 0.004, 0.001
2026-04-04T06:55:45Z, azel, 164.050, 18.547, 0.004, 0.001
2026-04-04T06:55:50Z, azel, 164.070, 18.551, 0.004, 0.001
2026-04-04T06:55:55Z, azel, 164.089, 18.555, 0.004, 0.001
2026-04-04T06:56:00Z, azel, 164.108, 18.559, 0.004, 0.001
2026-04-04T06:56:05Z, azel, 164.127, 18.563, 0.004, 0.001
2026-04-04T06:56:10Z, azel, 164.146, 18.567, 0.004, 0.001
2026-04-04T06:56:15Z, azel, 164.165, 18.572, 0.004, 0.001
2026-04-04T06:56:20Z, azel, 164.184, 18.576, 0.004, 0.001
2026-04-04T06:56:25Z, azel, 164.204, 18.580, 0.004, 0.001
2026-04-04T06:56:30Z, azel, 164.223, 18.584, 0.004, 0.001
2026-04-04T06:56:35Z, azel, 164.242, 18.588, 0.004, 0.001
2026-04-04T06:56:40Z, azel, 164.261, 18.592, 0.004, 0.001
2026-04-04T06:56:45Z, azel, 164.280, 18.596, 0.004, 0.001
2026-04-04T06:56:50Z, azel, 164.299, 18.600, 0.004, 0.001
2026-04-04T06:56:55Z, azel, 164.319, 18.604, 0.004, 0.001
2026-04-04T06:57:00Z, azel, 164.338, 18.609, 0.004, 0.001
2026-04-04T06:57:05Z, azel, 164.357, 18.613, 0.004, 0.001
2026-04-04T06:57:10Z, azel, 164.376, 18.617, 0.004, 0.001
2026-04-04T06:57:15Z, azel, 164.395, 18.621, 0.004, 0.001
2026-04-04T06:57:20Z, azel, 164.414, 18.625, 0.004, 0.001
2026-04-04T06:57:25Z, azel, 164.433, 18.629, 0.004, 0.001
2026-04-04T06:57:30Z, azel, 164.453, 18.633, 0.004, 0.001
2026-04-04T06:57:35Z, azel, 164.472, 18.637, 0.004, 0.001
2026-04-04T06:57:40Z, azel, 164.491, 18.641, 0.004, 0.001
2026-04-04T06:57:45Z, azel, 164.510, 18.645, 0.004, 0.001
2026-04-04T06:57:50Z, azel, 164.529, 18.649, 0.004, 0.001
2026-04-04T06:57:55Z, azel, 164.549, 18.653, 0.004, 0.001
2026-04-04T06:58:00Z, azel, 164.568, 18.657, 0.004, 0.001
2026-04-04T06:58:05Z, azel, 164.587, 18.661, 0.004, 0.001
2026-04-04T06:58:10Z, azel, 164.606, 18.665, 0.004, 0.001
2026-04-04T06:58:15Z, azel, 164.625, 18.669, 0.004, 0.001
2026-04-04T06:58:20Z, azel, 164.644, 18.673, 0.004, 0.001
2026-04-04T06:58:25Z, azel, 164.664, 18.677, 0.004, 0.001
2026-04-04T06:58:30Z, azel, 164.683, 18.681, 0.004, 0.001
2026-04-04T06:58:35Z, azel, 164.702, 18.685, 0.004, 0.001
2026-04-04T06:58:40Z, azel, 164.721, 18.689, 0.004, 0.001
2026-04-04T06:58:45Z, azel, 164.740, 18.693, 0.004, 0.001
2026-04-04T06:58:50Z, azel, 164.760, 18.697, 0.004, 0.001
2026-04-04T06:58:55Z, azel, 164.779, 18.701, 0.004, 0.001
2026-04-04T06:59:00Z, azel, 164.798, 18.705, 0.004, 0.001
2026-04-04T06:59:05Z, azel, 164.817, 18.709, 0.004, 0.001
2026-04-04T06:59:10Z, azel, 164.836, 18.713, 0.004, 0.001
2026-04-04T06:59:15Z, azel, 164.856, 18.717, 0.004, 0.001
2026-04-04T06:59:20Z, azel, 164.875, 18.721, 0.004, 0.001
2026-04-04T06:59:25Z, azel, 164.894, 18.725, 0.004, 0.001
2026-04-04T06:59:30Z, azel, 164.913, 18.729, 0.004, 0.001
2026-04-04T06:59:35Z, azel, 164.932, 18.733, 0.004, 0.001
2026-04-04T06:59:40Z, azel, 164.952, 18.737, 0.004, 0.001
2026-04-04T06:59:45Z, azel, 164.971, 18.741, 0.004, 0.001
2026-04-04T06:59:50Z, azel, 164.990, 18.745, 0.004, 0.001
2026-04-04T06:59:55Z, azel, 165.009, 18.749, 0.004, 0.001
2026-04-04T07:00:00Z, azel, 165.028, 18.753, 0.004, 0.001
2026-04-04T07:00:05Z, azel, 165.048, 18.757, 0.004, 0.001
2026-04-04T07:00:10Z, azel, 165.067, 18.760, 0.004, 0.001
2026-04-04T07:00:15Z, azel, 165.086, 18.764, 0.004, 0.001
2026-04-04T07:00:20Z, azel, 165.105, 18.768, 0.004, 0.001
2026-04-04T07:00:25Z, azel, 165.125, 18.772, 0.004, 0.001
2026-04-04T07:00:30Z, azel, 165.144, 18.776, 0.004, 0.001
2026-04-04T07:00:35Z, azel, 165.163, 18.780, 0.004, 0.001
2026-04-04T07:00:40Z, azel, 165.182, 18.784, 0.004, 0.001
2026-04-04T07:00:45Z, azel, 165.201, 18.788, 0.004, 0.001
2026-04-04T07:00:50Z, azel, 165.221, 18.792, 0.004, 0.001
2026-04-04T07:00:55Z, azel, 165.240, 18.795, 0.004, 0.001
2026-04-04T07:01:00Z, azel, 165.259, 18.799, 0.004, 0.001
2026-04-04T07:01:05Z, azel, 165.278, 18.803, 0.004, 0.001
2026-04-04T07:01:10Z, azel, 165.298, 18.807, 0.004, 0.001
2026-04-04T07:01:15Z, azel, 165.317, 18.811, 0.004, 0.001
2026-04-04T07:01:20Z, azel, 165.336, 18.815, 0.004, 0.001
2026-04-04T07:01:25Z, azel, 165.355, 18.818, 0.004, 0.001
2026-04-04T07:01:30Z, azel, 165.375, 18.822, 0.004, 0.001
2026-04-04T07:01:35Z, azel, 165.394, 18.826, 0.004, 0.001
2026-04-04T07:01:40Z, azel, 165.413, 18.830, 0.004, 0.001
2026-04-04T07:01:45Z, azel, 165.432, 18.834, 0.004, 0.001
2026-04-04T07:01:50Z, azel, 165.452, 18.838, 0.004, 0.001
2026-04-04T07:01:55Z, azel, 165.471, 18.841, 0.004, 0.001
2026-04-04T07:02:00Z, azel, 165.490, 18.845, 0.004, 0.001
2026-04-04T07:02:05Z, azel, 165.509, 18.849, 0.004, 0.001
2026-04-04T07:02:10Z, azel, 165.529, 18.853, 0.004, 0.001
2026-04-04T07:02:15Z, azel, 165.548, 18.856, 0.004, 0.001
2026-04-04T07:02:20Z, azel, 165.567, 18.860, 0.004, 0.001
2026-04-04T07:02:25Z, azel, 165.586, 18.864, 0.004, 0.001
2026-04-04T07:02:30Z, azel, 165.606, 18.868, 0.004, 0.001
2026-04-04T07:02:35Z, azel, 165.625, 18.872, 0.004, 0.001
2026-04-04T07:02:40Z, azel, 165.644, 18.875, 0.004, 0.001
2026-04-04T07:02:45Z, azel, 165.663, 18.879, 0.004, 0.001
2026-04-04T07:02:50Z, azel, 165.683, 18.883, 0.004, 0.001
2026-04-04T07:02:55Z, azel, 165.702, 18.887, 0.004, 0.001
2026-04-04T07:03:00Z, azel, 165.721, 18.890, 0.004, 0.001
2026-04-04T07:03:05Z, azel, 165.741, 18.894, 0.004, 0.001
2026-04-04T07:03:10Z, azel, 165.760, 18.898, 0.004, 0.001
2026-04-04T07:03:15Z, azel, 165.779, 18.901, 0.004, 0.001
2026-04-04T07:03:20Z, azel, 165.798, 18.905, 0.004, 0.001
2026-04-04T07:03:25Z, azel, 165.818, 18.909, 0.004, 0.001
2026-04-04T07:03:30Z, azel, 165.837, 18.913, 0.004, 0.001
2026-04-04T07:03:35Z, azel, 165.856, 18.916, 0.004, 0.001
2026-04-04T07:03:40Z, azel, 165.876, 18.920, 0.004, 0.001
2026-04-04T07:03:45Z, azel, 165.895, 18.924, 0.004, 0.001
2026-04-04T07:03:50Z, azel, 165.914, 18.927, 0.004, 0.001
2026-04-04T07:03:55Z, azel, 165.933, 18.931, 0.004, 0.001
2026-04-04T07:04:00Z, azel, 165.953, 18.935, 0.004, 0.001
2026-04-04T07:04:05Z, azel, 165.972, 18.938, 0.004, 0.001
2026-04-04T07:04:10Z, azel, 165.991, 18.942, 0.004, 0.001
2026-04-04T07:04:15Z, azel, 166.011, 18.946, 0.004, 0.001
2026-04-04T07:04:20Z, azel, 166.030, 18.949, 0.004, 0.001
2026-04-04T07:04:25Z, azel, 166.049, 18.953, 0.004, 0.001
2026-04-04T07:04:30Z, azel, 166.068, 18.957, 0.004, 0.001
2026-04-04T07:04:35Z, azel, 166.088, 18.960, 0.004, 0.001
2026-04-04T07:04:40Z, azel, 166.107, 18.964, 0.004, 0.001
2026-04-04T07:04:45Z, azel, 166.126, 18.968, 0.004, 0.001
2026-04-04T07:04:50Z, azel, 166.146, 18.971, 0.004, 0.001
2026-04-04T07:04:55Z, azel, 166.165, 18.975, 0.004, 0.001
2026-04-04T07:05:00Z, azel, 166.184, 18.978, 0.004, 0.001
2026-04-04T07:05:05Z, azel, 166.204, 18.982, 0.004, 0.001
2026-04-04T07:05:10Z, azel, 166.223, 18.986, 0.004, 0.001
2026-04-04T07:05:15Z, azel, 166.242, 18.989, 0.004, 0.001
2026-04-04T07:05:20Z, azel, 166.262, 18.993, 0.004, 0.001
2026-04-04T07:05:25Z, azel, 166.281, 18.996, 0.004, 0.001
2026-04-04T07:05:30Z, azel, 166.300, 19.000, 0.004, 0.001
2026-04-04T07:05:35Z, azel, 166.320, 19.004, 0.004, 0.001
2026-04-04T07:05:40Z, azel, 166.339, 19.007, 0.004, 0.001
2026-04-04T07:05:45Z, azel, 166.358, 19.011, 0.004, 0.001
2026-04-04T07:05:50Z, azel, 166.377, 19.014, 0.004, 0.001
2026-04-04T07:05:55Z, azel, 166.397, 19.018, 0.004, 0.001
2026-04-04T07:06:00Z, azel, 166.416, 19.021, 0.004, 0.001
2026-04-04T07:06:05Z, azel, 166.435, 19.025, 0.004, 0.001
2026-04-04T07:06:10Z, azel, 166.455, 19.029, 0.004, 0.001
2026-04-04T07:06:15Z, azel, 166.474, 19.032, 0.004, 0.001
2026-04-04T07:06:20Z, azel, 166.493, 19.036, 0.004, 0.001
2026-04-04T07:06:25Z, azel, 166.513, 19.039, 0.004, 0.001
2026-04-04T07:06:30Z, azel, 166.532, 19.043, 0.004, 0.001
2026-04-04T07:06:35Z, azel, 166.551, 19.046, 0.004, 0.001
2026-04-04T07:06:40Z, azel, 166.571, 19.050, 0.004, 0.001
2026-04-04T07:06:45Z, azel, 166.590, 19.053, 0.004, 0.001
2026-04-04T07:06:50Z, azel, 166.609, 19.057, 0.004, 0.001
2026-04-04T07:06:55Z, azel, 166.629, 19.060, 0.004, 0.001
2026-04-04T07:07:00Z, azel, 166.648, 19.064, 0.004, 0.001
2026-04-04T07:07:05Z, azel, 166.668, 19.067, 0.004, 0.001
2026-04-04T07:07:10Z, azel, 166.687, 19.071, 0.004, 0.001
2026-04-04T07:07:15Z, azel, 166.706, 19.074, 0.004, 0.001
2026-04-04T07:07:20Z, azel, 166.726, 19.078, 0.004, 0.001
2026-04-04T07:07:25Z, azel, 166.745, 19.081, 0.004, 0.001
2026-04-04T07:07:30Z, azel, 166.764, 19.085, 0.004, 0.001
2026-04-04T07:07:35Z, azel, 166.784, 19.088, 0.004, 0.001
2026-04-04T07:07:40Z, azel, 166.803, 19.092, 0.004, 0.001
2026-04-04T07:07:45Z, azel, 166.822, 19.095, 0.004, 0.001
2026-04-04T07:07:50Z, azel, 166.842, 19.098, 0.004, 0.001
2026-04-04T07:07:55Z, azel, 166.861, 19.102, 0.004, 0.001
2026-04-04T07:08:00Z, azel, 166.880, 19.105, 0.004, 0.001
2026-04-04T07:08:05Z, azel, 166.900, 19.109, 0.004, 0.001
2026-04-04T07:08:10Z, azel, 166.919, 19.112, 0.004, 0.001
2026-04-04T07:08:15Z, azel, 166.939, 19.116, 0.004, 0.001
2026-04-04T07:08:20Z, azel, 166.958, 19.119, 0.004, 0.001
2026-04-04T07:08:25Z, azel, 166.977, 19.122, 0.004, 0.001
2026-04-04T07:08:30Z, azel, 166.997, 19.126, 0.004, 0.001
2026-04-04T07:08:35Z, azel, 167.016, 19.129, 0.004, 0.001
2026-04-04T07:08:40Z, azel, 167.035, 19.133, 0.004, 0.001
2026-04-04T07:08:45Z, azel, 167.055, 19.136, 0.004, 0.001
2026-04-04T07:08:50Z, azel, 167.074, 19.139, 0.004, 0.001
2026-04-04T07:08:55Z, azel, 167.093, 19.143, 0.004, 0.001
2026-04-04T07:09:00Z, azel, 167.113, 19.146, 0.004, 0.001
2026-04-04T07:09:05Z, azel, 167.132, 19.150, 0.004, 0.001
2026-04-04T07:09:10Z, azel, 167.152, 19.153, 0.004, 0.001
2026-04-04T07:09:15Z, azel, 167.171, 19.156, 0.004, 0.001
2026-04-04T07:09:20Z, azel, 167.190, 19.160, 0.004, 0.001
2026-04-04T07:09:25Z, azel, 167.210, 19.163, 0.004, 0.001
2026-04-04T07:09:30Z, azel, 167.229, 19.166, 0.004, 0.001
2026-04-04T07:09:35Z, azel, 167.249, 19.170, 0.004, 0.001
2026-04-04T07:09:40Z, azel, 167.268, 19.173, 0.004, 0.001
2026-04-04T07:09:45Z, azel, 167.287, 19.176, 0.004, 0.001
2026-04-04T07:09:50Z, azel, 167.307, 19.180, 0.004, 0.001
2026-04-04T07:09:55Z, azel, 167.326, 19.183, 0.004, 0.001
2026-04-04T07:10:00Z, azel, 167.346, 19.186, 0.004, 0.001
2026-04-04T07:10:05Z, azel, 167.365, 19.190, 0.004, 0.001
2026-04-04T07:10:10Z, azel, 167.384, 19.193, 0.004, 0.001
2026-04-04T07:10:15Z, azel, 167.404, 19.196, 0.004, 0.001
2026-04-04T07:10:20Z, azel, 167.423, 19.200, 0.004, 0.001
2026-04-04T07:10:25Z, azel, 167.443, 19.203, 0.004, 0.001
2026-04-04T07:10:30Z, azel, 167.462, 19.206, 0.004, 0.001
2026-04-04T07:10:35Z, azel, 167.481, 19.209, 0.004, 0.001
2026-04-04T07:10:40Z, azel, 167.501, 19.213, 0.004, 0.001
2026-04-04T07:10:45Z, azel, 167.520, 19.216, 0.004, 0.001
2026-04-04T07:10:50Z, azel, 167.540, 19.219, 0.004, 0.001
2026-04-04T07:10:55Z, azel, 167.559, 19.222, 0.004, 0.001
2026-04-04T07:11:00Z, azel, 167.578, 19.226, 0.004, 0.001
2026-04-04T07:11:05Z, azel, 167.598, 19.229, 0.004, 0.001
2026-04-04T07:11:10Z, azel, 167.617, 19.232, 0.004, 0.001
2026-04-04T07:11:15Z, azel, 167.637, 19.235, 0.004, 0.001
2026-04-04T07:11:20Z, azel, 167.656, 19.239, 0.004, 0.001
2026-04-04T07:11:25Z, azel, 167.675, 19.242, 0.004, 0.001
2026-04-04T07:11:30Z, azel, 167.695, 19.245, 0.004, 0.001
2026-04-04T07:11:35Z, azel, 167.714, 19.248, 0.004, 0.001
2026-04-04T07:11:40Z, azel, 167.734, 19.252, 0.004, 0.001
2026-04-04T07:11:45Z, azel, 167.753, 19.255, 0.004, 0.001
2026-04-04T07:11:50Z, azel, 167.773, 19.258, 0.004, 0.001
2026-04-04T07:11:55Z, azel, 167.792, 19.261, 0.004, 0.001
2026-04-04T07:12:00Z, azel, 167.811, 19.264, 0.004, 0.001
2026-04-04T07:12:05Z, azel, 167.831, 19.268, 0.004, 0.001
2026-04-04T07:12:10Z, azel, 167.850, 19.271, 0.004, 0.001
2026-04-04T07:12:15Z, azel, 167.870, 19.274, 0.004, 0.001
2026-04-04T07:12:20Z, azel, 167.889, 19.277, 0.004, 0.001
2026-04-04T07:12:25Z, azel, 167.909, 19.280, 0.004, 0.001
2026-04-04T07:12:30Z, azel, 167.928, 19.283, 0.004, 0.001
2026-04-04T07:12:35Z, azel, 167.947, 19.287, 0.004, 0.001
2026-04-04T07:12:40Z, azel, 167.967, 19.290, 0.004, 0.001
2026-04-04T07:12:45Z, azel, 167.986, 19.293, 0.004, 0.001
2026-04-04T07:12:50Z, azel, 168.006, 19.296, 0.004, 0.001
2026-04-04T07:12:55Z, azel, 168.025, 19.299, 0.004, 0.001
2026-04-04T07:13:00Z, azel, 168.045, 19.302, 0.004, 0.001
2026-04-04T07:13:05Z, azel, 168.064, 19.305, 0.004, 0.001
2026-04-04T07:13:10Z, azel, 168.084, 19.309, 0.004, 0.001
2026-04-04T07:13:15Z, azel, 168.103, 19.312, 0.004, 0.001
2026-04-04T07:13:20Z, azel, 168.122, 19.315, 0.004, 0.001
2026-04-04T07:13:25Z, azel, 168.142, 19.318, 0.004, 0.001
2026-04-04T07:13:30Z, azel, 168.161, 19.321, 0.004, 0.001
2026-04-04T07:13:35Z, azel, 168.181, 19.324, 0.004, 0.001
2026-04-04T07:13:40Z, azel, 168.200, 19.327, 0.004, 0.001
2026-04-04T07:13:45Z, azel, 168.220, 19.330, 0.004, 0.001
2026-04-04T07:13:50Z, azel, 168.239, 19.333, 0.004, 0.001
2026-04-04T07:13:55Z, azel, 168.259, 19.336, 0.004, 0.001
2026-04-04T07:14:00Z, azel, 168.278, 19.340, 0.004, 0.001
2026-04-04T07:14:05Z, azel, 168.298, 19.343, 0.004, 0.001
2026-04-04T07:14:10Z, azel, 168.317, 19.346, 0.004, 0.001
2026-04-04T07:14:15Z, azel, 168.336, 19.349, 0.004, 0.001
2026-04-04T07:14:20Z, azel, 168.356, 19.352, 0.004, 0.001
2026-04-04T07:14:25Z, azel, 168.375, 19.355, 0.004, 0.001
2026-04-04T07:14:30Z, azel, 168.395, 19.358, 0.004, 0.001
2026-04-04T07:14:35Z, azel, 168.414, 19.361, 0.004, 0.001
2026-04-04T07:14:40Z, azel, 168.434, 19.364, 0.004, 0.001
2026-04-04T07:14:45Z, azel, 168.453, 19.367, 0.004, 0.001
2026-04-04T07:14:50Z, azel, 168.473, 19.370, 0.004, 0.001
2026-04-04T07:14:55Z, azel, 168.492, 19.373, 0.004, 0.001
2026-04-04T07:15:00Z, azel, 168.512, 19.376, 0.004, 0.001
2026-04-04T07:15:05Z, azel, 168.531, 19.379, 0.004, 0.001
2026-04-04T07:15:10Z, azel, 168.551, 19.382, 0.004, 0.001
2026-04-04T07:15:15Z, azel, 168.570, 19.385, 0.004, 0.001
2026-04-04T07:15:20Z, azel, 168.590, 19.388, 0.004, 0.001
2026-04-04T07:15:25Z, azel, 168.609, 19.391, 0.004, 0.001
2026-04-04T07:15:30Z, azel, 168.629, 19.394, 0.004, 0.001
2026-04-04T07:15:35Z, azel, 168.648, 19.397, 0.004, 0.001
2026-04-04T07:15:40Z, azel, 168.668, 19.400, 0.004, 0.001
2026-04-04T07:15:45Z, azel, 168.687, 19.403, 0.004, 0.001
2026-04-04T07:15:50Z, azel, 168.707, 19.406, 0.004, 0.001
2026-04-04T07:15:55Z, azel, 168.726, 19.409, 0.004, 0.001
2026-04-04T07:16:00Z, azel, 168.745, 19.412, 0.004, 0.001
2026-04-04T07:16:05Z, azel, 168.765, 19.415, 0.004, 0.001
2026-04-04T07:16:10Z, azel, 168.784, 19.418, 0.004, 0.001
2026-04-04T07:16:15Z, azel, 168.804, 19.421, 0.004, 0.001
2026-04-04T07:16:20Z, azel, 168.823, 19.424, 0.004, 0.001
2026-04-04T07:16:25Z, azel, 168.843, 19.426, 0.004, 0.001
2026-04-04T07:16:30Z, azel, 168.862, 19.429, 0.004, 0.001
2026-04-04T07:16:35Z, azel, 168.882, 19.432, 0.004, 0.001
2026-04-04T07:16:40Z, azel, 168.901, 19.435, 0.004, 0.001
2026-04-04T07:16:45Z, azel, 168.921, 19.438, 0.004, 0.001
2026-04-04T07:16:50Z, azel, 168.940, 19.441, 0.004, 0.001
2026-04-04T07:16:55Z, azel, 168.960, 19.444, 0.004, 0.001
2026-04-04T07:17:00Z, azel, 168.979, 19.447, 0.004, 0.001
2026-04-04T07:17:05Z, azel, 168.999, 19.450, 0.004, 0.001
2026-04-04T07:17:10Z, azel, 169.018, 19.453, 0.004, 0.001
2026-04-04T07:17:15Z, azel, 169.038, 19.455, 0.004, 0.001
2026-04-04T07:17:20Z, azel, 169.057, 19.458, 0.004, 0.001
2026-04-04T07:17:25Z, azel, 169.077, 19.461, 0.004, 0.001
2026-04-04T07:17:30Z, azel, 169.097, 19.464, 0.004, 0.001
2026-04-04T07:17:35Z, azel, 169.116, 19.467, 0.004, 0.001
2026-04-04T07:17:40Z, azel, 169.136, 19.470, 0.004, 0.001
2026-04-04T07:17:45Z, azel, 169.155, 19.473, 0.004, 0.001
2026-04-04T07:17:50Z, azel, 169.175, 19.475, 0.004, 0.001
2026-04-04T07:17:55Z, azel, 169.194, 19.478, 0.004, 0.001
2026-04-04T07:18:00Z, azel, 169.214, 19.481, 0.004, 0.001
2026-04-04T07:18:05Z, azel, 169.233, 19.484, 0.004, 0.001
2026-04-04T07:18:10Z, azel, 169.253, 19.487, 0.004, 0.001
2026-04-04T07:18:15Z, azel, 169.272, 19.490, 0.004, 0.001
2026-04-04T07:18:20Z, azel, 169.292, 19.492, 0.004, 0.001
2026-04-04T07:18:25Z, azel, 169.311, 19.495, 0.004, 0.001
2026-04-04T07:18:30Z, azel, 169.331, 19.498, 0.004, 0.001
2026-04-04T07:18:35Z, azel, 169.350, 19.501, 0.004, 0.001
2026-04-04T07:18:40Z, azel, 169.370, 19.504, 0.004, 0.001
2026-04-04T07:18:45Z, azel, 169.389, 19.506, 0.004, 0.001
2026-04-04T07:18:50Z, azel, 169.409, 19.509, 0.004, 0.001
2026-04-04T07:18:55Z, azel, 169.428, 19.512, 0.004, 0.001
2026-04-04T07:19:00Z, azel, 169.448, 19.515, 0.004, 0.001
2026-04-04T07:19:05Z, azel, 169.467, 19.517, 0.004, 0.001
2026-04-04T07:19:10Z, azel, 169.487, 19.520, 0.004, 0.001
2026-04-04T07:19:15Z, azel, 169.507, 19.523, 0.004, 0.001
2026-04-04T07:19:20Z, azel, 169.526, 19.526, 0.004, 0.001
2026-04-04T07:19:25Z, azel, 169.546, 19.528, 0.004, 0.001
2026-04-04T07:19:30Z, azel, 169.565, 19.531, 0.004, 0.001
2026-04-04T07:19:35Z, azel, 169.585, 19.534, 0.004, 0.001
2026-04-04T07:19:40Z, azel, 169.604, 19.537, 0.004, 0.001
2026-04-04T07:19:45Z, azel, 169.624, 19.539, 0.004, 0.001
2026-04-04T07:19:50Z, azel, 169.643, 19.542, 0.004, 0.001
2026-04-04T07:19:55Z, azel, 169.663, 19.545, 0.004, 0.001
2026-04-04T07:20:00Z, azel, 169.682, 19.547, 0.004, 0.001
2026-04-04T07:20:05Z, azel, 169.702, 19.550, 0.004, 0.001
2026-04-04T07:20:10Z, azel, 169.722, 19.553, 0.004, 0.001
2026-04-04T07:20:15Z, azel, 169.741, 19.556, 0.004, 0.001
2026-04-04T07:20:20Z, azel, 169.761, 19.558, 0.004, 0.001
2026-04-04T07:20:25Z, azel, 169.780, 19.561, 0.004, 0.001
2026-04-04T07:20:30Z, azel, 169.800, 19.564, 0.004, 0.001
2026-04-04T07:20:35Z, azel, 169.819, 19.566, 0.004, 0.001
2026-04-04T07:20:40Z, azel, 169.839, 19.569, 0.004, 0.001
2026-04-04T07:20:45Z, azel, 169.858, 19.572, 0.004, 0.001
2026-04-04T07:20:50Z, azel, 169.878, 19.574, 0.004, 0.001
2026-04-04T07:20:55Z, azel, 169.898, 19.577, 0.004, 0.001
2026-04-04T07:21:00Z, azel, 169.917, 19.579, 0.004, 0.001
2026-04-04T07:21:05Z, azel, 169.937, 19.582, 0.004, 0.001
2026-04-04T07:21:10Z, azel, 169.956, 19.585, 0.004, 0.001
2026-04-04T07:21:15Z, azel, 169.976, 19.587, 0.004, 0.001
2026-04-04T07:21:20Z, azel, 169.995, 19.590, 0.004, 0.001
2026-04-04T07:21:25Z, azel, 170.015, 19.593, 0.004, 0.001
2026-04-04T07:21:30Z, azel, 170.034, 19.595, 0.004, 0.001
2026-04-04T07:21:35Z, azel, 170.054, 19.598, 0.004, 0.001
2026-04-04T07:21:40Z, azel, 170.074, 19.600, 0.004, 0.001
2026-04-04T07:21:45Z, azel, 170.093, 19.603, 0.004, 0.001
2026-04-04T07:21:50Z, azel, 170.113, 19.606, 0.004, 0.001
2026-04-04T07:21:55Z, azel, 170.132, 19.608, 0.004, 0.001
2026-04-04T07:22:00Z, azel, 170.152, 19.611, 0.004, 0.001
2026-04-04T07:22:05Z, azel, 170.171, 19.613, 0.004, 0.001
2026-04-04T07:22:10Z, azel, 170.191, 19.616, 0.004, 0.001
2026-04-04T07:22:15Z, azel, 170.211, 19.619, 0.004, 0.001
2026-04-04T07:22:20Z, azel, 170.230, 19.621, 0.004, 0.001
2026-04-04T07:22:25Z, azel, 170.250, 19.624, 0.004, 0.001
2026-04-04T07:22:30Z, azel, 170.269, 19.626, 0.004, 0.001
2026-04-04T07:22:35Z, azel, 170.289, 19.629, 0.004, 0.001
2026-04-04T07:22:40Z, azel, 170.308, 19.631, 0.004, 0.001
2026-04-04T07:22:45Z, azel, 170.328, 19.634, 0.004, 0.001
2026-04-04T07:22:50Z, azel, 170.348, 19.636, 0.004, 0.001
2026-04-04T07:22:55Z, azel, 170.367, 19.639, 0.004, 0.001
2026-04-04T07:23:00Z, azel, 170.387, 19.641, 0.004, 0.001
2026-04-04T07:23:05Z, azel, 170.406, 19.644, 0.004, 0.001
2026-04-04T07:23:10Z, azel, 170.426, 19.646, 0.004, 0.001
2026-04-04T07:23:15Z, azel, 170.446, 19.649, 0.004, 0.000
2026-04-04T07:23:20Z, azel, 170.465, 19.651, 0.004, 0.000
2026-04-04T07:23:25Z, azel, 170.485, 19.654, 0.004, 0.000
2026-04-04T07:23:30Z, azel, 170.504, 19.656, 0.004, 0.000
2026-04-04T07:23:35Z, azel, 170.524, 19.659, 0.004, 0.000
2026-04-04T07:23:40Z, azel, 170.544, 19.661, 0.004, 0.000
2026-04-04T07:23:45Z, azel, 170.563, 19.664, 0.004, 0.000
2026-04-04T07:23:50Z, azel, 170.583, 19.666, 0.004, 0.000
2026-04-04T07:23:55Z, azel, 170.602, 19.669, 0.004, 0.000
2026-04-04T07:24:00Z, azel, 170.622, 19.671, 0.004, 0.000
2026-04-04T07:24:05Z, azel, 170.642, 19.674, 0.004, 0.000
2026-04-04T07:24:10Z, azel, 170.661, 19.676, 0.004, 0.000
2026-04-04T07:24:15Z, azel, 170.681, 19.679, 0.004, 0.000
2026-04-04T07:24:20Z, azel, 170.700, 19.681, 0.004, 0.000
2026-04-04T07:24:25Z, azel, 170.720, 19.683, 0.004, 0.000
2026-04-04T07:24:30Z, azel, 170.740, 19.686, 0.004, 0.000
2026-04-04T07:24:35Z, azel, 170.759, 19.688, 0.004, 0.000
2026-04-04T07:24:40Z, azel, 170.779, 19.691, 0.004, 0.000
2026-04-04T07:24:45Z, azel, 170.798, 19.693, 0.004, 0.000
2026-04-04T07:24:50Z, azel, 170.818, 19.696, 0.004, 0.000
2026-04-04T07:24:55Z, azel, 170.838, 19.698, 0.004, 0.000
2026-04-04T07:25:00Z, azel, 170.857, 19.700, 0.004, 0.000
2026-04-04T07:25:05Z, azel, 170.877, 19.703, 0.004, 0.000
2026-04-04T07:25:10Z, azel, 170.896, 19.705, 0.004, 0.000
2026-04-04T07:25:15Z, azel, 170.916, 19.708, 0.004, 0.000
2026-04-04T07:25:20Z, azel, 170.936, 19.710, 0.004, 0.000
2026-04-04T07:25:25Z, azel, 170.955, 19.712, 0.004, 0.000
2026-04-04T07:25:30Z, azel, 170.975, 19.715, 0.004, 0.000
2026-04-04T07:25:35Z, azel, 170.995, 19.717, 0.004, 0.000
2026-04-04T07:25:40Z, azel, 171.014, 19.719, 0.004, 0.000
2026-04-04T07:25:45Z, azel, 171.034, 19.722, 0.004, 0.000
2026-04-04T07:25:50Z, azel, 171.053, 19.724, 0.004, 0.000
2026-04-04T07:25:55Z, azel, 171.073, 19.726, 0.004, 0.000
2026-04-04T07:26:00Z, azel, 171.093, 19.729, 0.004, 0.000
2026-04-04T07:26:05Z, azel, 171.112, 19.731, 0.004, 0.000
2026-04-04T07:26:10Z, azel, 171.132, 19.733, 0.004, 0.000
2026-04-04T07:26:15Z, azel, 171.152, 19.736, 0.004, 0.000
2026-04-04T07:26:20Z, azel, 171.171, 19.738, 0.004, 0.000
2026-04-04T07:26:25Z, azel, 171.191, 19.740, 0.004, 0.000
2026-04-04T07:26:30Z, azel, 171.210, 19.743, 0.004, 0.000
2026-04-04T07:26:35Z, azel, 171.230, 19.745, 0.004, 0.000
2026-04-04T07:26:40Z, azel, 171.250, 19.747, 0.004, 0.000
2026-04-04T07:26:45Z, azel, 171.269, 19.749, 0.004, 0.000
2026-04-04T07:26:50Z, azel, 171.289, 19.752, 0.004, 0.000
2026-04-04T07:26:55Z, azel, 171.309, 19.754, 0.004, 0.000
2026-04-04T07:27:00Z, azel, 171.328, 19.756, 0.004, 0.000
2026-04-04T07:27:05Z, azel, 171.348, 19.759, 0.004, 0.000
2026-04-04T07:27:10Z, azel, 171.367, 19.761, 0.004, 0.000
2026-04-04T07:27:15Z, azel, 171.387, 19.763, 0.004, 0.000
2026-04-04T07:27:20Z, azel, 171.407, 19.765, 0.004, 0.000
2026-04-04T07:27:25Z, azel, 171.426, 19.768, 0.004, 0.000
2026-04-04T07:27:30Z, azel, 171.446, 19.770, 0.004, 0.000
2026-04-04T07:27:35Z, azel, 171.466, 19.772, 0.004, 0.000
2026-04-04T07:27:40Z, azel, 171.485, 19.774, 0.004, 0.000
2026-04-04T07:27:45Z, azel, 171.505, 19.777, 0.004, 0.000
2026-04-04T07:27:50Z, azel, 171.525, 19.779, 0.004, 0.000
2026-04-04T07:27:55Z, azel, 171.544, 19.781, 0.004, 0.000
2026-04-04T07:28:00Z, azel, 171.564, 19.783, 0.004, 0.000
2026-04-04T07:28:05Z, azel, 171.584, 19.785, 0.004, 0.000
2026-04-04T07:28:10Z, azel, 171.603, 19.788, 0.004, 0.000
2026-04-04T07:28:15Z, azel, 171.623, 19.790, 0.004, 0.000
2026-04-04T07:28:20Z, azel, 171.642, 19.792, 0.004, 0.000
2026-04-04T07:28:25Z, azel, 171.662, 19.794, 0.004, 0.000
2026-04-04T07:28:30Z, azel, 171.682, 19.796, 0.004, 0.000
2026-04-04T07:28:35Z, azel, 171.701, 19.799, 0.004, 0.000
2026-04-04T07:28:40Z, azel, 171.721, 19.801, 0.004, 0.000
2026-04-04T07:28:45Z, azel, 171.741, 19.803, 0.004, 0.000
2026-04-04T07:28:50Z, azel, 171.760, 19.805, 0.004, 0.000
2026-04-04T07:28:55Z, azel, 171.780, 19.807, 0.004, 0.000
2026-04-04T07:29:00Z, azel, 171.800, 19.809, 0.004, 0.000
2026-04-04T07:29:05Z, azel, 171.819, 19.811, 0.004, 0.000
2026-04-04T07:29:10Z, azel, 171.839, 19.814, 0.004, 0.000
2026-04-04T07:29:15Z, azel, 171.859, 19.816, 0.004, 0.000
2026-04-04T07:29:20Z, azel, 171.878, 19.818, 0.004, 0.000
2026-04-04T07:29:25Z, azel, 171.898, 19.820, 0.004, 0.000
2026-04-04T07:29:30Z, azel, 171.918, 19.822, 0.004, 0.000
2026-04-04T07:29:35Z, azel, 171.937, 19.824, 0.004, 0.000
2026-04-04T07:29:40Z, azel, 171.957, 19.826, 0.004, 0.000
2026-04-04T07:29:45Z, azel, 171.977, 19.828, 0.004, 0.000
2026-04-04T07:29:50Z, azel, 171.996, 19.831, 0.004, 0.000
2026-04-04T07:29:55Z, azel, 172.016, 19.833, 0.004, 0.000
2026-04-04T07:30:00Z, azel, 172.036, 19.835, 0.004, 0.000
2026-04-04T07:30:05Z, azel, 172.055, 19.837, 0.004, 0.000
2026-04-04T07:30:10Z, azel, 172.075, 19.839, 0.004, 0.000
2026-04-04T07:30:15Z, azel, 172.095, 19.841, 0.004, 0.000
2026-04-04T07:30:20Z, azel, 172.114, 19.843, 0.004, 0.000
2026-04-04T07:30:25Z, azel, 172.134, 19.845, 0.004, 0.000
2026-04-04T07:30:30Z, azel, 172.154, 19.847, 0.004, 0.000
2026-04-04T07:30:35Z, azel, 172.173, 19.849, 0.004, 0.000
2026-04-04T07:30:40Z, azel, 172.193, 19.851, 0.004, 0.000
2026-04-04T07:30:45Z, azel, 172.213, 19.853, 0.004, 0.000
2026-04-04T07:30:50Z, azel, 172.232, 19.855, 0.004, 0.000
2026-04-04T07:30:55Z, azel, 172.252, 19.857, 0.004, 0.000
2026-04-04T07:31:00Z, azel, 172.272, 19.859, 0.004, 0.000
2026-04-04T07:31:05Z, azel, 172.291, 19.861, 0.004, 0.000
2026-04-04T07:31:10Z, azel, 172.311, 19.863, 0.004, 0.000
2026-04-04T07:31:15Z, azel, 172.331, 19.865, 0.004, 0.000
2026-04-04T07:31:20Z, azel, 172.351, 19.867, 0.004, 0.000
2026-04-04T07:31:25Z, azel, 172.370, 19.869, 0.004, 0.000
2026-04-04T07:31:30Z, azel, 172.390, 19.871, 0.004, 0.000
2026-04-04T07:31:35Z, azel, 172.410, 19.873, 0.004, 0.000
2026-04-04T07:31:40Z, azel, 172.429, 19.875, 0.004, 0.000
2026-04-04T07:31:45Z, azel, 172.449, 19.877, 0.004, 0.000
2026-04-04T07:31:50Z, azel, 172.469, 19.879, 0.004, 0.000
2026-04-04T07:31:55Z, azel, 172.488, 19.881, 0.004, 0.000
2026-04-04T07:32:00Z, azel, 172.508, 19.883, 0.004, 0.000
2026-04-04T07:32:05Z, azel, 172.528, 19.885, 0.004, 0.000
2026-04-04T07:32:10Z, azel, 172.547, 19.887, 0.004, 0.000
2026-04-04T07:32:15Z, azel, 172.567, 19.889, 0.004, 0.000
2026-04-04T07:32:20Z, azel, 172.587, 19.891, 0.004, 0.000
2026-04-04T07:32:25Z, azel, 172.606, 19.893, 0.004, 0.000
2026-04-04T07:32:30Z, azel, 172.626, 19.895, 0.004, 0.000
2026-04-04T07:32:35Z, azel, 172.646, 19.897, 0.004, 0.000
2026-04-04T07:32:40Z, azel, 172.666, 19.899, 0.004, 0.000
2026-04-04T07:32:45Z, azel, 172.685, 19.901, 0.004, 0.000
2026-04-04T07:32:50Z, azel, 172.705, 19.903, 0.004, 0.000
2026-04-04T07:32:55Z, azel, 172.725, 19.904, 0.004, 0.000
2026-04-04T07:33:00Z, azel, 172.744, 19.906, 0.004, 0.000
2026-04-04T07:33:05Z, azel, 172.764, 19.908, 0.004, 0.000
2026-04-04T07:33:10Z, azel, 172.784, 19.910, 0.004, 0.000
2026-04-04T07:33:15Z, azel, 172.803, 19.912, 0.004, 0.000
2026-04-04T07:33:20Z, azel, 172.823, 19.914, 0.004, 0.000
2026-04-04T07:33:25Z, azel, 172.843, 19.916, 0.004, 0.000
2026-04-04T07:33:30Z, azel, 172.863, 19.918, 0.004, 0.000
2026-04-04T07:33:35Z, azel, 172.882, 19.919, 0.004, 0.000
2026-04-04T07:33:40Z, azel, 172.902, 19.921, 0.004, 0.000
2026-04-04T07:33:45Z, azel, 172.922, 19.923, 0.004, 0.000
2026-04-04T07:33:50Z, azel, 172.941, 19.925, 0.004, 0.000
2026-04-04T07:33:55Z, azel, 172.961, 19.927, 0.004, 0.000
2026-04-04T07:34:00Z, azel, 172.981, 19.929, 0.004, 0.000
2026-04-04T07:34:05Z, azel, 173.001, 19.931, 0.004, 0.000
2026-04-04T07:34:10Z, azel, 173.020, 19.932, 0.004, 0.000
2026-04-04T07:34:15Z, azel, 173.040, 19.934, 0.004, 0.000
2026-04-04T07:34:20Z, azel, 173.060, 19.936, 0.004, 0.000
2026-04-04T07:34:25Z, azel, 173.079, 19.938, 0.004, 0.000
2026-04-04T07:34:30Z, azel, 173.099, 19.940, 0.004, 0.000
2026-04-04T07:34:35Z, azel, 173.119, 19.941, 0.004, 0.000
2026-04-04T07:34:40Z, azel, 173.139, 19.943, 0.004, 0.000
2026-04-04T07:34:45Z, azel, 173.158, 19.945, 0.004, 0.000
2026-04-04T07:34:50Z, azel, 173.178, 19.947, 0.004, 0.000
2026-04-04T07:34:55Z, azel, 173.198, 19.949, 0.004, 0.000
2026-04-04T07:35:00Z, azel, 173.217, 19.950, 0.004, 0.000
2026-04-04T07:35:05Z, azel, 173.237, 19.952, 0.004, 0.000
2026-04-04T07:35:10Z, azel, 173.257, 19.954, 0.004, 0.000
2026-04-04T07:35:15Z, azel, 173.277, 19.956, 0.004, 0.000
2026-04-04T07:35:20Z, azel, 173.296, 19.957, 0.004, 0.000
2026-04-04T07:35:25Z, azel, 173.316, 19.959, 0.004, 0.000
2026-04-04T07:35:30Z, azel, 173.336, 19.961, 0.004, 0.000
2026-04-04T07:35:35Z, azel, 173.355, 19.963, 0.004, 0.000
2026-04-04T07:35:40Z, azel, 173.375, 19.964, 0.004, 0.000
2026-04-04T07:35:45Z, azel, 173.395, 19.966, 0.004, 0.000
2026-04-04T07:35:50Z, azel, 173.415, 19.968, 0.004, 0.000
2026-04-04T07:35:55Z, azel, 173.434, 19.969, 0.004, 0.000
2026-04-04T07:36:00Z, azel, 173.454, 19.971, 0.004, 0.000
2026-04-04T07:36:05Z, azel, 173.474, 19.973, 0.004, 0.000
2026-04-04T07:36:10Z, azel, 173.494, 19.975, 0.004, 0.000
2026-04-04T07:36:15Z, azel, 173.513, 19.976, 0.004, 0.000
2026-04-04T07:36:20Z, azel, 173.533, 19.978, 0.004, 0.000
2026-04-04T07:36:25Z, azel, 173.553, 19.980, 0.004, 0.000
2026-04-04T07:36:30Z, azel, 173.572, 19.981, 0.004, 0.000
2026-04-04T07:36:35Z, azel, 173.592, 19.983, 0.004, 0.000
2026-04-04T07:36:40Z, azel, 173.612, 19.985, 0.004, 0.000
2026-04-04T07:36:45Z, azel, 173.632, 19.986, 0.004, 0.000
2026-04-04T07:36:50Z, azel, 173.651, 19.988, 0.004, 0.000
2026-04-04T07:36:55Z, azel, 173.671, 19.990, 0.004, 0.000
2026-04-04T07:37:00Z, azel, 173.691, 19.991, 0.004, 0.000
2026-04-04T07:37:05Z, azel, 173.711, 19.993, 0.004, 0.000
2026-04-04T07:37:10Z, azel, 173.730, 19.995, 0.004, 0.000
2026-04-04T07:37:15Z, azel, 173.750, 19.996, 0.004, 0.000
2026-04-04T07:37:20Z, azel, 173.770, 19.998, 0.004, 0.000
2026-04-04T07:37:25Z, azel, 173.790, 19.999, 0.004, 0.000
2026-04-04T07:37:30Z, azel, 173.809, 20.001, 0.004, 0.000
2026-04-04T07:37:35Z, azel, 173.829, 20.003, 0.004, 0.000
2026-04-04T07:37:40Z, azel, 173.849, 20.004, 0.004, 0.000
2026-04-04T07:37:45Z, azel, 173.868, 20.006, 0.004, 0.000
2026-04-04T07:37:50Z, azel, 173.888, 20.007, 0.004, 0.000
2026-04-04T07:37:55Z, azel, 173.908, 20.009, 0.004, 0.000
2026-04-04T07:38:00Z, azel, 173.928, 20.011, 0.004, 0.000
2026-04-04T07:38:05Z, azel, 173.947, 20.012, 0.004, 0.000
2026-04-04T07:38:10Z, azel, 173.967, 20.014, 0.004, 0.000
2026-04-04T07:38:15Z, azel, 173.987, 20.015, 0.004, 0.000
2026-04-04T07:38:20Z, azel, 174.007, 20.017, 0.004, 0.000
2026-04-04T07:38:25Z, azel, 174.026, 20.019, 0.004, 0.000
2026-04-04T07:38:30Z, azel, 174.046, 20.020, 0.004, 0.000
2026-04-04T07:38:35Z, azel, 174.066, 20.022, 0.004, 0.000
2026-04-04T07:38:40Z, azel, 174.086, 20.023, 0.004, 0.000
2026-04-04T07:38:45Z, azel, 174.105, 20.025, 0.004, 0.000
2026-04-04T07:38:50Z, azel, 174.125, 20.026, 0.004, 0.000
2026-04-04T07:38:55Z, azel, 174.145, 20.028, 0.004, 0.000
2026-04-04T07:39:00Z, azel, 174.165, 20.029, 0.004, 0.000
2026-04-04T07:39:05Z, azel, 174.184, 20.031, 0.004, 0.000
2026-04-04T07:39:10Z, azel, 174.204, 20.032, 0.004, 0.000
2026-04-04T07:39:15Z, azel, 174.224, 20.034, 0.004, 0.000
2026-04-04T07:39:20Z, azel, 174.244, 20.035, 0.004, 0.000
2026-04-04T07:39:25Z, azel, 174.263, 20.037, 0.004, 0.000
2026-04-04T07:39:30Z, azel, 174.283, 20.038, 0.004, 0.000
2026-04-04T07:39:35Z, azel, 174.303, 20.040, 0.004, 0.000
2026-04-04T07:39:40Z, azel, 174.323, 20.041, 0.004, 0.000
2026-04-04T07:39:45Z, azel, 174.342, 20.043, 0.004, 0.000
2026-04-04T07:39:50Z, azel, 174.362, 20.044, 0.004, 0.000
2026-04-04T07:39:55Z, azel, 174.382, 20.046, 0.004, 0.000
2026-04-04T07:40:00Z, azel, 174.402, 20.047, 0.004, 0.000
2026-04-04T07:40:05Z, azel, 174.422, 20.049, 0.004, 0.000
2026-04-04T07:40:10Z, azel, 174.441, 20.050, 0.004, 0.000
2026-04-04T07:40:15Z, azel, 174.461, 20.051, 0.004, 0.000
2026-04-04T07:40:20Z, azel, 174.481, 20.053, 0.004, 0.000
2026-04-04T07:40:25Z, azel, 174.501, 20.054, 0.004, 0.000
2026-04-04T07:40:30Z, azel, 174.520, 20.056, 0.004, 0.000
2026-04-04T07:40:35Z, azel, 174.540, 20.057, 0.004, 0.000
2026-04-04T07:40:40Z, azel, 174.560, 20.059, 0.004, 0.000
2026-04-04T07:40:45Z, azel, 174.580, 20.060, 0.004, 0.000
2026-04-04T07:40:50Z, azel, 174.599, 20.061, 0.004, 0.000
2026-04-04T07:40:55Z, azel, 174.619, 20.063, 0.004, 0.000
2026-04-04T07:41:00Z, azel, 174.639, 20.064, 0.004, 0.000
2026-04-04T07:41:05Z, azel, 174.659, 20.066, 0.004, 0.000
2026-04-04T07:41:10Z, azel, 174.678, 20.067, 0.004, 0.000
2026-04-04T07:41:15Z, azel, 174.698, 20.068, 0.004, 0.000
2026-04-04T07:41:20Z, azel, 174.718, 20.070, 0.004, 0.000
2026-04-04T07:41:25Z, azel, 174.738, 20.071, 0.004, 0.000
2026-04-04T07:41:30Z, azel, 174.758, 20.072, 0.004, 0.000
2026-04-04T07:41:35Z, azel, 174.777, 20.074, 0.004, 0.000
2026-04-04T07:41:40Z, azel, 174.797, 20.075, 0.004, 0.000
2026-04-04T07:41:45Z, azel, 174.817, 20.077, 0.004, 0.000
2026-04-04T07:41:50Z, azel, 174.837, 20.078, 0.004, 0.000
2026-04-04T07:41:55Z, azel, 174.856, 20.079, 0.004, 0.000
2026-04-04T07:42:00Z, azel, 174.876, 20.081, 0.004, 0.000
2026-04-04T07:42:05Z, azel, 174.896, 20.082, 0.004, 0.000
2026-04-04T07:42:10Z, azel, 174.916, 20.083, 0.004, 0.000
2026-04-04T07:42:15Z, azel, 174.936, 20.085, 0.004, 0.000
2026-04-04T07:42:20Z, azel, 174.955, 20.086, 0.004, 0.000
2026-04-04T07:42:25Z, azel, 174.975, 20.087, 0.004, 0.000
2026-04-04T07:42:30Z, azel, 174.995, 20.088, 0.004, 0.000
2026-04-04T07:42:35Z, azel, 175.015, 20.090, 0.004, 0.000
2026-04-04T07:42:40Z, azel, 175.034, 20.091, 0.004, 0.000
2026-04-04T07:42:45Z, azel, 175.054, 20.092, 0.004, 0.000
2026-04-04T07:42:50Z, azel, 175.074, 20.094, 0.004, 0.000
2026-04-04T07:42:55Z, azel, 175.094, 20.095, 0.004, 0.000
2026-04-04T07:43:00Z, azel, 175.114, 20.096, 0.004, 0.000
2026-04-04T07:43:05Z, azel, 175.133, 20.097, 0.004, 0.000
2026-04-04T07:43:10Z, azel, 175.153, 20.099, 0.004, 0.000
2026-04-04T07:43:15Z, azel, 175.173, 20.100, 0.004, 0.000
2026-04-04T07:43:20Z, azel, 175.193, 20.101, 0.004, 0.000
2026-04-04T07:43:25Z, azel, 175.212, 20.102, 0.004, 0.000
2026-04-04T07:43:30Z, azel, 175.232, 20.104, 0.004, 0.000
2026-04-04T07:43:35Z, azel, 175.252, 20.105, 0.004, 0.000
2026-04-04T07:43:40Z, azel, 175.272, 20.106, 0.004, 0.000
2026-04-04T07:43:45Z, azel, 175.292, 20.107, 0.004, 0.000
2026-04-04T07:43:50Z, azel, 175.311, 20.109, 0.004, 0.000
2026-04-04T07:43:55Z, azel, 175.331, 20.110, 0.004, 0.000
2026-04-04T07:44:00Z, azel, 175.351, 20.111, 0.004, 0.000
2026-04-04T07:44:05Z, azel, 175.371, 20.112, 0.004, 0.000
2026-04-04T07:44:10Z, azel, 175.391, 20.113, 0.004, 0.000
2026-04-04T07:44:15Z, azel, 175.410, 20.115, 0.004, 0.000
2026-04-04T07:44:20Z, azel, 175.430, 20.116, 0.004, 0.000
2026-04-04T07:44:25Z, azel, 175.450, 20.117, 0.004, 0.000
2026-04-04T07:44:30Z, azel, 175.470, 20.118, 0.004, 0.000
2026-04-04T07:44:35Z, azel, 175.489, 20.119, 0.004, 0.000
2026-04-04T07:44:40Z, azel, 175.509, 20.120, 0.004, 0.000
2026-04-04T07:44:45Z, azel, 175.529, 20.122, 0.004, 0.000
2026-04-04T07:44:50Z, azel, 175.549, 20.123, 0.004, 0.000
2026-04-04T07:44:55Z, azel, 175.569, 20.124, 0.004, 0.000
2026-04-04T07:45:00Z, azel, 175.588, 20.125, 0.004, 0.000
2026-04-04T07:45:05Z, azel, 175.608, 20.126, 0.004, 0.000
2026-04-04T07:45:10Z, azel, 175.628, 20.127, 0.004, 0.000
2026-04-04T07:45:15Z, azel, 175.648, 20.128, 0.004, 0.000
2026-04-04T07:45:20Z, azel, 175.668, 20.130, 0.004, 0.000
2026-04-04T07:45:25Z, azel, 175.687, 20.131, 0.004, 0.000
2026-04-04T07:45:30Z, azel, 175.707, 20.132, 0.004, 0.000
2026-04-04T07:45:35Z, azel, 175.727, 20.133, 0.004, 0.000
2026-04-04T07:45:40Z, azel, 175.747, 20.134, 0.004, 0.000
2026-04-04T07:45:45Z, azel, 175.767, 20.135, 0.004, 0.000
2026-04-04T07:45:50Z, azel, 175.786, 20.136, 0.004, 0.000
2026-04-04T07:45:55Z, azel, 175.806, 20.137, 0.004, 0.000
2026-04-04T07:46:00Z, azel, 175.826, 20.138, 0.004, 0.000
2026-04-04T07:46:05Z, azel, 175.846, 20.139, 0.004, 0.000
2026-04-04T07:46:10Z, azel, 175.866, 20.141, 0.004, 0.000
2026-04-04T07:46:15Z, azel, 175.885, 20.142, 0.004, 0.000
2026-04-04T07:46:20Z, azel, 175.905, 20.143, 0.004, 0.000
2026-04-04T07:46:25Z, azel, 175.925, 20.144, 0.004, 0.000
2026-04-04T07:46:30Z, azel, 175.945, 20.145, 0.004, 0.000
2026-04-04T07:46:35Z, azel, 175.965, 20.146, 0.004, 0.000
2026-04-04T07:46:40Z, azel, 175.984, 20.147, 0.004, 0.000
2026-04-04T07:46:45Z, azel, 176.004, 20.148, 0.004, 0.000
2026-04-04T07:46:50Z, azel, 176.024, 20.149, 0.004, 0.000
2026-04-04T07:46:55Z, azel, 176.044, 20.150, 0.004, 0.000
2026-04-04T07:47:00Z, azel, 176.064, 20.151, 0.004, 0.000
2026-04-04T07:47:05Z, azel, 176.083, 20.152, 0.004, 0.000
2026-04-04T07:47:10Z, azel, 176.103, 20.153, 0.004, 0.000
2026-04-04T07:47:15Z, azel, 176.123, 20.154, 0.004, 0.000
2026-04-04T07:47:20Z, azel, 176.143, 20.155, 0.004, 0.000
2026-04-04T07:47:25Z, azel, 176.163, 20.156, 0.004, 0.000
2026-04-04T07:47:30Z, azel, 176.182, 20.157, 0.004, 0.000
2026-04-04T07:47:35Z, azel, 176.202, 20.158, 0.004, 0.000
2026-04-04T07:47:40Z, azel, 176.222, 20.159, 0.004, 0.000
2026-04-04T07:47:45Z, azel, 176.242, 20.160, 0.004, 0.000
2026-04-04T07:47:50Z, azel, 176.262, 20.161, 0.004, 0.000
2026-04-04T07:47:55Z, azel, 176.281, 20.162, 0.004, 0.000
2026-04-04T07:48:00Z, azel, 176.301, 20.163, 0.004, 0.000
2026-04-04T07:48:05Z, azel, 176.321, 20.164, 0.004, 0.000
2026-04-04T07:48:10Z, azel, 176.341, 20.165, 0.004, 0.000
2026-04-04T07:48:15Z, azel, 176.361, 20.166, 0.004, 0.000
2026-04-04T07:48:20Z, azel, 176.381, 20.166, 0.004, 0.000
2026-04-04T07:48:25Z, azel, 176.400, 20.167, 0.004, 0.000
2026-04-04T07:48:30Z, azel, 176.420, 20.168, 0.004, 0.000
2026-04-04T07:48:35Z, azel, 176.440, 20.169, 0.004, 0.000
2026-04-04T07:48:40Z, azel, 176.460, 20.170, 0.004, 0.000
2026-04-04T07:48:45Z, azel, 176.480, 20.171, 0.004, 0.000
2026-04-04T07:48:50Z, azel, 176.499, 20.172, 0.004, 0.000
2026-04-04T07:48:55Z, azel, 176.519, 20.173, 0.004, 0.000
2026-04-04T07:49:00Z, azel, 176.539, 20.174, 0.004, 0.000
2026-04-04T07:49:05Z, azel, 176.559, 20.175, 0.004, 0.000
2026-04-04T07:49:10Z, azel, 176.579, 20.176, 0.004, 0.000
2026-04-04T07:49:15Z, azel, 176.598, 20.176, 0.004, 0.000
2026-04-04T07:49:20Z, azel, 176.618, 20.177, 0.004, 0.000
2026-04-04T07:49:25Z, azel, 176.638, 20.178, 0.004, 0.000
2026-04-04T07:49:30Z, azel, 176.658, 20.179, 0.004, 0.000
2026-04-04T07:49:35Z, azel, 176.678, 20.180, 0.004, 0.000
2026-04-04T07:49:40Z, azel, 176.698, 20.181, 0.004, 0.000
2026-04-04T07:49:45Z, azel, 176.717, 20.182, 0.004, 0.000
2026-04-04T07:49:50Z, azel, 176.737, 20.182, 0.004, 0.000
2026-04-04T07:49:55Z, azel, 176.757, 20.183, 0.004, 0.000
2026-04-04T07:50:00Z, azel, 176.777, 20.184, 0.004, 0.000
2026-04-04T07:50:05Z, azel, 176.797, 20.185, 0.004, 0.000
2026-04-04T07:50:10Z, azel, 176.816, 20.186, 0.004, 0.000
2026-04-04T07:50:15Z, azel, 176.836, 20.186, 0.004, 0.000
2026-04-04T07:50:20Z, azel, 176.856, 20.187, 0.004, 0.000
2026-04-04T07:50:25Z, azel, 176.876, 20.188, 0.004, 0.000
2026-04-04T07:50:30Z, azel, 176.896, 20.189, 0.004, 0.000
2026-04-04T07:50:35Z, azel, 176.916, 20.190, 0.004, 0.000
2026-04-04T07:50:40Z, azel, 176.935, 20.190, 0.004, 0.000
2026-04-04T07:50:45Z, azel, 176.955, 20.191, 0.004, 0.000
2026-04-04T07:50:50Z, azel, 176.975, 20.192, 0.004, 0.000
2026-04-04T07:50:55Z, azel, 176.995, 20.193, 0.004, 0.000
2026-04-04T07:51:00Z, azel, 177.015, 20.194, 0.004, 0.000
2026-04-04T07:51:05Z, azel, 177.035, 20.194, 0.004, 0.000
2026-04-04T07:51:10Z, azel, 177.054, 20.195, 0.004, 0.000
2026-04-04T07:51:15Z, azel, 177.074, 20.196, 0.004, 0.000
2026-04-04T07:51:20Z, azel, 177.094, 20.197, 0.004, 0.000
2026-04-04T07:51:25Z, azel, 177.114, 20.197, 0.004, 0.000
2026-04-04T07:51:30Z, azel, 177.134, 20.198, 0.004, 0.000
2026-04-04T07:51:35Z, azel, 177.153, 20.199, 0.004, 0.000
2026-04-04T07:51:40Z, azel, 177.173, 20.199, 0.004, 0.000
2026-04-04T07:51:45Z, azel, 177.193, 20.200, 0.004, 0.000
2026-04-04T07:51:50Z, azel, 177.213, 20.201, 0.004, 0.000
2026-04-04T07:51:55Z, azel, 177.233, 20.202, 0.004, 0.000
2026-04-04T07:52:00Z, azel, 177.253, 20.202, 0.004, 0.000
2026-04-04T07:52:05Z, azel, 177.272, 20.203, 0.004, 0.000
2026-04-04T07:52:10Z, azel, 177.292, 20.204, 0.004, 0.000
2026-04-04T07:52:15Z, azel, 177.312, 20.204, 0.004, 0.000
2026-04-04T07:52:20Z, azel, 177.332, 20.205, 0.004, 0.000
2026-04-04T07:52:25Z, azel, 177.352, 20.206, 0.004, 0.000
2026-04-04T07:52:30Z, azel, 177.372, 20.206, 0.004, 0.000
2026-04-04T07:52:35Z, azel, 177.391, 20.207, 0.004, 0.000
2026-04-04T07:52:40Z, azel, 177.411, 20.208, 0.004, 0.000
2026-04-04T07:52:45Z, azel, 177.431, 20.208, 0.004, 0.000
2026-04-04T07:52:50Z, azel, 177.451, 20.209, 0.004, 0.000
2026-04-04T07:52:55Z, azel, 177.471, 20.210, 0.004, 0.000
2026-04-04T07:53:00Z, azel, 177.491, 20.210, 0.004, 0.000
2026-04-04T07:53:05Z, azel, 177.510, 20.211, 0.004, 0.000
2026-04-04T07:53:10Z, azel, 177.530, 20.212, 0.004, 0.000
2026-04-04T07:53:15Z, azel, 177.550, 20.212, 0.004, 0.000
2026-04-04T07:53:20Z, azel, 177.570, 20.213, 0.004, 0.000
2026-04-04T07:53:25Z, azel, 177.590, 20.213, 0.004, 0.000
2026-04-04T07:53:30Z, azel, 177.610, 20.214, 0.004, 0.000
2026-04-04T07:53:35Z, azel, 177.629, 20.215, 0.004, 0.000
2026-04-04T07:53:40Z, azel, 177.649, 20.215, 0.004, 0.000
2026-04-04T07:53:45Z, azel, 177.669, 20.216, 0.004, 0.000
2026-04-04T07:53:50Z, azel, 177.689, 20.216, 0.004, 0.000
2026-04-04T07:53:55Z, azel, 177.709, 20.217, 0.004, 0.000
2026-04-04T07:54:00Z, azel, 177.728, 20.217, 0.004, 0.000
2026-04-04T07:54:05Z, azel, 177.748, 20.218, 0.004, 0.000
2026-04-04T07:54:10Z, azel, 177.768, 20.219, 0.004, 0.000
2026-04-04T07:54:15Z, azel, 177.788, 20.219, 0.004, 0.000
2026-04-04T07:54:20Z, azel, 177.808, 20.220, 0.004, 0.000
2026-04-04T07:54:25Z, azel, 177.828, 20.220, 0.004, 0.000
2026-04-04T07:54:30Z, azel, 177.847, 20.221, 0.004, 0.000
2026-04-04T07:54:35Z, azel, 177.867, 20.221, 0.004, 0.000
2026-04-04T07:54:40Z, azel, 177.887, 20.222, 0.004, 0.000
2026-04-04T07:54:45Z, azel, 177.907, 20.222, 0.004, 0.000
2026-04-04T07:54:50Z, azel, 177.927, 20.223, 0.004, 0.000
2026-04-04T07:54:55Z, azel, 177.947, 20.223, 0.004, 0.000
2026-04-04T07:55:00Z, azel, 177.967, 20.224, 0.004, 0.000
2026-04-04T07:55:05Z, azel, 177.986, 20.224, 0.004, 0.000
2026-04-04T07:55:10Z, azel, 178.006, 20.225, 0.004, 0.000
2026-04-04T07:55:15Z, azel, 178.026, 20.225, 0.004, 0.000
2026-04-04T07:55:20Z, azel, 178.046, 20.226, 0.004, 0.000
2026-04-04T07:55:25Z, azel, 178.066, 20.226, 0.004, 0.000
2026-04-04T07:55:30Z, azel, 178.086, 20.227, 0.004, 0.000
2026-04-04T07:55:35Z, azel, 178.105, 20.227, 0.004, 0.000
2026-04-04T07:55:40Z, azel, 178.125, 20.228, 0.004, 0.000
2026-04-04T07:55:45Z, azel, 178.145, 20.228, 0.004, 0.000
2026-04-04T07:55:50Z, azel, 178.165, 20.229, 0.004, 0.000
2026-04-04T07:55:55Z, azel, 178.185, 20.229, 0.004, 0.000
2026-04-04T07:56:00Z, azel, 178.205, 20.230, 0.004, 0.000
2026-04-04T07:56:05Z, azel, 178.224, 20.230, 0.004, 0.000
2026-04-04T07:56:10Z, azel, 178.244, 20.231, 0.004, 0.000
2026-04-04T07:56:15Z, azel, 178.264, 20.231, 0.004, 0.000
2026-04-04T07:56:20Z, azel, 178.284, 20.231, 0.004, 0.000
2026-04-04T07:56:25Z, azel, 178.304, 20.232, 0.004, 0.000
2026-04-04T07:56:30Z, azel, 178.324, 20.232, 0.004, 0.000
2026-04-04T07:56:35Z, azel, 178.343, 20.233, 0.004, 0.000
2026-04-04T07:56:40Z, azel, 178.363, 20.233, 0.004, 0.000
2026-04-04T07:56:45Z, azel, 178.383, 20.233, 0.004, 0.000
2026-04-04T07:56:50Z, azel, 178.403, 20.234, 0.004, 0.000
2026-04-04T07:56:55Z, azel, 178.423, 20.234, 0.004, 0.000
2026-04-04T07:57:00Z, azel, 178.443, 20.235, 0.004, 0.000
2026-04-04T07:57:05Z, azel, 178.462, 20.235, 0.004, 0.000
2026-04-04T07:57:10Z, azel, 178.482, 20.235, 0.004, 0.000
2026-04-04T07:57:15Z, azel, 178.502, 20.236, 0.004, 0.000
2026-04-04T07:57:20Z, azel, 178.522, 20.236, 0.004, 0.000
2026-04-04T07:57:25Z, azel, 178.542, 20.236, 0.004, 0.000
2026-04-04T07:57:30Z, azel, 178.562, 20.237, 0.004, 0.000
2026-04-04T07:57:35Z, azel, 178.582, 20.237, 0.004, 0.000
2026-04-04T07:57:40Z, azel, 178.601, 20.237, 0.004, 0.000
2026-04-04T07:57:45Z, azel, 178.621, 20.238, 0.004, 0.000
2026-04-04T07:57:50Z, azel, 178.641, 20.238, 0.004, 0.000
2026-04-04T07:57:55Z, azel, 178.661, 20.238, 0.004, 0.000
2026-04-04T07:58:00Z, azel, 178.681, 20.239, 0.004, 0.000
2026-04-04T07:58:05Z, azel, 178.701, 20.239, 0.004, 0.000
2026-04-04T07:58:10Z, azel, 178.720, 20.239, 0.004, 0.000
2026-04-04T07:58:15Z, azel, 178.740, 20.240, 0.004, 0.000
2026-04-04T07:58:20Z, azel, 178.760, 20.240, 0.004, 0.000
2026-04-04T07:58:25Z, azel, 178.780, 20.240, 0.004, 0.000
2026-04-04T07:58:30Z, azel, 178.800, 20.241, 0.004, 0.000
2026-04-04T07:58:35Z, azel, 178.820, 20.241, 0.004, 0.000
2026-04-04T07:58:40Z, azel, 178.839, 20.241, 0.004, 0.000
2026-04-04T07:58:45Z, azel, 178.859, 20.241, 0.004, 0.000
2026-04-04T07:58:50Z, azel, 178.879, 20.242, 0.004, 0.000
2026-04-04T07:58:55Z, azel, 178.899, 20.242, 0.004, 0.000
2026-04-04T07:59:00Z, azel, 178.919, 20.242, 0.004, 0.000
2026-04-04T07:59:05Z, azel, 178.939, 20.242, 0.004, 0.000
2026-04-04T07:59:10Z, azel, 178.959, 20.243, 0.004, 0.000
2026-04-04T07:59:15Z, azel, 178.978, 20.243, 0.004, 0.000
2026-04-04T07:59:20Z, azel, 178.998, 20.243, 0.004, 0.000
2026-04-04T07:59:25Z, azel, 179.018, 20.243, 0.004, 0.000
2026-04-04T07:59:30Z, azel, 179.038, 20.244, 0.004, 0.000
2026-04-04T07:59:35Z, azel, 179.058, 20.244, 0.004, 0.000
2026-04-04T07:59:40Z, azel, 179.078, 20.244, 0.004, 0.000
2026-04-04T07:59:45Z, azel, 179.097, 20.244, 0.004, 0.000
2026-04-04T07:59:50Z, azel, 179.117, 20.244, 0.004, 0.000
2026-04-04T07:59:55Z, azel, 179.137, 20.245, 0.004, 0.000
2026-04-04T08:00:00Z, azel, 179.157, 20.245, 0.004, 0.000
2026-04-04T08:00:05Z, azel, 179.177, 20.245, 0.004, 0.000
2026-04-04T08:00:10Z, azel, 179.197, 20.245, 0.004, 0.000
2026-04-04T08:00:15Z, azel, 179.216, 20.245, 0.004, 0.000
2026-04-04T08:00:20Z, azel, 179.236, 20.246, 0.004, 0.000
2026-04-04T08:00:25Z, azel, 179.256, 20.246, 0.004, 0.000
2026-04-04T08:00:30Z, azel, 179.276, 20.246, 0.004, 0.000
2026-04-04T08:00:35Z, azel, 179.296, 20.246, 0.004, 0.000
2026-04-04T08:00:40Z, azel, 179.316, 20.246, 0.004, 0.000
2026-04-04T08:00:45Z, azel, 179.336, 20.246, 0.004, 0.000
2026-04-04T08:00:50Z, azel, 179.355, 20.246, 0.004, 0.000
2026-04-04T08:00:55Z, azel, 179.375, 20.247, 0.004, 0.000
2026-04-04T08:01:00Z, azel, 179.395, 20.247, 0.004, 0.000
2026-04-04T08:01:05Z, azel, 179.415, 20.247, 0.004, 0.000
2026-04-04T08:01:10Z, azel, 179.435, 20.247, 0.004, 0.000
2026-04-04T08:01:15Z, azel, 179.455, 20.247, 0.004, 0.000
2026-04-04T08:01:20Z, azel, 179.474, 20.247, 0.004, 0.000
2026-04-04T08:01:25Z, azel, 179.494, 20.247, 0.004, 0.000
2026-04-04T08:01:30Z, azel, 179.514, 20.247, 0.004, 0.000
2026-04-04T08:01:35Z, azel, 179.534, 20.248, 0.004, 0.000
2026-04-04T08:01:40Z, azel, 179.554, 20.248, 0.004, 0.000
2026-04-04T08:01:45Z, azel, 179.574, 20.248, 0.004, 0.000
2026-04-04T08:01:50Z, azel, 179.594, 20.248, 0.004, 0.000
2026-04-04T08:01:55Z, azel, 179.613, 20.248, 0.004, 0.000
2026-04-04T08:02:00Z, azel, 179.633, 20.248, 0.004, 0.000
2026-04-04T08:02:05Z, azel, 179.653, 20.248, 0.004, 0.000
2026-04-04T08:02:10Z, azel, 179.673, 20.248, 0.004, 0.000
2026-04-04T08:02:15Z, azel, 179.693, 20.248, 0.004, 0.000
2026-04-04T08:02:20Z, azel, 179.713, 20.248, 0.004, 0.000
2026-04-04T08:02:25Z, azel, 179.732, 20.248, 0.004, 0.000
2026-04-04T08:02:30Z, azel, 179.752, 20.248, 0.004, 0.000
2026-04-04T08:02:35Z, azel, 179.772, 20.248, 0.004, 0.000
2026-04-04T08:02:40Z, azel, 179.792, 20.248, 0.004, 0.000
2026-04-04T08:02:45Z, azel, 179.812, 20.248, 0.004, 0.000
2026-04-04T08:02:50Z, azel, 179.832, 20.248, 0.004, 0.000
2026-04-04T08:02:55Z, azel, 179.852, 20.248, 0.004, 0.000
2026-04-04T08:03:00Z, azel, 179.871, 20.248, 0.004, -0.000
2026-04-04T08:03:05Z, azel, 179.891, 20.248, 0.004, -0.000
2026-04-04T08:03:10Z, azel, 179.911, 20.248, 0.004, -0.000
2026-04-04T08:03:15Z, azel, 179.931, 20.248, 0.004, -0.000
2026-04-04T08:03:20Z, azel, 179.951, 20.248, 0.004, -0.000
2026-04-04T08:03:25Z, azel, 179.971, 20.248, 0.004, -0.000
2026-04-04T08:03:30Z, azel, 179.990, 20.248, 0.004, -0.000
2026-04-04T08:03:35Z, azel, 180.010, 20.248, 0.004, -0.000
2026-04-04T08:03:40Z, azel, 180.030, 20.248, 0.004, -0.000
2026-04-04T08:03:45Z, azel, 180.050, 20.248, 0.004, -0.000
2026-04-04T08:03:50Z, azel, 180.070, 20.248, 0.004, -0.000
2026-04-04T08:03:55Z, azel, 180.090, 20.248, 0.004, -0.000
2026-04-04T08:04:00Z, azel, 180.110, 20.248, 0.004, -0.000
2026-04-04T08:04:05Z, azel, 180.129, 20.248, 0.004, -0.000
2026-04-04T08:04:10Z, azel, 180.149, 20.248, 0.004, -0.000
2026-04-04T08:04:15Z, azel, 180.169, 20.248, 0.004, -0.000
2026-04-04T08:04:20Z, azel, 180.189, 20.248, 0.004, -0.000
2026-04-04T08:04:25Z, azel, 180.209, 20.247, 0.004, -0.000
2026-04-04T08:04:30Z, azel, 180.229, 20.247, 0.004, -0.000
2026-04-04T08:04:35Z, azel, 180.248, 20.247, 0.004, -0.000
2026-04-04T08:04:40Z, azel, 180.268, 20.247, 0.004, -0.000
2026-04-04T08:04:45Z, azel, 180.288, 20.247, 0.004, -0.000
2026-04-04T08:04:50Z, azel, 180.308, 20.247, 0.004, -0.000
2026-04-04T08:04:55Z, azel, 180.328, 20.247, 0.004, -0.000
2026-04-04T08:05:00Z, azel, 180.348, 20.247, 0.004, -0.000
2026-04-04T08:05:05Z, azel, 180.368, 20.247, 0.004, -0.000
2026-04-04T08:05:10Z, azel, 180.387, 20.246, 0.004, -0.000
2026-04-04T08:05:15Z, azel, 180.407, 20.246, 0.004, -0.000
2026-04-04T08:05:20Z, azel, 180.427, 20.246, 0.004, -0.000
2026-04-04T08:05:25Z, azel, 180.447, 20.246, 0.004, -0.000
2026-04-04T08:05:30Z, azel, 180.467, 20.246, 0.004, -0.000
2026-04-04T08:05:35Z, azel, 180.487, 20.246, 0.004, -0.000
2026-04-04T08:05:40Z, azel, 180.506, 20.246, 0.004, -0.000
2026-04-04T08:05:45Z, azel, 180.526, 20.245, 0.004, -0.000
2026-04-04T08:05:50Z, azel, 180.546, 20.245, 0.004, -0.000
2026-04-04T08:05:55Z, azel, 180.566, 20.245, 0.004, -0.000
2026-04-04T08:06:00Z, azel, 180.586, 20.245, 0.004, -0.000
2026-04-04T08:06:05Z, azel, 180.606, 20.245, 0.004, -0.000
2026-04-04T08:06:10Z, azel, 180.625, 20.244, 0.004, -0.000
2026-04-04T08:06:15Z, azel, 180.645, 20.244, 0.004, -0.000
2026-04-04T08:06:20Z, azel, 180.665, 20.244, 0.004, -0.000
2026-04-04T08:06:25Z, azel, 180.685, 20.244, 0.004, -0.000
2026-04-04T08:06:30Z, azel, 180.705, 20.244, 0.004, -0.000
2026-04-04T08:06:35Z, azel, 180.725, 20.243, 0.004, -0.000
2026-04-04T08:06:40Z, azel, 180.745, 20.243, 0.004, -0.000
2026-04-04T08:06:45Z, azel, 180.764, 20.243, 0.004, -0.000
2026-04-04T08:06:50Z, azel, 180.784, 20.243, 0.004, -0.000
2026-04-04T08:06:55Z, azel, 180.804, 20.242, 0.004, -0.000
2026-04-04T08:07:00Z, azel, 180.824, 20.242, 0.004, -0.000
2026-04-04T08:07:05Z, azel, 180.844, 20.242, 0.004, -0.000
2026-04-04T08:07:10Z, azel, 180.864, 20.242, 0.004, -0.000
2026-04-04T08:07:15Z, azel, 180.883, 20.241, 0.004, -0.000
2026-04-04T08:07:20Z, azel, 180.903, 20.241, 0.004, -0.000
2026-04-04T08:07:25Z, azel, 180.923, 20.241, 0.004, -0.000
2026-04-04T08:07:30Z, azel, 180.943, 20.240, 0.004, -0.000
2026-04-04T08:07:35Z, azel, 180.963, 20.240, 0.004, -0.000
2026-04-04T08:07:40Z, azel, 180.983, 20.240, 0.004, -0.000
2026-04-04T08:07:45Z, azel, 181.002, 20.240, 0.004, -0.000
2026-04-04T08:07:50Z, azel, 181.022, 20.239, 0.004, -0.000
2026-04-04T08:07:55Z, azel, 181.042, 20.239, 0.004, -0.000
2026-04-04T08:08:00Z, azel, 181.062, 20.239, 0.004, -0.000
2026-04-04T08:08:05Z, azel, 181.082, 20.238, 0.004, -0.000
2026-04-04T08:08:10Z, azel, 181.102, 20.238, 0.004, -0.000
2026-04-04T08:08:15Z, azel, 181.122, 20.238, 0.004, -0.000
2026-04-04T08:08:20Z, azel, 181.141, 20.237, 0.004, -0.000
2026-04-04T08:08:25Z, azel, 181.161, 20.237, 0.004, -0.000
2026-04-04T08:08:30Z, azel, 181.181, 20.237, 0.004, -0.000
2026-04-04T08:08:35Z, azel, 181.201, 20.236, 0.004, -0.000
2026-04-04T08:08:40Z, azel, 181.221, 20.236, 0.004, -0.000
2026-04-04T08:08:45Z, azel, 181.241, 20.236, 0.004, -0.000
2026-04-04T08:08:50Z, azel, 181.260, 20.235, 0.004, -0.000
2026-04-04T08:08:55Z, azel, 181.280, 20.235, 0.004, -0.000
2026-04-04T08:09:00Z, azel, 181.300, 20.234, 0.004, -0.000
2026-04-04T08:09:05Z, azel, 181.320, 20.234, 0.004, -0.000
2026-04-04T08:09:10Z, azel, 181.340, 20.234, 0.004, -0.000
2026-04-04T08:09:15Z, azel, 181.360, 20.233, 0.004, -0.000
2026-04-04T08:09:20Z, azel, 181.379, 20.233, 0.004, -0.000
2026-04-04T08:09:25Z, azel, 181.399, 20.232, 0.004, -0.000
2026-04-04T08:09:30Z, azel, 181.419, 20.232, 0.004, -0.000
2026-04-04T08:09:35Z, azel, 181.439, 20.232, 0.004, -0.000
2026-04-04T08:09:40Z, azel, 181.459, 20.231, 0.004, -0.000
2026-04-04T08:09:45Z, azel, 181.479, 20.231, 0.004, -0.000
2026-04-04T08:09:50Z, azel, 181.498, 20.230, 0.004, -0.000
2026-04-04T08:09:55Z, azel, 181.518, 20.230, 0.004, -0.000
2026-04-04T08:10:00Z, azel, 181.538, 20.229, 0.004, -0.000
2026-04-04T08:10:05Z, azel, 181.558, 20.229, 0.004, -0.000
2026-04-04T08:10:10Z, azel, 181.578, 20.229, 0.004, -0.000
2026-04-04T08:10:15Z, azel, 181.598, 20.228, 0.004, -0.000
2026-04-04T08:10:20Z, azel, 181.617, 20.228, 0.004, -0.000
2026-04-04T08:10:25Z, azel, 181.637, 20.227, 0.004, -0.000
2026-04-04T08:10:30Z, azel, 181.657, 20.227, 0.004, -0.000
2026-04-04T08:10:35Z, azel, 181.677, 20.226, 0.004, -0.000
2026-04-04T08:10:40Z, azel, 181.697, 20.226, 0.004, -0.000
2026-04-04T08:10:45Z, azel, 181.717, 20.225, 0.004, -0.000
2026-04-04T08:10:50Z, azel, 181.736, 20.225, 0.004, -0.000
2026-04-04T08:10:55Z, azel, 181.756, 20.224, 0.004, -0.000
2026-04-04T08:11:00Z, azel, 181.776, 20.224, 0.004, -0.000
2026-04-04T08:11:05Z, azel, 181.796, 20.223, 0.004, -0.000
2026-04-04T08:11:10Z, azel, 181.816, 20.223, 0.004, -0.000
2026-04-04T08:11:15Z, azel, 181.836, 20.222, 0.004, -0.000
2026-04-04T08:11:20Z, azel, 181.855, 20.222, 0.004, -0.000
2026-04-04T08:11:25Z, azel, 181.875, 20.221, 0.004, -0.000
2026-04-04T08:11:30Z, azel, 181.895, 20.221, 0.004, -0.000
2026-04-04T08:11:35Z, azel, 181.915, 20.220, 0.004, -0.000
2026-04-04T08:11:40Z, azel, 181.935, 20.219, 0.004, -0.000
2026-04-04T08:11:45Z, azel, 181.955, 20.219, 0.004, -0.000
2026-04-04T08:11:50Z, azel, 181.974, 20.218, 0.004, -0.000
2026-04-04T08:11:55Z, azel, 181.994, 20.218, 0.004, -0.000
2026-04-04T08:12:00Z, azel, 182.014, 20.217, 0.004, -0.000
2026-04-04T08:12:05Z, azel, 182.034, 20.217, 0.004, -0.000
2026-04-04T08:12:10Z, azel, 182.054, 20.216, 0.004, -0.000
2026-04-04T08:12:15Z, azel, 182.074, 20.215, 0.004, -0.000
2026-04-04T08:12:20Z, azel, 182.093, 20.215, 0.004, -0.000
2026-04-04T08:12:25Z, azel, 182.113, 20.214, 0.004, -0.000
2026-04-04T08:12:30Z, azel, 182.133, 20.214, 0.004, -0.000
2026-04-04T08:12:35Z, azel, 182.153, 20.213, 0.004, -0.000
2026-04-04T08:12:40Z, azel, 182.173, 20.212, 0.004, -0.000
2026-04-04T08:12:45Z, azel, 182.193, 20.212, 0.004, -0.000
2026-04-04T08:12:50Z, azel, 182.212, 20.211, 0.004, -0.000
2026-04-04T08:12:55Z, azel, 182.232, 20.211, 0.004, -0.000
2026-04-04T08:13:00Z, azel, 182.252, 20.210, 0.004, -0.000
2026-04-04T08:13:05Z, azel, 182.272, 20.209, 0.004, -0.000
2026-04-04T08:13:10Z, azel, 182.292, 20.209, 0.004, -0.000
2026-04-04T08:13:15Z, azel, 182.312, 20.208, 0.004, -0.000
2026-04-04T08:13:20Z, azel, 182.331, 20.207, 0.004, -0.000
2026-04-04T08:13:25Z, azel, 182.351, 20.207, 0.004, -0.000
2026-04-04T08:13:30Z, azel, 182.371, 20.206, 0.004, -0.000
2026-04-04T08:13:35Z, azel, 182.391, 20.205, 0.004, -0.000
2026-04-04T08:13:40Z, azel, 182.411, 20.205, 0.004, -0.000
2026-04-04T08:13:45Z, azel, 182.431, 20.204, 0.004, -0.000
2026-04-04T08:13:50Z, azel, 182.450, 20.203, 0.004, -0.000
2026-04-04T08:13:55Z, azel, 182.470, 20.203, 0.004, -0.000
2026-04-04T08:14:00Z, azel, 182.490, 20.202, 0.004, -0.000
2026-04-04T08:14:05Z, azel, 182.510, 20.201, 0.004, -0.000
2026-04-04T08:14:10Z, azel, 182.530, 20.201, 0.004, -0.000
2026-04-04T08:14:15Z, azel, 182.549, 20.200, 0.004, -0.000
2026-04-04T08:14:20Z, azel, 182.569, 20.199, 0.004, -0.000
2026-04-04T08:14:25Z, azel, 182.589, 20.198, 0.004, -0.000
2026-04-04T08:14:30Z, azel, 182.609, 20.198, 0.004, -0.000
2026-04-04T08:14:35Z, azel, 182.629, 20.197, 0.004, -0.000
2026-04-04T08:14:40Z, azel, 182.649, 20.196, 0.004, -0.000
2026-04-04T08:14:45Z, azel, 182.668, 20.195, 0.004, -0.000
2026-04-04T08:14:50Z, azel, 182.688, 20.195, 0.004, -0.000
2026-04-04T08:14:55Z, azel, 182.708, 20.194, 0.004, -0.000
2026-04-04T08:15:00Z, azel, 182.728, 20.193, 0.004, -0.000
2026-04-04T08:15:05Z, azel, 182.748, 20.192, 0.004, -0.000
2026-04-04T08:15:10Z, azel, 182.768, 20.192, 0.004, -0.000
2026-04-04T08:15:15Z, azel, 182.787, 20.191, 0.004, -0.000
2026-04-04T08:15:20Z, azel, 182.807, 20.190, 0.004, -0.000
2026-04-04T08:15:25Z, azel, 182.827, 20.189, 0.004, -0.000
2026-04-04T08:15:30Z, azel, 182.847, 20.189, 0.004, -0.000
2026-04-04T08:15:35Z, azel, 182.867, 20.188, 0.004, -0.000
2026-04-04T08:15:40Z, azel, 182.886, 20.187, 0.004, -0.000
2026-04-04T08:15:45Z, azel, 182.906, 20.186, 0.004, -0.000
2026-04-04T08:15:50Z, azel, 182.926, 20.185, 0.004, -0.000
2026-04-04T08:15:55Z, azel, 182.946, 20.184, 0.004, -0.000
2026-04-04T08:16:00Z, azel, 182.966, 20.184, 0.004, -0.000
2026-04-04T08:16:05Z, azel, 182.986, 20.183, 0.004, -0.000
2026-04-04T08:16:10Z, azel, 183.005, 20.182, 0.004, -0.000
2026-04-04T08:16:15Z, azel, 183.025, 20.181, 0.004, -0.000
2026-04-04T08:16:20Z, azel, 183.045, 20.180, 0.004, -0.000
2026-04-04T08:16:25Z, azel, 183.065, 20.179, 0.004, -0.000
2026-04-04T08:16:30Z, azel, 183.085, 20.179, 0.004, -0.000
2026-04-04T08:16:35Z, azel, 183.104, 20.178, 0.004, -0.000
2026-04-04T08:16:40Z, azel, 183.124, 20.177, 0.004, -0.000
2026-04-04T08:16:45Z, azel, 183.144, 20.176, 0.004, -0.000
2026-04-04T08:16:50Z, azel, 183.164, 20.175, 0.004, -0.000
2026-04-04T08:16:55Z, azel, 183.184, 20.174, 0.004, -0.000
2026-04-04T08:17:00Z, azel, 183.203, 20.173, 0.004, -0.000
2026-04-04T08:17:05Z, azel, 183.223, 20.172, 0.004, -0.000
2026-04-04T08:17:10Z, azel, 183.243, 20.172, 0.004, -0.000
2026-04-04T08:17:15Z, azel, 183.263, 20.171, 0.004, -0.000
2026-04-04T08:17:20Z, azel, 183.283, 20.170, 0.004, -0.000
2026-04-04T08:17:25Z, azel, 183.302, 20.169, 0.004, -0.000
2026-04-04T08:17:30Z, azel, 183.322, 20.168, 0.004, -0.000
2026-04-04T08:17:35Z, azel, 183.342, 20.167, 0.004, -0.000
2026-04-04T08:17:40Z, azel, 183.362, 20.166, 0.004, -0.000
2026-04-04T08:17:45Z, azel, 183.382, 20.165, 0.004, -0.000
2026-04-04T08:17:50Z, azel, 183.402, 20.164, 0.004, -0.000
2026-04-04T08:17:55Z, azel, 183.421, 20.163, 0.004, -0.000
2026-04-04T08:18:00Z, azel, 183.441, 20.162, 0.004, -0.000
2026-04-04T08:18:05Z, azel, 183.461, 20.161, 0.004, -0.000
2026-04-04T08:18:10Z, azel, 183.481, 20.160, 0.004, -0.000
2026-04-04T08:18:15Z, azel, 183.501, 20.159, 0.004, -0.000
2026-04-04T08:18:20Z, azel, 183.520, 20.158, 0.004, -0.000
2026-04-04T08:18:25Z, azel, 183.540, 20.157, 0.004, -0.000
2026-04-04T08:18:30Z, azel, 183.560, 20.156, 0.004, -0.000
2026-04-04T08:18:35Z, azel, 183.580, 20.155, 0.004, -0.000
2026-04-04T08:18:40Z, azel, 183.600, 20.154, 0.004, -0.000
2026-04-04T08:18:45Z, azel, 183.619, 20.153, 0.004, -0.000
2026-04-04T08:18:50Z, azel, 183.639, 20.152, 0.004, -0.000
2026-04-04T08:18:55Z, azel, 183.659, 20.151, 0.004, -0.000
2026-04-04T08:19:00Z, azel, 183.679, 20.150, 0.004, -0.000
2026-04-04T08:19:05Z, azel, 183.699, 20.149, 0.004, -0.000
2026-04-04T08:19:10Z, azel, 183.718, 20.148, 0.004, -0.000
2026-04-04T08:19:15Z, azel, 183.738, 20.147, 0.004, -0.000
2026-04-04T08:19:20Z, azel, 183.758, 20.146, 0.004, -0.000
2026-04-04T08:19:25Z, azel, 183.778, 20.145, 0.004, -0.000
2026-04-04T08:19:30Z, azel, 183.798, 20.144, 0.004, -0.000
2026-04-04T08:19:35Z, azel, 183.817, 20.143, 0.004, -0.000
2026-04-04T08:19:40Z, azel, 183.837, 20.142, 0.004, -0.000
2026-04-04T08:19:45Z, azel, 183.857, 20.141, 0.004, -0.000
2026-04-04T08:19:50Z, azel, 183.877, 20.140, 0.004, -0.000
2026-04-04T08:19:55Z, azel, 183.897, 20.139, 0.004, -0.000
2026-04-04T08:20:00Z, azel, 183.916, 20.138, 0.004, -0.000
2026-04-04T08:20:05Z, azel, 183.936, 20.137, 0.004, -0.000
2026-04-04T08:20:10Z, azel, 183.956, 20.136, 0.004, -0.000
2026-04-04T08:20:15Z, azel, 183.976, 20.135, 0.004, -0.000
2026-04-04T08:20:20Z, azel, 183.996, 20.134, 0.004, -0.000
2026-04-04T08:20:25Z, azel, 184.015, 20.132, 0.004, -0.000
2026-04-04T08:20:30Z, azel, 184.035, 20.131, 0.004, -0.000
2026-04-04T08:20:35Z, azel, 184.055, 20.130, 0.004, -0.000
2026-04-04T08:20:40Z, azel, 184.075, 20.129, 0.004, -0.000
2026-04-04T08:20:45Z, azel, 184.095, 20.128, 0.004, -0.000
2026-04-04T08:20:50Z, azel, 184.114, 20.127, 0.004, -0.000
2026-04-04T08:20:55Z, azel, 184.134, 20.126, 0.004, -0.000
2026-04-04T08:21:00Z, azel, 184.154, 20.125, 0.004, -0.000
2026-04-04T08:21:05Z, azel, 184.174, 20.123, 0.004, -0.000
2026-04-04T08:21:10Z, azel, 184.193, 20.122, 0.004, -0.000
2026-04-04T08:21:15Z, azel, 184.213, 20.121, 0.004, -0.000
2026-04-04T08:21:20Z, azel, 184.233, 20.120, 0.004, -0.000
2026-04-04T08:21:25Z, azel, 184.253, 20.119, 0.004, -0.000
2026-04-04T08:21:30Z, azel, 184.273, 20.118, 0.004, -0.000
2026-04-04T08:21:35Z, azel, 184.292, 20.116, 0.004, -0.000
2026-04-04T08:21:40Z, azel, 184.312, 20.115, 0.004, -0.000
2026-04-04T08:21:45Z, azel, 184.332, 20.114, 0.004, -0.000
2026-04-04T08:21:50Z, azel, 184.352, 20.113, 0.004, -0.000
2026-04-04T08:21:55Z, azel, 184.372, 20.112, 0.004, -0.000
2026-04-04T08:22:00Z, azel, 184.391, 20.110, 0.004, -0.000
2026-04-04T08:22:05Z, azel, 184.411, 20.109, 0.004, -0.000
2026-04-04T08:22:10Z, azel, 184.431, 20.108, 0.004, -0.000
2026-04-04T08:22:15Z, azel, 184.451, 20.107, 0.004, -0.000
2026-04-04T08:22:20Z, azel, 184.470, 20.106, 0.004, -0.000
2026-04-04T08:22:25Z, azel, 184.490, 20.104, 0.004, -0.000
2026-04-04T08:22:30Z, azel, 184.510, 20.103, 0.004, -0.000
2026-04-04T08:22:35Z, azel, 184.530, 20.102, 0.004, -0.000
2026-04-04T08:22:40Z, azel, 184.550, 20.101, 0.004, -0.000
2026-04-04T08:22:45Z, azel, 184.569, 20.099, 0.004, -0.000
2026-04-04T08:22:50Z, azel, 184.589, 20.098, 0.004, -0.000
2026-04-04T08:22:55Z, azel, 184.609, 20.097, 0.004, -0.000
2026-04-04T08:23:00Z, azel, 184.629, 20.096, 0.004, -0.000
2026-04-04T08:23:05Z, azel, 184.648, 20.094, 0.004, -0.000
2026-04-04T08:23:10Z, azel, 184.668, 20.093, 0.004, -0.000
2026-04-04T08:23:15Z, azel, 184.688, 20.092, 0.004, -0.000
2026-04-04T08:23:20Z, azel, 184.708, 20.090, 0.004, -0.000
2026-04-04T08:23:25Z, azel, 184.728, 20.089, 0.004, -0.000
2026-04-04T08:23:30Z, azel, 184.747, 20.088, 0.004, -0.000
2026-04-04T08:23:35Z, azel, 184.767, 20.087, 0.004, -0.000
2026-04-04T08:23:40Z, azel, 184.787, 20.085, 0.004, -0.000
2026-04-04T08:23:45Z, azel, 184.807, 20.084, 0.004, -0.000
2026-04-04T08:23:50Z, azel, 184.826, 20.083, 0.004, -0.000
2026-04-04T08:23:55Z, azel, 184.846, 20.081, 0.004, -0.000
2026-04-04T08:24:00Z, azel, 184.866, 20.080, 0.004, -0.000
2026-04-04T08:24:05Z, azel, 184.886, 20.079, 0.004, -0.000
2026-04-04T08:24:10Z, azel, 184.905, 20.077, 0.004, -0.000
2026-04-04T08:24:15Z, azel, 184.925, 20.076, 0.004, -0.000
2026-04-04T08:24:20Z, azel, 184.945, 20.075, 0.004, -0.000
2026-04-04T08:24:25Z, azel, 184.965, 20.073, 0.004, -0.000
2026-04-04T08:24:30Z, azel, 184.985, 20.072, 0.004, -0.000
2026-04-04T08:24:35Z, azel, 185.004, 20.070, 0.004, -0.000
2026-04-04T08:24:40Z, azel, 185.024, 20.069, 0.004, -0.000
2026-04-04T08:24:45Z, azel, 185.044, 20.068, 0.004, -0.000
2026-04-04T08:24:50Z, azel, 185.064, 20.066, 0.004, -0.000
2026-04-04T08:24:55Z, azel, 185.083, 20.065, 0.004, -0.000
2026-04-04T08:25:00Z, azel, 185.103, 20.064, 0.004, -0.000
2026-04-04T08:25:05Z, azel, 185.123, 20.062, 0.004, -0.000
2026-04-04T08:25:10Z, azel, 185.143, 20.061, 0.004, -0.000
2026-04-04T08:25:15Z, azel, 185.162, 20.059, 0.004, -0.000
2026-04-04T08:25:20Z, azel, 185.182, 20.058, 0.004, -0.000
2026-04-04T08:25:25Z, azel, 185.202, 20.057, 0.004, -0.000
2026-04-04T08:25:30Z, azel, 185.222, 20.055, 0.004, -0.000
2026-04-04T08:25:35Z, azel, 185.241, 20.054, 0.004, -0.000
2026-04-04T08:25:40Z, azel, 185.261, 20.052, 0.004, -0.000
2026-04-04T08:25:45Z, azel, 185.281, 20.051, 0.004, -0.000
2026-04-04T08:25:50Z, azel, 185.301, 20.049, 0.004, -0.000
2026-04-04T08:25:55Z, azel, 185.320, 20.048, 0.004, -0.000
2026-04-04T08:26:00Z, azel, 185.340, 20.046, 0.004, -0.000
2026-04-04T08:26:05Z, azel, 185.360, 20.045, 0.004, -0.000
2026-04-04T08:26:10Z, azel, 185.380, 20.044, 0.004, -0.000
2026-04-04T08:26:15Z, azel, 185.399, 20.042, 0.004, -0.000
2026-04-04T08:26:20Z, azel, 185.419, 20.041, 0.004, -0.000
2026-04-04T08:26:25Z, azel, 185.439, 20.039, 0.004, -0.000
2026-04-04T08:26:30Z, azel, 185.459, 20.038, 0.004, -0.000
2026-04-04T08:26:35Z, azel, 185.479, 20.036, 0.004, -0.000
2026-04-04T08:26:40Z, azel, 185.498, 20.035, 0.004, -0.000
2026-04-04T08:26:45Z, azel, 185.518, 20.033, 0.004, -0.000
2026-04-04T08:26:50Z, azel, 185.538, 20.032, 0.004, -0.000
2026-04-04T08:26:55Z, azel, 185.557, 20.030, 0.004, -0.000
2026-04-04T08:27:00Z, azel, 185.577, 20.029, 0.004, -0.000
2026-04-04T08:27:05Z, azel, 185.597, 20.027, 0.004, -0.000
2026-04-04T08:27:10Z, azel, 185.617, 20.026, 0.004, -0.000
2026-04-04T08:27:15Z, azel, 185.636, 20.024, 0.004, -0.000
2026-04-04T08:27:20Z, azel, 185.656, 20.022, 0.004, -0.000
2026-04-04T08:27:25Z, azel, 185.676, 20.021, 0.004, -0.000
2026-04-04T08:27:30Z, azel, 185.696, 20.019, 0.004, -0.000
2026-04-04T08:27:35Z, azel, 185.715, 20.018, 0.004, -0.000
2026-04-04T08:27:40Z, azel, 185.735, 20.016, 0.004, -0.000
2026-04-04T08:27:45Z, azel, 185.755, 20.015, 0.004, -0.000
2026-04-04T08:27:50Z, azel, 185.775, 20.013, 0.004, -0.000
2026-04-04T08:27:55Z, azel, 185.794, 20.012, 0.004, -0.000
2026-04-04T08:28:00Z, azel, 185.814, 20.010, 0.004, -0.000
2026-04-04T08:28:05Z, azel, 185.834, 20.008, 0.004, -0.000
2026-04-04T08:28:10Z, azel, 185.854, 20.007, 0.004, -0.000
2026-04-04T08:28:15Z, azel, 185.873, 20.005, 0.004, -0.000
2026-04-04T08:28:20Z, azel, 185.893, 20.004, 0.004, -0.000
2026-04-04T08:28:25Z, azel, 185.913, 20.002, 0.004, -0.000
2026-04-04T08:28:30Z, azel, 185.933, 20.000, 0.004, -0.000
2026-04-04T08:28:35Z, azel, 185.952, 19.999, 0.004, -0.000
2026-04-04T08:28:40Z, azel, 185.972, 19.997, 0.004, -0.000
2026-04-04T08:28:45Z, azel, 185.992, 19.995, 0.004, -0.000
2026-04-04T08:28:50Z, azel, 186.012, 19.994, 0.004, -0.000
2026-04-04T08:28:55Z, azel, 186.031, 19.992, 0.004, -0.000
2026-04-04T08:29:00Z, azel, 186.051, 19.991, 0.004, -0.000
2026-04-04T08:29:05Z, azel, 186.071, 19.989, 0.004, -0.000
2026-04-04T08:29:10Z, azel, 186.090, 19.987, 0.004, -0.000
2026-04-04T08:29:15Z, azel, 186.110, 19.986, 0.004, -0.000
2026-04-04T08:29:20Z, azel, 186.130, 19.984, 0.004, -0.000
2026-04-04T08:29:25Z, azel, 186.150, 19.982, 0.004, -0.000
2026-04-04T08:29:30Z, azel, 186.169, 19.981, 0.004, -0.000
2026-04-04T08:29:35Z, azel, 186.189, 19.979, 0.004, -0.000
2026-04-04T08:29:40Z, azel, 186.209, 19.977, 0.004, -0.000
2026-04-04T08:29:45Z, azel, 186.229, 19.975, 0.004, -0.000
2026-04-04T08:29:50Z, azel, 186.248, 19.974, 0.004, -0.000
2026-04-04T08:29:55Z, azel, 186.268, 19.972, 0.004, -0.000
2026-04-04T08:30:00Z, azel, 186.288, 19.970, 0.004, -0.000
2026-04-04T08:30:05Z, azel, 186.307, 19.969, 0.004, -0.000
2026-04-04T08:30:10Z, azel, 186.327, 19.967, 0.004, -0.000
2026-04-04T08:30:15Z, azel, 186.347, 19.965, 0.004, -0.000
2026-04-04T08:30:20Z, azel, 186.367, 19.964, 0.004, -0.000
2026-04-04T08:30:25Z, azel, 186.386, 19.962, 0.004, -0.000
2026-04-04T08:30:30Z, azel, 186.406, 19.960, 0.004, -0.000
2026-04-04T08:30:35Z, azel, 186.426, 19.958, 0.004, -0.000
2026-04-04T08:30:40Z, azel, 186.445, 19.957, 0.004, -0.000
2026-04-04T08:30:45Z, azel, 186.465, 19.955, 0.004, -0.000
2026-04-04T08:30:50Z, azel, 186.485, 19.953, 0.004, -0.000
2026-04-04T08:30:55Z, azel, 186.505, 19.951, 0.004, -0.000
2026-04-04T08:31:00Z, azel, 186.524, 19.949, 0.004, -0.000
2026-04-04T08:31:05Z, azel, 186.544, 19.948, 0.004, -0.000
2026-04-04T08:31:10Z, azel, 186.564, 19.946, 0.004, -0.000
2026-04-04T08:31:15Z, azel, 186.583, 19.944, 0.004, -0.000
2026-04-04T08:31:20Z, azel, 186.603, 19.942, 0.004, -0.000
2026-04-04T08:31:25Z, azel, 186.623, 19.941, 0.004, -0.000
2026-04-04T08:31:30Z, azel, 186.643, 19.939, 0.004, -0.000
2026-04-04T08:31:35Z, azel, 186.662, 19.937, 0.004, -0.000
2026-04-04T08:31:40Z, azel, 186.682, 19.935, 0.004, -0.000
2026-04-04T08:31:45Z, azel, 186.702, 19.933, 0.004, -0.000
2026-04-04T08:31:50Z, azel, 186.721, 19.931, 0.004, -0.000
2026-04-04T08:31:55Z, azel, 186.741, 19.930, 0.004, -0.000
2026-04-04T08:32:00Z, azel, 186.761, 19.928, 0.004, -0.000
2026-04-04T08:32:05Z, azel, 186.780, 19.926, 0.004, -0.000
2026-04-04T08:32:10Z, azel, 186.800, 19.924, 0.004, -0.000
2026-04-04T08:32:15Z, azel, 186.820, 19.922, 0.004, -0.000
2026-04-04T08:32:20Z, azel, 186.840, 19.920, 0.004, -0.000
2026-04-04T08:32:25Z, azel, 186.859, 19.919, 0.004, -0.000
2026-04-04T08:32:30Z, azel, 186.879, 19.917, 0.004, -0.000
2026-04-04T08:32:35Z, azel, 186.899, 19.915, 0.004, -0.000
2026-04-04T08:32:40Z, azel, 186.918, 19.913, 0.004, -0.000
2026-04-04T08:32:45Z, azel, 186.938, 19.911, 0.004, -0.000
2026-04-04T08:32:50Z, azel, 186.958, 19.909, 0.004, -0.000
2026-04-04T08:32:55Z, azel, 186.977, 19.907, 0.004, -0.000
2026-04-04T08:33:00Z, azel, 186.997, 19.905, 0.004, -0.000
2026-04-04T08:33:05Z, azel, 187.017, 19.904, 0.004, -0.000
2026-04-04T08:33:10Z, azel, 187.037, 19.902, 0.004, -0.000
2026-04-04T08:33:15Z, azel, 187.056, 19.900, 0.004, -0.000
2026-04-04T08:33:20Z, azel, 187.076, 19.898, 0.004, -0.000
2026-04-04T08:33:25Z, azel, 187.096, 19.896, 0.004, -0.000
2026-04-04T08:33:30Z, azel, 187.115, 19.894, 0.004, -0.000
2026-04-04T08:33:35Z, azel, 187.135, 19.892, 0.004, -0.000
2026-04-04T08:33:40Z, azel, 187.155, 19.890, 0.004, -0.000
2026-04-04T08:33:45Z, azel, 187.174, 19.888, 0.004, -0.000
2026-04-04T08:33:50Z, azel, 187.194, 19.886, 0.004, -0.000
2026-04-04T08:33:55Z, azel, 187.214, 19.884, 0.004, -0.000
2026-04-04T08:34:00Z, azel, 187.233, 19.882, 0.004, -0.000
2026-04-04T08:34:05Z, azel, 187.253, 19.880, 0.004, -0.000
2026-04-04T08:34:10Z, azel, 187.273, 19.878, 0.004, -0.000
2026-04-04T08:34:15Z, azel, 187.292, 19.876, 0.004, -0.000
2026-04-04T08:34:20Z, azel, 187.312, 19.874, 0.004, -0.000
2026-04-04T08:34:25Z, azel, 187.332, 19.872, 0.004, -0.000
2026-04-04T08:34:30Z, azel, 187.351, 19.870, 0.004, -0.000
2026-04-04T08:34:35Z, azel, 187.371, 19.868, 0.004, -0.000
2026-04-04T08:34:40Z, azel, 187.391, 19.866, 0.004, -0.000
2026-04-04T08:34:45Z, azel, 187.410, 19.864, 0.004, -0.000
2026-04-04T08:34:50Z, azel, 187.430, 19.862, 0.004, -0.000
2026-04-04T08:34:55Z, azel, 187.450, 19.860, 0.004, -0.000
2026-04-04T08:35:00Z, azel, 187.470, 19.858, 0.004, -0.000
2026-04-04T08:35:05Z, azel, 187.489, 19.856, 0.004, -0.000
2026-04-04T08:35:10Z, azel, 187.509, 19.854, 0.004, -0.000
2026-04-04T08:35:15Z, azel, 187.529, 19.852, 0.004, -0.000
2026-04-04T08:35:20Z, azel, 187.548, 19.850, 0.004, -0.000
2026-04-04T08:35:25Z, azel, 187.568, 19.848, 0.004, -0.000
2026-04-04T08:35:30Z, azel, 187.588, 19.846, 0.004, -0.000
2026-04-04T08:35:35Z, azel, 187.607, 19.844, 0.004, -0.000
2026-04-04T08:35:40Z, azel, 187.627, 19.842, 0.004, -0.000
2026-04-04T08:35:45Z, azel, 187.647, 19.840, 0.004, -0.000
2026-04-04T08:35:50Z, azel, 187.666, 19.838, 0.004, -0.000
2026-04-04T08:35:55Z, azel, 187.686, 19.836, 0.004, -0.000
2026-04-04T08:36:00Z, azel, 187.706, 19.834, 0.004, -0.000
2026-04-04T08:36:05Z, azel, 187.725, 19.832, 0.004, -0.000
2026-04-04T08:36:10Z, azel, 187.745, 19.830, 0.004, -0.000
2026-04-04T08:36:15Z, azel, 187.764, 19.827, 0.004, -0.000
2026-04-04T08:36:20Z, azel, 187.784, 19.825, 0.004, -0.000
2026-04-04T08:36:25Z, azel, 187.804, 19.823, 0.004, -0.000
2026-04-04T08:36:30Z, azel, 187.823, 19.821, 0.004, -0.000
2026-04-04T08:36:35Z, azel, 187.843, 19.819, 0.004, -0.000
2026-04-04T08:36:40Z, azel, 187.863, 19.817, 0.004, -0.000
2026-04-04T08:36:45Z, azel, 187.882, 19.815, 0.004, -0.000
2026-04-04T08:36:50Z, azel, 187.902, 19.813, 0.004, -0.000
2026-04-04T08:36:55Z, azel, 187.922, 19.810, 0.004, -0.000
2026-04-04T08:37:00Z, azel, 187.941, 19.808, 0.004, -0.000
2026-04-04T08:37:05Z, azel, 187.961, 19.806, 0.004, -0.000
2026-04-04T08:37:10Z, azel, 187.981, 19.804, 0.004, -0.000
2026-04-04T08:37:15Z, azel, 188.000, 19.802, 0.004, -0.000
2026-04-04T08:37:20Z, azel, 188.020, 19.800, 0.004, -0.000
2026-04-04T08:37:25Z, azel, 188.040, 19.797, 0.004, -0.000
2026-04-04T08:37:30Z, azel, 188.059, 19.795, 0.004, -0.000
2026-04-04T08:37:35Z, azel, 188.079, 19.793, 0.004, -0.000
2026-04-04T08:37:40Z, azel, 188.099, 19.791, 0.004, -0.000
2026-04-04T08:37:45Z, azel, 188.118, 19.789, 0.004, -0.000
2026-04-04T08:37:50Z, azel, 188.138, 19.787, 0.004, -0.000
2026-04-04T08:37:55Z, azel, 188.157, 19.784, 0.004, -0.000
2026-04-04T08:38:00Z, azel, 188.177, 19.782, 0.004, -0.000
2026-04-04T08:38:05Z, azel, 188.197, 19.780, 0.004, -0.000
2026-04-04T08:38:10Z, azel, 188.216, 19.778, 0.004, -0.000
2026-04-04T08:38:15Z, azel, 188.236, 19.775, 0.004, -0.000
2026-04-04T08:38:20Z, azel, 188.256, 19.773, 0.004, -0.000
2026-04-04T08:38:25Z, azel, 188.275, 19.771, 0.004, -0.000
2026-04-04T08:38:30Z, azel, 188.295, 19.769, 0.004, -0.000
2026-04-04T08:38:35Z, azel, 188.315, 19.767, 0.004, -0.000
2026-04-04T08:38:40Z, azel, 188.334, 19.764, 0.004, -0.000
2026-04-04T08:38:45Z, azel, 188.354, 19.762, 0.004, -0.000
2026-04-04T08:38:50Z, azel, 188.373, 19.760, 0.004, -0.000
2026-04-04T08:38:55Z, azel, 188.393, 19.758, 0.004, -0.000
2026-04-04T08:39:00Z, azel, 188.413, 19.755, 0.004, -0.000
2026-04-04T08:39:05Z, azel, 188.432, 19.753, 0.004, -0.000
2026-04-04T08:39:10Z, azel, 188.452, 19.751, 0.004, -0.000
2026-04-04T08:39:15Z, azel, 188.472, 19.748, 0.004, -0.000
2026-04-04T08:39:20Z, azel, 188.491, 19.746, 0.004, -0.000
2026-04-04T08:39:25Z, azel, 188.511, 19.744, 0.004, -0.000
2026-04-04T08:39:30Z, azel, 188.530, 19.742, 0.004, -0.000
2026-04-04T08:39:35Z, azel, 188.550, 19.739, 0.004, -0.000
2026-04-04T08:39:40Z, azel, 188.570, 19.737, 0.004, -0.000
2026-04-04T08:39:45Z, azel, 188.589, 19.735, 0.004, -0.000
2026-04-04T08:39:50Z, azel, 188.609, 19.732, 0.004, -0.000
2026-04-04T08:39:55Z, azel, 188.629, 19.730, 0.004, -0.000
2026-04-04T08:40:00Z, azel, 188.648, 19.728, 0.004, -0.000
2026-04-04T08:40:05Z, azel, 188.668, 19.725, 0.004, -0.000
2026-04-04T08:40:10Z, azel, 188.687, 19.723, 0.004, -0.000
2026-04-04T08:40:15Z, azel, 188.707, 19.721, 0.004, -0.000
2026-04-04T08:40:20Z, azel, 188.727, 19.718, 0.004, -0.000
2026-04-04T08:40:25Z, azel, 188.746, 19.716, 0.004, -0.000
2026-04-04T08:40:30Z, azel, 188.766, 19.713, 0.004, -0.000
2026-04-04T08:40:35Z, azel, 188.785, 19.711, 0.004, -0.000
2026-04-04T08:40:40Z, azel, 188.805, 19.709, 0.004, -0.000
2026-04-04T08:40:45Z, azel, 188.825, 19.706, 0.004, -0.000
2026-04-04T08:40:50Z, azel, 188.844, 19.704, 0.004, -0.000
2026-04-04T08:40:55Z, azel, 188.864, 19.702, 0.004, -0.000
2026-04-04T08:41:00Z, azel, 188.883, 19.699, 0.004, -0.000
2026-04-04T08:41:05Z, azel, 188.903, 19.697, 0.004, -0.000
2026-04-04T08:41:10Z, azel, 188.923, 19.694, 0.004, -0.000
2026-04-04T08:41:15Z, azel, 188.942, 19.692, 0.004, -0.000
2026-04-04T08:41:20Z, azel, 188.962, 19.690, 0.004, -0.000
2026-04-04T08:41:25Z, azel, 188.981, 19.687, 0.004, -0.000
2026-04-04T08:41:30Z, azel, 189.001, 19.685, 0.004, -0.000
2026-04-04T08:41:35Z, azel, 189.021, 19.682, 0.004, -0.000
2026-04-04T08:41:40Z, azel, 189.040, 19.680, 0.004, -0.000
2026-04-04T08:41:45Z, azel, 189.060, 19.677, 0.004, -0.000
2026-04-04T08:41:50Z, azel, 189.079, 19.675, 0.004, -0.000
2026-04-04T08:41:55Z, azel, 189.099, 19.673, 0.004, -0.000
2026-04-04T08:42:00Z, azel, 189.119, 19.670, 0.004, -0.000
2026-04-04T08:42:05Z, azel, 189.138, 19.668, 0.004, -0.000
2026-04-04T08:42:10Z, azel, 189.158, 19.665, 0.004, -0.000
2026-04-04T08:42:15Z, azel, 189.177, 19.663, 0.004, -0.000
2026-04-04T08:42:20Z, azel, 189.197, 19.660, 0.004, -0.000
2026-04-04T08:42:25Z, azel, 189.217, 19.658, 0.004, -0.000
2026-04-04T08:42:30Z, azel, 189.236, 19.655, 0.004, -0.000
2026-04-04T08:42:35Z, azel, 189.256, 19.653, 0.004, -0.000
2026-04-04T08:42:40Z, azel, 189.275, 19.650, 0.004, -0.001
2026-04-04T08:42:45Z, azel, 189.295, 19.648, 0.004, -0.001
2026-04-04T08:42:50Z, azel, 189.314, 19.645, 0.004, -0.001
2026-04-04T08:42:55Z, azel, 189.334, 19.643, 0.004, -0.001
2026-04-04T08:43:00Z, azel, 189.354, 19.640, 0.004, -0.001
2026-04-04T08:43:05Z, azel, 189.373, 19.638, 0.004, -0.001
2026-04-04T08:43:10Z, azel, 189.393, 19.635, 0.004, -0.001
2026-04-04T08:43:15Z, azel, 189.412, 19.633, 0.004, -0.001
2026-04-04T08:43:20Z, azel, 189.432, 19.630, 0.004, -0.001
2026-04-04T08:43:25Z, azel, 189.452, 19.628, 0.004, -0.001
2026-04-04T08:43:30Z, azel, 189.471, 19.625, 0.004, -0.001
2026-04-04T08:43:35Z, azel, 189.491, 19.622, 0.004, -0.001
2026-04-04T08:43:40Z, azel, 189.510, 19.620, 0.004, -0.001
2026-04-04T08:43:45Z, azel, 189.530, 19.617, 0.004, -0.001
2026-04-04T08:43:50Z, azel, 189.549, 19.615, 0.004, -0.001
2026-04-04T08:43:55Z, azel, 189.569, 19.612, 0.004, -0.001
2026-04-04T08:44:00Z, azel, 189.589, 19.610, 0.004, -0.001
2026-04-04T08:44:05Z, azel, 189.608, 19.607, 0.004, -0.001
2026-04-04T08:44:10Z, azel, 189.628, 19.604, 0.004, -0.001
2026-04-04T08:44:15Z, azel, 189.647, 19.602, 0.004, -0.001
2026-04-04T08:44:20Z, azel, 189.667, 19.599, 0.004, -0.001
2026-04-04T08:44:25Z, azel, 189.686, 19.597, 0.004, -0.001
2026-04-04T08:44:30Z, azel, 189.706, 19.594, 0.004, -0.001
2026-04-04T08:44:35Z, azel, 189.725, 19.591, 0.004, -0.001
2026-04-04T08:44:40Z, azel, 189.745, 19.589, 0.004, -0.001
2026-04-04T08:44:45Z, azel, 189.765, 19.586, 0.004, -0.001
2026-04-04T08:44:50Z, azel, 189.784, 19.583, 0.004, -0.001
2026-04-04T08:44:55Z, azel, 189.804, 19.581, 0.004, -0.001
2026-04-04T08:45:00Z, azel, 189.823, 19.578, 0.004, -0.001
2026-04-04T08:45:05Z, azel, 189.843, 19.576, 0.004, -0.001
2026-04-04T08:45:10Z, azel, 189.862, 19.573, 0.004, -0.001
2026-04-04T08:45:15Z, azel, 189.882, 19.570, 0.004, -0.001
2026-04-04T08:45:20Z, azel, 189.901, 19.568, 0.004, -0.001
2026-04-04T08:45:25Z, azel, 189.921, 19.565, 0.004, -0.001
2026-04-04T08:45:30Z, azel, 189.940, 19.562, 0.004, -0.001
2026-04-04T08:45:35Z, azel, 189.960, 19.560, 0.004, -0.001
2026-04-04T08:45:40Z, azel, 189.980, 19.557, 0.004, -0.001
2026-04-04T08:45:45Z, azel, 189.999, 19.554, 0.004, -0.001
2026-04-04T08:45:50Z, azel, 190.019, 19.552, 0.004, -0.001
2026-04-04T08:45:55Z, azel, 190.038, 19.549, 0.004, -0.001
2026-04-04T08:46:00Z, azel, 190.058, 19.546, 0.004, -0.001
2026-04-04T08:46:05Z, azel, 190.077, 19.543, 0.004, -0.001
2026-04-04T08:46:10Z, azel, 190.097, 19.541, 0.004, -0.001
2026-04-04T08:46:15Z, azel, 190.116, 19.538, 0.004, -0.001
2026-04-04T08:46:20Z, azel, 190.136, 19.535, 0.004, -0.001
2026-04-04T08:46:25Z, azel, 190.155, 19.533, 0.004, -0.001
2026-04-04T08:46:30Z, azel, 190.175, 19.530, 0.004, -0.001
2026-04-04T08:46:35Z, azel, 190.194, 19.527, 0.004, -0.001
2026-04-04T08:46:40Z, azel, 190.214, 19.524, 0.004, -0.001
2026-04-04T08:46:45Z, azel, 190.234, 19.522, 0.004, -0.001
2026-04-04T08:46:50Z, azel, 190.253, 19.519, 0.004, -0.001
2026-04-04T08:46:55Z, azel, 190.273, 19.516, 0.004, -0.001
2026-04-04T08:47:00Z, azel, 190.292, 19.513, 0.004, -0.001
2026-04-04T08:47:05Z, azel, 190.312, 19.510, 0.004, -0.001
2026-04-04T08:47:10Z, azel, 190.331, 19.508, 0.004, -0.001
2026-04-04T08:47:15Z, azel, 190.351, 19.505, 0.004, -0.001
2026-04-04T08:47:20Z, azel, 190.370, 19.502, 0.004, -0.001
2026-04-04T08:47:25Z, azel, 190.390, 19.499, 0.004, -0.001
2026-04-04T08:47:30Z, azel, 190.409, 19.497, 0.004, -0.001
2026-04-04T08:47:35Z, azel, 190.429, 19.494, 0.004, -0.001
2026-04-04T08:47:40Z, azel, 190.448, 19.491, 0.004, -0.001
2026-04-04T08:47:45Z, azel, 190.468, 19.488, 0.004, -0.001
2026-04-04T08:47:50Z, azel, 190.487, 19.485, 0.004, -0.001
2026-04-04T08:47:55Z, azel, 190.507, 19.483, 0.004, -0.001
2026-04-04T08:48:00Z, azel, 190.526, 19.480, 0.004, -0.001
2026-04-04T08:48:05Z, azel, 190.546, 19.477, 0.004, -0.001
2026-04-04T08:48:10Z, azel, 190.565, 19.474, 0.004, -0.001
2026-04-04T08:48:15Z, azel, 190.585, 19.471, 0.004, -0.001
2026-04-04T08:48:20Z, azel, 190.604, 19.468, 0.004, -0.001
2026-04-04T08:48:25Z, azel, 190.624, 19.465, 0.004, -0.001
2026-04-04T08:48:30Z, azel, 190.643, 19.463, 0.004, -0.001
2026-04-04T08:48:35Z, azel, 190.663, 19.460, 0.004, -0.001
2026-04-04T08:48:40Z, azel, 190.682, 19.457, 0.004, -0.001
2026-04-04T08:48:45Z, azel, 190.702, 19.454, 0.004, -0.001
2026-04-04T08:48:50Z, azel, 190.721, 19.451, 0.004, -0.001
2026-04-04T08:48:55Z, azel, 190.741, 19.448, 0.004, -0.001
2026-04-04T08:49:00Z, azel, 190.760, 19.445, 0.004, -0.001
2026-04-04T08:49:05Z, azel, 190.780, 19.442, 0.004, -0.001
2026-04-04T08:49:10Z, azel, 190.799, 19.440, 0.004, -0.001
2026-04-04T08:49:15Z, azel, 190.819, 19.437, 0.004, -0.001
2026-04-04T08:49:20Z, azel, 190.838, 19.434, 0.004, -0.001
2026-04-04T08:49:25Z, azel, 190.858, 19.431, 0.004, -0.001
2026-04-04T08:49:30Z, azel, 190.877, 19.428, 0.004, -0.001
2026-04-04T08:49:35Z, azel, 190.897, 19.425, 0.004, -0.001
2026-04-04T08:49:40Z, azel, 190.916, 19.422, 0.004, -0.001
2026-04-04T08:49:45Z, azel, 190.936, 19.419, 0.004, -0.001
2026-04-04T08:49:50Z, azel, 190.955, 19.416, 0.004, -0.001
2026-04-04T08:49:55Z, azel, 190.975, 19.413, 0.004, -0.001
2026-04-04T08:50:00Z, azel, 190.994, 19.410, 0.004, -0.001
2026-04-04T08:50:05Z, azel, 191.014, 19.407, 0.004, -0.001
2026-04-04T08:50:10Z, azel, 191.033, 19.404, 0.004, -0.001
2026-04-04T08:50:15Z, azel, 191.053, 19.401, 0.004, -0.001
2026-04-04T08:50:20Z, azel, 191.072, 19.398, 0.004, -0.001
2026-04-04T08:50:25Z, azel, 191.092, 19.396, 0.004, -0.001
2026-04-04T08:50:30Z, azel, 191.111, 19.393, 0.004, -0.001
2026-04-04T08:50:35Z, azel, 191.130, 19.390, 0.004, -0.001
2026-04-04T08:50:40Z, azel, 191.150, 19.387, 0.004, -0.001
2026-04-04T08:50:45Z, azel, 191.169, 19.384, 0.004, -0.001
2026-04-04T08:50:50Z, azel, 191.189, 19.381, 0.004, -0.001
2026-04-04T08:50:55Z, azel, 191.208, 19.378, 0.004, -0.001
2026-04-04T08:51:00Z, azel, 191.228, 19.375, 0.004, -0.001
2026-04-04T08:51:05Z, azel, 191.247, 19.372, 0.004, -0.001
2026-04-04T08:51:10Z, azel, 191.267, 19.369, 0.004, -0.001
2026-04-04T08:51:15Z, azel, 191.286, 19.365, 0.004, -0.001
2026-04-04T08:51:20Z, azel, 191.306, 19.362, 0.004, -0.001
2026-04-04T08:51:25Z, azel, 191.325, 19.359, 0.004, -0.001
2026-04-04T08:51:30Z, azel, 191.345, 19.356, 0.004, -0.001
2026-04-04T08:51:35Z, azel, 191.364, 19.353, 0.004, -0.001
2026-04-04T08:51:40Z, azel, 191.383, 19.350, 0.004, -0.001
2026-04-04T08:51:45Z, azel, 191.403, 19.347, 0.004, -0.001
2026-04-04T08:51:50Z, azel, 191.422, 19.344, 0.004, -0.001
2026-04-04T08:51:55Z, azel, 191.442, 19.341, 0.004, -0.001
2026-04-04T08:52:00Z, azel, 191.461, 19.338, 0.004, -0.001
2026-04-04T08:52:05Z, azel, 191.481, 19.335, 0.004, -0.001
2026-04-04T08:52:10Z, azel, 191.500, 19.332, 0.004, -0.001
2026-04-04T08:52:15Z, azel, 191.520, 19.329, 0.004, -0.001
2026-04-04T08:52:20Z, azel, 191.539, 19.326, 0.004, -0.001
2026-04-04T08:52:25Z, azel, 191.558, 19.323, 0.004, -0.001
2026-04-04T08:52:30Z, azel, 191.578, 19.319, 0.004, -0.001
2026-04-04T08:52:35Z, azel, 191.597, 19.316, 0.004, -0.001
2026-04-04T08:52:40Z, azel, 191.617, 19.313, 0.004, -0.001
2026-04-04T08:52:45Z, azel, 191.636, 19.310, 0.004, -0.001
2026-04-04T08:52:50Z, azel, 191.656, 19.307, 0.004, -0.001
2026-04-04T08:52:55Z, azel, 191.675, 19.304, 0.004, -0.001
2026-04-04T08:53:00Z, azel, 191.695, 19.301, 0.004, -0.001
2026-04-04T08:53:05Z, azel, 191.714, 19.298, 0.004, -0.001
2026-04-04T08:53:10Z, azel, 191.733, 19.294, 0.004, -0.001
2026-04-04T08:53:15Z, azel, 191.753, 19.291, 0.004, -0.001
2026-04-04T08:53:20Z, azel, 191.772, 19.288, 0.004, -0.001
2026-04-04T08:53:25Z, azel, 191.792, 19.285, 0.004, -0.001
2026-04-04T08:53:30Z, azel, 191.811, 19.282, 0.004, -0.001
2026-04-04T08:53:35Z, azel, 191.831, 19.279, 0.004, -0.001
2026-04-04T08:53:40Z, azel, 191.850, 19.276, 0.004, -0.001
2026-04-04T08:53:45Z, azel, 191.869, 19.272, 0.004, -0.001
2026-04-04T08:53:50Z, azel, 191.889, 19.269, 0.004, -0.001
2026-04-04T08:53:55Z, azel, 191.908, 19.266, 0.004, -0.001
2026-04-04T08:54:00Z, azel, 191.928, 19.263, 0.004, -0.001
2026-04-04T08:54:05Z, azel, 191.947, 19.260, 0.004, -0.001
2026-04-04T08:54:10Z, azel, 191.966, 19.256, 0.004, -0.001
2026-04-04T08:54:15Z, azel, 191.986, 19.253, 0.004, -0.001
2026-04-04T08:54:20Z, azel, 192.005, 19.250, 0.004, -0.001
2026-04-04T08:54:25Z, azel, 192.025, 19.247, 0.004, -0.001
2026-04-04T08:54:30Z, azel, 192.044, 19.244, 0.004, -0.001
2026-04-04T08:54:35Z, azel, 192.064, 19.240, 0.004, -0.001
2026-04-04T08:54:40Z, azel, 192.083, 19.237, 0.004, -0.001
2026-04-04T08:54:45Z, azel, 192.102, 19.234, 0.004, -0.001
2026-04-04T08:54:50Z, azel, 192.122, 19.231, 0.004, -0.001
2026-04-04T08:54:55Z, azel, 192.141, 19.227, 0.004, -0.001
2026-04-04T08:55:00Z, azel, 192.161, 19.224, 0.004, -0.001
2026-04-04T08:55:05Z, azel, 192.180, 19.221, 0.004, -0.001
2026-04-04T08:55:10Z, azel, 192.199, 19.218, 0.004, -0.001
2026-04-04T08:55:15Z, azel, 192.219, 19.214, 0.004, -0.001
2026-04-04T08:55:20Z, azel, 192.238, 19.211, 0.004, -0.001
2026-04-04T08:55:25Z, azel, 192.258, 19.208, 0.004, -0.001
2026-04-04T08:55:30Z, azel, 192.277, 19.204, 0.004, -0.001
2026-04-04T08:55:35Z, azel, 192.296, 19.201, 0.004, -0.001
2026-04-04T08:55:40Z, azel, 192.316, 19.198, 0.004, -0.001
2026-04-04T08:55:45Z, azel, 192.335, 19.195, 0.004, -0.001
2026-04-04T08:55:50Z, azel, 192.354, 19.191, 0.004, -0.001
2026-04-04T08:55:55Z, azel, 192.374, 19.188, 0.004, -0.001
2026-04-04T08:56:00Z, azel, 192.393, 19.185, 0.004, -0.001
2026-04-04T08:56:05Z, azel, 192.413, 19.181, 0.004, -0.001
2026-04-04T08:56:10Z, azel, 192.432, 19.178, 0.004, -0.001
2026-04-04T08:56:15Z, azel, 192.451, 19.175, 0.004, -0.001
2026-04-04T08:56:20Z, azel, 192.471, 19.171, 0.004, -0.001
2026-04-04T08:56:25Z, azel, 192.490, 19.168, 0.004, -0.001
2026-04-04T08:56:30Z, azel, 192.510, 19.165, 0.004, -0.001
2026-04-04T08:56:35Z, azel, 192.529, 19.161, 0.004, -0.001
2026-04-04T08:56:40Z, azel, 192.548, 19.158, 0.004, -0.001
2026-04-04T08:56:45Z, azel, 192.568, 19.155, 0.004, -0.001
2026-04-04T08:56:50Z, azel, 192.587, 19.151, 0.004, -0.001
2026-04-04T08:56:55Z, azel, 192.606, 19.148, 0.004, -0.001
2026-04-04T08:57:00Z, azel, 192.626, 19.144, 0.004, -0.001
2026-04-04T08:57:05Z, azel, 192.645, 19.141, 0.004, -0.001
2026-04-04T08:57:10Z, azel, 192.664, 19.138, 0.004, -0.001
2026-04-04T08:57:15Z, azel, 192.684, 19.134, 0.004, -0.001
2026-04-04T08:57:20Z, azel, 192.703, 19.131, 0.004, -0.001
2026-04-04T08:57:25Z, azel, 192.723, 19.128, 0.004, -0.001
2026-04-04T08:57:30Z, azel, 192.742, 19.124, 0.004, -0.001
2026-04-04T08:57:35Z, azel, 192.761, 19.121, 0.004, -0.001
2026-04-04T08:57:40Z, azel, 192.781, 19.117, 0.004, -0.001
2026-04-04T08:57:45Z, azel, 192.800, 19.114, 0.004, -0.001
2026-04-04T08:57:50Z, azel, 192.819, 19.110, 0.004, -0.001
2026-04-04T08:57:55Z, azel, 192.839, 19.107, 0.004, -0.001
2026-04-04T08:58:00Z, azel, 192.858, 19.104, 0.004, -0.001
2026-04-04T08:58:05Z, azel, 192.877, 19.100, 0.004, -0.001
2026-04-04T08:58:10Z, azel, 192.897, 19.097, 0.004, -0.001
2026-04-04T08:58:15Z, azel, 192.916, 19.093, 0.004, -0.001
2026-04-04T08:58:20Z, azel, 192.935, 19.090, 0.004, -0.001
2026-04-04T08:58:25Z, azel, 192.955, 19.086, 0.004, -0.001
2026-04-04T08:58:30Z, azel, 192.974, 19.083, 0.004, -0.001
2026-04-04T08:58:35Z, azel, 192.993, 19.079, 0.004, -0.001
2026-04-04T08:58:40Z, azel, 193.013, 19.076, 0.004, -0.001
2026-04-04T08:58:45Z, azel, 193.032, 19.072, 0.004, -0.001
2026-04-04T08:58:50Z, azel, 193.051, 19.069, 0.004, -0.001
2026-04-04T08:58:55Z, azel, 193.071, 19.065, 0.004, -0.001
2026-04-04T08:59:00Z, azel, 193.090, 19.062, 0.004, -0.001
2026-04-04T08:59:05Z, azel, 193.109, 19.058, 0.004, -0.001
2026-04-04T08:59:10Z, azel, 193.129, 19.055, 0.004, -0.001
2026-04-04T08:59:15Z, azel, 193.148, 19.051, 0.004, -0.001
2026-04-04T08:59:20Z, azel, 193.167, 19.048, 0.004, -0.001
2026-04-04T08:59:25Z, azel, 193.187, 19.044, 0.004, -0.001
2026-04-04T08:59:30Z, azel, 193.206, 19.041, 0.004, -0.001
2026-04-04T08:59:35Z, azel, 193.225, 19.037, 0.004, -0.001
2026-04-04T08:59:40Z, azel, 193.245, 19.034, 0.004, -0.001
2026-04-04T08:59:45Z, azel, 193.264, 19.030, 0.004, -0.001
2026-04-04T08:59:50Z, azel, 193.283, 19.027, 0.004, -0.001
2026-04-04T08:59:55Z, azel, 193.303, 19.023, 0.004, -0.001
2026-04-04T09:00:00Z, azel, 193.322, 19.020, 0.004, -0.001
2026-04-04T09:00:05Z, azel, 193.341, 19.016, 0.004, -0.001
2026-04-04T09:00:10Z, azel, 193.361, 19.013, 0.004, -0.001
2026-04-04T09:00:15Z, azel, 193.380, 19.009, 0.004, -0.001
2026-04-04T09:00:20Z, azel, 193.399, 19.005, 0.004, -0.001
2026-04-04T09:00:25Z, azel, 193.419, 19.002, 0.004, -0.001
2026-04-04T09:00:30Z, azel, 193.438, 18.998, 0.004, -0.001
2026-04-04T09:00:35Z, azel, 193.457, 18.995, 0.004, -0.001
2026-04-04T09:00:40Z, azel, 193.477, 18.991, 0.004, -0.001
2026-04-04T09:00:45Z, azel, 193.496, 18.987, 0.004, -0.001
2026-04-04T09:00:50Z, azel, 193.515, 18.984, 0.004, -0.001
2026-04-04T09:00:55Z, azel, 193.534, 18.980, 0.004, -0.001
2026-04-04T09:01:00Z, azel, 193.554, 18.977, 0.004, -0.001
2026-04-04T09:01:05Z, azel, 193.573, 18.973, 0.004, -0.001
2026-04-04T09:01:10Z, azel, 193.592, 18.969, 0.004, -0.001
2026-04-04T09:01:15Z, azel, 193.612, 18.966, 0.004, -0.001
2026-04-04T09:01:20Z, azel, 193.631, 18.962, 0.004, -0.001
2026-04-04T09:01:25Z, azel, 193.650, 18.958, 0.004, -0.001
2026-04-04T09:01:30Z, azel, 193.669, 18.955, 0.004, -0.001
2026-04-04T09:01:35Z, azel, 193.689, 18.951, 0.004, -0.001
2026-04-04T09:01:40Z, azel, 193.708, 18.947, 0.004, -0.001
2026-04-04T09:01:45Z, azel, 193.727, 18.944, 0.004, -0.001
2026-04-04T09:01:50Z, azel, 193.747, 18.940, 0.004, -0.001
2026-04-04T09:01:55Z, azel, 193.766, 18.936, 0.004, -0.001
2026-04-04T09:02:00Z, azel, 193.785, 18.933, 0.004, -0.001
2026-04-04T09:02:05Z, azel, 193.804, 18.929, 0.004, -0.001
2026-04-04T09:02:10Z, azel, 193.824, 18.925, 0.004, -0.001
2026-04-04T09:02:15Z, azel, 193.843, 18.922, 0.004, -0.001
2026-04-04T09:02:20Z, azel, 193.862, 18.918, 0.004, -0.001
2026-04-04T09:02:25Z, azel, 193.882, 18.914, 0.004, -0.001
2026-04-04T09:02:30Z, azel, 193.901, 18.911, 0.004, -0.001
2026-04-04T09:02:35Z, azel, 193.920, 18.907, 0.004, -0.001
2026-04-04T09:02:40Z, azel, 193.939, 18.903, 0.004, -0.001
2026-04-04T09:02:45Z, azel, 193.959, 18.900, 0.004, -0.001
2026-04-04T09:02:50Z, azel, 193.978, 18.896, 0.004, -0.001
2026-04-04T09:02:55Z, azel, 193.997, 18.892, 0.004, -0.001
2026-04-04T09:03:00Z, azel, 194.016, 18.888, 0.004, -0.001
2026-04-04T09:03:05Z, azel, 194.036, 18.885, 0.004, -0.001
2026-04-04T09:03:10Z, azel, 194.055, 18.881, 0.004, -0.001
2026-04-04T09:03:15Z, azel, 194.074, 18.877, 0.004, -0.001
2026-04-04T09:03:20Z, azel, 194.093, 18.873, 0.004, -0.001
2026-04-04T09:03:25Z, azel, 194.113, 18.870, 0.004, -0.001
2026-04-04T09:03:30Z, azel, 194.132, 18.866, 0.004, -0.001
2026-04-04T09:03:35Z, azel, 194.151, 18.862, 0.004, -0.001
2026-04-04T09:03:40Z, azel, 194.170, 18.858, 0.004, -0.001
2026-04-04T09:03:45Z, azel, 194.190, 18.854, 0.004, -0.001
2026-04-04T09:03:50Z, azel, 194.209, 18.851, 0.004, -0.001
2026-04-04T09:03:55Z, azel, 194.228, 18.847, 0.004, -0.001
2026-04-04T09:04:00Z, azel, 194.247, 18.843, 0.004, -0.001
2026-04-04T09:04:05Z, azel, 194.267, 18.839, 0.004, -0.001
2026-04-04T09:04:10Z, azel, 194.286, 18.836, 0.004, -0.001
2026-04-04T09:04:15Z, azel, 194.305, 18.832, 0.004, -0.001
2026-04-04T09:04:20Z, azel, 194.324, 18.828, 0.004, -0.001
2026-04-04T09:04:25Z, azel, 194.344, 18.824, 0.004, -0.001
2026-04-04T09:04:30Z, azel, 194.363, 18.820, 0.004, -0.001
2026-04-04T09:04:35Z, azel, 194.382, 18.816, 0.004, -0.001
2026-04-04T09:04:40Z, azel, 194.401, 18.813, 0.004, -0.001
2026-04-04T09:04:45Z, azel, 194.420, 18.809, 0.004, -0.001
2026-04-04T09:04:50Z, azel, 194.440, 18.805, 0.004, -0.001
2026-04-04T09:04:55Z, azel, 194.459, 18.801, 0.004, -0.001
2026-04-04T09:05:00Z, azel, 194.478, 18.797, 0.004, -0.001
2026-04-04T09:05:05Z, azel, 194.497, 18.793, 0.004, -0.001
2026-04-04T09:05:10Z, azel, 194.517, 18.789, 0.004, -0.001
2026-04-04T09:05:15Z, azel, 194.536, 18.786, 0.004, -0.001
2026-04-04T09:05:20Z, azel, 194.555, 18.782, 0.004, -0.001
2026-04-04T09:05:25Z, azel, 194.574, 18.778, 0.004, -0.001
2026-04-04T09:05:30Z, azel, 194.593, 18.774, 0.004, -0.001
2026-04-04T09:05:35Z, azel, 194.613, 18.770, 0.004, -0.001
2026-04-04T09:05:40Z, azel, 194.632, 18.766, 0.004, -0.001
2026-04-04T09:05:45Z, azel, 194.651, 18.762, 0.004, -0.001
2026-04-04T09:05:50Z, azel, 194.670, 18.758, 0.004, -0.001
2026-04-04T09:05:55Z, azel, 194.690, 18.754, 0.004, -0.001
2026-04-04T09:06:00Z, azel, 194.709, 18.751, 0.004, -0.001
2026-04-04T09:06:05Z, azel, 194.728, 18.747, 0.004, -0.001
2026-04-04T09:06:10Z, azel, 194.747, 18.743, 0.004, -0.001
2026-04-04T09:06:15Z, azel, 194.766, 18.739, 0.004, -0.001
2026-04-04T09:06:20Z, azel, 194.786, 18.735, 0.004, -0.001
2026-04-04T09:06:25Z, azel, 194.805, 18.731, 0.004, -0.001
2026-04-04T09:06:30Z, azel, 194.824, 18.727, 0.004, -0.001
2026-04-04T09:06:35Z, azel, 194.843, 18.723, 0.004, -0.001
2026-04-04T09:06:40Z, azel, 194.862, 18.719, 0.004, -0.001
2026-04-04T09:06:45Z, azel, 194.881, 18.715, 0.004, -0.001
2026-04-04T09:06:50Z, azel, 194.901, 18.711, 0.004, -0.001
2026-04-04T09:06:55Z, azel, 194.920, 18.707, 0.004, -0.001
2026-04-04T09:07:00Z, azel, 194.939, 18.703, 0.004, -0.001
2026-04-04T09:07:05Z, azel, 194.958, 18.699, 0.004, -0.001
2026-04-04T09:07:10Z, azel, 194.977, 18.695, 0.004, -0.001
2026-04-04T09:07:15Z, azel, 194.997, 18.691, 0.004, -0.001
2026-04-04T09:07:20Z, azel, 195.016, 18.687, 0.004, -0.001
2026-04-04T09:07:25Z, azel, 195.035, 18.683, 0.004, -0.001
2026-04-04T09:07:30Z, azel, 195.054, 18.679, 0.004, -0.001
2026-04-04T09:07:35Z, azel, 195.073, 18.675, 0.004, -0.001
2026-04-04T09:07:40Z, azel, 195.092, 18.671, 0.004, -0.001
2026-04-04T09:07:45Z, azel, 195.112, 18.667, 0.004, -0.001
2026-04-04T09:07:50Z, azel, 195.131, 18.663, 0.004, -0.001
2026-04-04T09:07:55Z, azel, 195.150, 18.659, 0.004, -0.001
2026-04-04T09:08:00Z, azel, 195.169, 18.655, 0.004, -0.001
2026-04-04T09:08:05Z, azel, 195.188, 18.651, 0.004, -0.001
2026-04-04T09:08:10Z, azel, 195.207, 18.647, 0.004, -0.001
2026-04-04T09:08:15Z, azel, 195.227, 18.643, 0.004, -0.001
2026-04-04T09:08:20Z, azel, 195.246, 18.639, 0.004, -0.001
2026-04-04T09:08:25Z, azel, 195.265, 18.635, 0.004, -0.001
2026-04-04T09:08:30Z, azel, 195.284, 18.631, 0.004, -0.001
2026-04-04T09:08:35Z, azel, 195.303, 18.627, 0.004, -0.001
2026-04-04T09:08:40Z, azel, 195.322, 18.623, 0.004, -0.001
2026-04-04T09:08:45Z, azel, 195.342, 18.619, 0.004, -0.001
2026-04-04T09:08:50Z, azel, 195.361, 18.615, 0.004, -0.001
2026-04-04T09:08:55Z, azel, 195.380, 18.610, 0.004, -0.001
2026-04-04T09:09:00Z, azel, 195.399, 18.606, 0.004, -0.001
2026-04-04T09:09:05Z, azel, 195.418, 18.602, 0.004, -0.001
2026-04-04T09:09:10Z, azel, 195.437, 18.598, 0.004, -0.001
2026-04-04T09:09:15Z, azel, 195.456, 18.594, 0.004, -0.001
2026-04-04T09:09:20Z, azel, 195.476, 18.590, 0.004, -0.001
2026-04-04T09:09:25Z, azel, 195.495, 18.586, 0.004, -0.001
2026-04-04T09:09:30Z, azel, 195.514, 18.582, 0.004, -0.001
2026-04-04T09:09:35Z, azel, 195.533, 18.578, 0.004, -0.001
2026-04-04T09:09:40Z, azel, 195.552, 18.573, 0.004, -0.001
2026-04-04T09:09:45Z, azel, 195.571, 18.569, 0.004, -0.001
2026-04-04T09:09:50Z, azel, 195.590, 18.565, 0.004, -0.001
2026-04-04T09:09:55Z, azel, 195.609, 18.561, 0.004, -0.001
2026-04-04T09:10:00Z, azel, 195.629, 18.557, 0.004, -0.001
2026-04-04T09:10:05Z, azel, 195.648, 18.553, 0.004, -0.001
2026-04-04T09:10:10Z, azel, 195.667, 18.549, 0.004, -0.001
2026-04-04T09:10:15Z, azel, 195.686, 18.544, 0.004, -0.001
2026-04-04T09:10:20Z, azel, 195.705, 18.540, 0.004, -0.001
2026-04-04T09:10:25Z, azel, 195.724, 18.536, 0.004, -0.001
2026-04-04T09:10:30Z, azel, 195.743, 18.532, 0.004, -0.001
2026-04-04T09:10:35Z, azel, 195.762, 18.528, 0.004, -0.001
2026-04-04T09:10:40Z, azel, 195.781, 18.523, 0.004, -0.001
2026-04-04T09:10:45Z, azel, 195.801, 18.519, 0.004, -0.001
2026-04-04T09:10:50Z, azel, 195.820, 18.515, 0.004, -0.001
2026-04-04T09:10:55Z, azel, 195.839, 18.511, 0.004, -0.001
2026-04-04T09:11:00Z, azel, 195.858, 18.507, 0.004, -0.001
2026-04-04T09:11:05Z, azel, 195.877, 18.502, 0.004, -0.001
2026-04-04T09:11:10Z, azel, 195.896, 18.498, 0.004, -0.001
2026-04-04T09:11:15Z, azel, 195.915, 18.494, 0.004, -0.001
2026-04-04T09:11:20Z, azel, 195.934, 18.490, 0.004, -0.001
2026-04-04T09:11:25Z, azel, 195.953, 18.486, 0.004, -0.001
2026-04-04T09:11:30Z, azel, 195.973, 18.481, 0.004, -0.001
2026-04-04T09:11:35Z, azel, 195.992, 18.477, 0.004, -0.001
2026-04-04T09:11:40Z, azel, 196.011, 18.473, 0.004, -0.001
2026-04-04T09:11:45Z, azel, 196.030, 18.469, 0.004, -0.001
2026-04-04T09:11:50Z, azel, 196.049, 18.464, 0.004, -0.001
2026-04-04T09:11:55Z, azel, 196.068, 18.460, 0.004, -0.001
2026-04-04T09:12:00Z, azel, 196.087, 18.456, 0.004, -0.001
2026-04-04T09:12:05Z, azel, 196.106, 18.451, 0.004, -0.001
2026-04-04T09:12:10Z, azel, 196.125, 18.447, 0.004, -0.001
2026-04-04T09:12:15Z, azel, 196.144, 18.443, 0.004, -0.001
2026-04-04T09:12:20Z, azel, 196.163, 18.439, 0.004, -0.001
2026-04-04T09:12:25Z, azel, 196.182, 18.434, 0.004, -0.001
2026-04-04T09:12:30Z, azel, 196.202, 18.430, 0.004, -0.001
2026-04-04T09:12:35Z, azel, 196.221, 18.426, 0.004, -0.001
2026-04-04T09:12:40Z, azel, 196.240, 18.421, 0.004, -0.001
2026-04-04T09:12:45Z, azel, 196.259, 18.417, 0.004, -0.001
2026-04-04T09:12:50Z, azel, 196.278, 18.413, 0.004, -0.001
2026-04-04T09:12:55Z, azel, 196.297, 18.408, 0.004, -0.001
2026-04-04T09:13:00Z, azel, 196.316, 18.404, 0.004, -0.001
2026-04-04T09:13:05Z, azel, 196.335, 18.400, 0.004, -0.001
2026-04-04T09:13:10Z, azel, 196.354, 18.395, 0.004, -0.001
2026-04-04T09:13:15Z, azel, 196.373, 18.391, 0.004, -0.001
2026-04-04T09:13:20Z, azel, 196.392, 18.387, 0.004, -0.001
2026-04-04T09:13:25Z, azel, 196.411, 18.382, 0.004, -0.001
2026-04-04T09:13:30Z, azel, 196.430, 18.378, 0.004, -0.001
2026-04-04T09:13:35Z, azel, 196.449, 18.374, 0.004, -0.001
2026-04-04T09:13:40Z, azel, 196.468, 18.369, 0.004, -0.001
2026-04-04T09:13:45Z, azel, 196.487, 18.365, 0.004, -0.001
2026-04-04T09:13:50Z, azel, 196.506, 18.361, 0.004, -0.001
2026-04-04T09:13:55Z, azel, 196.525, 18.356, 0.004, -0.001
2026-04-04T09:14:00Z, azel, 196.545, 18.352, 0.004, -0.001
2026-04-04T09:14:05Z, azel, 196.564, 18.347, 0.004, -0.001
2026-04-04T09:14:10Z, azel, 196.583, 18.343, 0.004, -0.001
2026-04-04T09:14:15Z, azel, 196.602, 18.339, 0.004, -0.001
2026-04-04T09:14:20Z, azel, 196.621, 18.334, 0.004, -0.001
2026-04-04T09:14:25Z, azel, 196.640, 18.330, 0.004, -0.001
2026-04-04T09:14:30Z, azel, 196.659, 18.325, 0.004, -0.001
2026-04-04T09:14:35Z, azel, 196.678, 18.321, 0.004, -0.001
2026-04-04T09:14:40Z, azel, 196.697, 18.317, 0.004, -0.001
2026-04-04T09:14:45Z, azel, 196.716, 18.312, 0.004, -0.001
2026-04-04T09:14:50Z, azel, 196.735, 18.308, 0.004, -0.001
2026-04-04T09:14:55Z, azel, 196.754, 18.303, 0.004, -0.001
2026-04-04T09:15:00Z, azel, 196.773, 18.299, 0.004, -0.001
2026-04-04T09:15:05Z, azel, 196.792, 18.294, 0.004, -0.001
2026-04-04T09:15:10Z, azel, 196.811, 18.290, 0.004, -0.001
2026-04-04T09:15:15Z, azel, 196.830, 18.286, 0.004, -0.001
2026-04-04T09:15:20Z, azel, 196.849, 18.281, 0.004, -0.001
2026-04-04T09:15:25Z, azel, 196.868, 18.277, 0.004, -0.001
2026-04-04T09:15:30Z, azel, 196.887, 18.272, 0.004, -0.001
2026-04-04T09:15:35Z, azel, 196.906, 18.268, 0.004, -0.001
2026-04-04T09:15:40Z, azel, 196.925, 18.263, 0.004, -0.001
2026-04-04T09:15:45Z, azel, 196.944, 18.259, 0.004, -0.001
2026-04-04T09:15:50Z, azel, 196.963, 18.254, 0.004, -0.001
2026-04-04T09:15:55Z, azel, 196.982, 18.250, 0.004, -0.001
2026-04-04T09:16:00Z, azel, 197.001, 18.245, 0.004, -0.001
2026-04-04T09:16:05Z, azel, 197.020, 18.241, 0.004, -0.001
2026-04-04T09:16:10Z, azel, 197.039, 18.236, 0.004, -0.001
2026-04-04T09:16:15Z, azel, 197.058, 18.232, 0.004, -0.001
2026-04-04T09:16:20Z, azel, 197.077, 18.227, 0.004, -0.001
2026-04-04T09:16:25Z, azel, 197.096, 18.223, 0.004, -0.001
2026-04-04T09:16:30Z, azel, 197.115, 18.218, 0.004, -0.001
2026-04-04T09:16:35Z, azel, 197.134, 18.214, 0.004, -0.001
2026-04-04T09:16:40Z, azel, 197.153, 18.209, 0.004, -0.001
2026-04-04T09:16:45Z, azel, 197.172, 18.204, 0.004, -0.001
2026-04-04T09:16:50Z, azel, 197.191, 18.200, 0.004, -0.001
2026-04-04T09:16:55Z, azel, 197.210, 18.195, 0.004, -0.001
2026-04-04T09:17:00Z, azel, 197.229, 18.191, 0.004, -0.001
2026-04-04T09:17:05Z, azel, 197.248, 18.186, 0.004, -0.001
2026-04-04T09:17:10Z, azel, 197.267, 18.182, 0.004, -0.001
2026-04-04T09:17:15Z, azel, 197.286, 18.177, 0.004, -0.001
2026-04-04T09:17:20Z, azel, 197.305, 18.172, 0.004, -0.001
2026-04-04T09:17:25Z, azel, 197.324, 18.168, 0.004, -0.001
2026-04-04T09:17:30Z, azel, 197.343, 18.163, 0.004, -0.001
2026-04-04T09:17:35Z, azel, 197.362, 18.159, 0.004, -0.001
2026-04-04T09:17:40Z, azel, 197.381, 18.154, 0.004, -0.001
2026-04-04T09:17:45Z, azel, 197.400, 18.150, 0.004, -0.001
2026-04-04T09:17:50Z, azel, 197.418, 18.145, 0.004, -0.001
2026-04-04T09:17:55Z, azel, 197.437, 18.140, 0.004, -0.001
2026-04-04T09:18:00Z, azel, 197.456, 18.136, 0.004, -0.001
2026-04-04T09:18:05Z, azel, 197.475, 18.131, 0.004, -0.001
2026-04-04T09:18:10Z, azel, 197.494, 18.126, 0.004, -0.001
2026-04-04T09:18:15Z, azel, 197.513, 18.122, 0.004, -0.001
2026-04-04T09:18:20Z, azel, 197.532, 18.117, 0.004, -0.001
2026-04-04T09:18:25Z, azel, 197.551, 18.113, 0.004, -0.001
2026-04-04T09:18:30Z, azel, 197.570, 18.108, 0.004, -0.001
2026-04-04T09:18:35Z, azel, 197.589, 18.103, 0.004, -0.001
2026-04-04T09:18:40Z, azel, 197.608, 18.099, 0.004, -0.001
2026-04-04T09:18:45Z, azel, 197.627, 18.094, 0.004, -0.001
2026-04-04T09:18:50Z, azel, 197.646, 18.089, 0.004, -0.001
2026-04-04T09:18:55Z, azel, 197.665, 18.085, 0.004, -0.001
2026-04-04T09:19:00Z, azel, 197.684, 18.080, 0.004, -0.001
2026-04-04T09:19:05Z, azel, 197.703, 18.075, 0.004, -0.001
2026-04-04T09:19:10Z, azel, 197.722, 18.071, 0.004, -0.001
2026-04-04T09:19:15Z, azel, 197.740, 18.066, 0.004, -0.001
2026-04-04T09:19:20Z, azel, 197.759, 18.061, 0.004, -0.001
2026-04-04T09:19:25Z, azel, 197.778, 18.056, 0.004, -0.001
2026-04-04T09:19:30Z, azel, 197.797, 18.052, 0.004, -0.001
2026-04-04T09:19:35Z, azel, 197.816, 18.047, 0.004, -0.001
2026-04-04T09:19:40Z, azel, 197.835, 18.042, 0.004, -0.001
2026-04-04T09:19:45Z, azel, 197.854, 18.038, 0.004, -0.001
2026-04-04T09:19:50Z, azel, 197.873, 18.033, 0.004, -0.001
2026-04-04T09:19:55Z, azel, 197.892, 18.028, 0.004, -0.001
2026-04-04T09:20:00Z, azel, 197.911, 18.023, 0.004, -0.001
2026-04-04T09:20:05Z, azel, 197.930, 18.019, 0.004, -0.001
2026-04-04T09:20:10Z, azel, 197.949, 18.014, 0.004, -0.001
2026-04-04T09:20:15Z, azel, 197.967, 18.009, 0.004, -0.001
2026-04-04T09:20:20Z, azel, 197.986, 18.004, 0.004, -0.001
2026-04-04T09:20:25Z, azel, 198.005, 18.000, 0.004, -0.001
2026-04-04T09:20:30Z, azel, 198.024, 17.995, 0.004, -0.001
2026-04-04T09:20:35Z, azel, 198.043, 17.990, 0.004, -0.001
2026-04-04T09:20:40Z, azel, 198.062, 17.985, 0.004, -0.001
2026-04-04T09:20:45Z, azel, 198.081, 17.981, 0.004, -0.001
2026-04-04T09:20:50Z, azel, 198.100, 17.976, 0.004, -0.001
2026-04-04T09:20:55Z, azel, 198.119, 17.971, 0.004, -0.001
2026-04-04T09:21:00Z, azel, 198.137, 17.966, 0.004, -0.001
2026-04-04T09:21:05Z, azel, 198.156, 17.961, 0.004, -0.001
2026-04-04T09:21:10Z, azel, 198.175, 17.957, 0.004, -0.001
2026-04-04T09:21:15Z, azel, 198.194, 17.952, 0.004, -0.001
2026-04-04T09:21:20Z, azel, 198.213, 17.947, 0.004, -0.001
2026-04-04T09:21:25Z, azel, 198.232, 17.942, 0.004, -0.001
2026-04-04T09:21:30Z, azel, 198.251, 17.937, 0.004, -0.001
2026-04-04T09:21:35Z, azel, 198.270, 17.933, 0.004, -0.001
2026-04-04T09:21:40Z, azel, 198.289, 17.928, 0.004, -0.001
2026-04-04T09:21:45Z, azel, 198.307, 17.923, 0.004, -0.001
2026-04-04T09:21:50Z, azel, 198.326, 17.918, 0.004, -0.001
2026-04-04T09:21:55Z, azel, 198.345, 17.913, 0.004, -0.001
2026-04-04T09:22:00Z, azel, 198.364, 17.908, 0.004, -0.001
2026-04-04T09:22:05Z, azel, 198.383, 17.904, 0.004, -0.001
2026-04-04T09:22:10Z, azel, 198.402, 17.899, 0.004, -0.001
2026-04-04T09:22:15Z, azel, 198.421, 17.894, 0.004, -0.001
2026-04-04T09:22:20Z, azel, 198.439, 17.889, 0.004, -0.001
2026-04-04T09:22:25Z, azel, 198.458, 17.884, 0.004, -0.001
2026-04-04T09:22:30Z, azel, 198.477, 17.879, 0.004, -0.001
2026-04-04T09:22:35Z, azel, 198.496, 17.874, 0.004, -0.001
2026-04-04T09:22:40Z, azel, 198.515, 17.869, 0.004, -0.001
2026-04-04T09:22:45Z, azel, 198.534, 17.865, 0.004, -0.001
2026-04-04T09:22:50Z, azel, 198.553, 17.860, 0.004, -0.001
2026-04-04T09:22:55Z, azel, 198.571, 17.855, 0.004, -0.001
2026-04-04T09:23:00Z, azel, 198.590, 17.850, 0.004, -0.001
2026-04-04T09:23:05Z, azel, 198.609, 17.845, 0.004, -0.001
2026-04-04T09:23:10Z, azel, 198.628, 17.840, 0.004, -0.001
2026-04-04T09:23:15Z, azel, 198.647, 17.835, 0.004, -0.001
2026-04-04T09:23:20Z, azel, 198.666, 17.830, 0.004, -0.001
2026-04-04T09:23:25Z, azel, 198.684, 17.825, 0.004, -0.001
2026-04-04T09:23:30Z, azel, 198.703, 17.820, 0.004, -0.001
2026-04-04T09:23:35Z, azel, 198.722, 17.815, 0.004, -0.001
2026-04-04T09:23:40Z, azel, 198.741, 17.810, 0.004, -0.001
2026-04-04T09:23:45Z, azel, 198.760, 17.806, 0.004, -0.001
2026-04-04T09:23:50Z, azel, 198.778, 17.801, 0.004, -0.001
2026-04-04T09:23:55Z, azel, 198.797, 17.796, 0.004, -0.001
2026-04-04T09:24:00Z, azel, 198.816, 17.791, 0.004, -0.001
2026-04-04T09:24:05Z, azel, 198.835, 17.786, 0.004, -0.001
2026-04-04T09:24:10Z, azel, 198.854, 17.781, 0.004, -0.001
2026-04-04T09:24:15Z, azel, 198.873, 17.776, 0.004, -0.001
2026-04-04T09:24:20Z, azel, 198.891, 17.771, 0.004, -0.001
2026-04-04T09:24:25Z, azel, 198.910, 17.766, 0.004, -0.001
2026-04-04T09:24:30Z, azel, 198.929, 17.761, 0.004, -0.001
2026-04-04T09:24:35Z, azel, 198.948, 17.756, 0.004, -0.001
2026-04-04T09:24:40Z, azel, 198.967, 17.751, 0.004, -0.001
2026-04-04T09:24:45Z, azel, 198.985, 17.746, 0.004, -0.001
2026-04-04T09:24:50Z, azel, 199.004, 17.741, 0.004, -0.001
2026-04-04T09:24:55Z, azel, 199.023, 17.736, 0.004, -0.001
2026-04-04T09:25:00Z, azel, 199.042, 17.731, 0.004, -0.001
2026-04-04T09:25:05Z, azel, 199.061, 17.726, 0.004, -0.001
2026-04-04T09:25:10Z, azel, 199.079, 17.721, 0.004, -0.001
2026-04-04T09:25:15Z, azel, 199.098, 17.716, 0.004, -0.001
2026-04-04T09:25:20Z, azel, 199.117, 17.711, 0.004, -0.001
2026-04-04T09:25:25Z, azel, 199.136, 17.706, 0.004, -0.001
2026-04-04T09:25:30Z, azel, 199.155, 17.701, 0.004, -0.001
2026-04-04T09:25:35Z, azel, 199.173, 17.695, 0.004, -0.001
2026-04-04T09:25:40Z, azel, 199.192, 17.690, 0.004, -0.001
2026-04-04T09:25:45Z, azel, 199.211, 17.685, 0.004, -0.001
2026-04-04T09:25:50Z, azel, 199.230, 17.680, 0.004, -0.001
2026-04-04T09:25:55Z, azel, 199.248, 17.675, 0.004, -0.001
2026-04-04T09:26:00Z, azel, 199.267, 17.670, 0.004, -0.001
2026-04-04T09:26:05Z, azel, 199.286, 17.665, 0.004, -0.001
2026-04-04T09:26:10Z, azel, 199.305, 17.660, 0.004, -0.001
2026-04-04T09:26:15Z, azel, 199.323, 17.655, 0.004, -0.001
2026-04-04T09:26:20Z, azel, 199.342, 17.650, 0.004, -0.001
2026-04-04T09:26:25Z, azel, 199.361, 17.645, 0.004, -0.001
2026-04-04T09:26:30Z, azel, 199.380, 17.640, 0.004, -0.001
2026-04-04T09:26:35Z, azel, 199.398, 17.635, 0.004, -0.001
2026-04-04T09:26:40Z, azel, 199.417, 17.629, 0.004, -0.001
2026-04-04T09:26:45Z, azel, 199.436, 17.624, 0.004, -0.001
2026-04-04T09:26:50Z, azel, 199.455, 17.619, 0.004, -0.001
2026-04-04T09:26:55Z, azel, 199.473, 17.614, 0.004, -0.001
2026-04-04T09:27:00Z, azel, 199.492, 17.609, 0.004, -0.001
2026-04-04T09:27:05Z, azel, 199.511, 17.604, 0.004, -0.001
2026-04-04T09:27:10Z, azel, 199.530, 17.599, 0.004, -0.001
2026-04-04T09:27:15Z, azel, 199.548, 17.593, 0.004, -0.001
2026-04-04T09:27:20Z, azel, 199.567, 17.588, 0.004, -0.001
2026-04-04T09:27:25Z, azel, 199.586, 17.583, 0.004, -0.001
2026-04-04T09:27:30Z, azel, 199.605, 17.578, 0.004, -0.001
2026-04-04T09:27:35Z, azel, 199.623, 17.573, 0.004, -0.001
2026-04-04T09:27:40Z, azel, 199.642, 17.568, 0.004, -0.001
2026-04-04T09:27:45Z, azel, 199.661, 17.563, 0.004, -0.001
2026-04-04T09:27:50Z, azel, 199.680, 17.557, 0.004, -0.001
2026-04-04T09:27:55Z, azel, 199.698, 17.552, 0.004, -0.001
2026-04-04T09:28:00Z, azel, 199.717, 17.547, 0.004, -0.001
2026-04-04T09:28:05Z, azel, 199.736, 17.542, 0.004, -0.001
2026-04-04T09:28:10Z, azel, 199.754, 17.537, 0.004, -0.001
2026-04-04T09:28:15Z, azel, 199.773, 17.531, 0.004, -0.001
2026-04-04T09:28:20Z, azel, 199.792, 17.526, 0.004, -0.001
2026-04-04T09:28:25Z, azel, 199.811, 17.521, 0.004, -0.001
2026-04-04T09:28:30Z, azel, 199.829, 17.516, 0.004, -0.001
2026-04-04T09:28:35Z, azel, 199.848, 17.511, 0.004, -0.001
2026-04-04T09:28:40Z, azel, 199.867, 17.505, 0.004, -0.001
2026-04-04T09:28:45Z, azel, 199.885, 17.500, 0.004, -0.001
2026-04-04T09:28:50Z, azel, 199.904, 17.495, 0.004, -0.001
2026-04-04T09:28:55Z, azel, 199.923, 17.490, 0.004, -0.001
2026-04-04T09:29:00Z, azel, 199.942, 17.484, 0.004, -0.001
2026-04-04T09:29:05Z, azel, 199.960, 17.479, 0.004, -0.001
2026-04-04T09:29:10Z, azel, 199.979, 17.474, 0.004, -0.001
2026-04-04T09:29:15Z, azel, 199.998, 17.469, 0.004, -0.001
2026-04-04T09:29:20Z, azel, 200.016, 17.463, 0.004, -0.001
2026-04-04T09:29:25Z, azel, 200.035, 17.458, 0.004, -0.001
2026-04-04T09:29:30Z, azel, 200.054, 17.453, 0.004, -0.001
2026-04-04T09:29:35Z, azel, 200.072, 17.447, 0.004, -0.001
2026-04-04T09:29:40Z, azel, 200.091, 17.442, 0.004, -0.001
2026-04-04T09:29:45Z, azel, 200.110, 17.437, 0.004, -0.001
2026-04-04T09:29:50Z, azel, 200.128, 17.432, 0.004, -0.001
2026-04-04T09:29:55Z, azel, 200.147, 17.426, 0.004, -0.001
2026-04-04T09:30:00Z, azel, 200.166, 17.421, 0.004, -0.001
2026-04-04T09:30:05Z, azel, 200.184, 17.416, 0.004, -0.001
2026-04-04T09:30:10Z, azel, 200.203, 17.410, 0.004, -0.001
2026-04-04T09:30:15Z, azel, 200.222, 17.405, 0.004, -0.001
2026-04-04T09:30:20Z, azel, 200.240, 17.400, 0.004, -0.001
2026-04-04T09:30:25Z, azel, 200.259, 17.394, 0.004, -0.001
2026-04-04T09:30:30Z, azel, 200.278, 17.389, 0.004, -0.001
2026-04-04T09:30:35Z, azel, 200.296, 17.384, 0.004, -0.001
2026-04-04T09:30:40Z, azel, 200.315, 17.378, 0.004, -0.001
2026-04-04T09:30:45Z, azel, 200.334, 17.373, 0.004, -0.001
2026-04-04T09:30:50Z, azel, 200.352, 17.368, 0.004, -0.001
2026-04-04T09:30:55Z, azel, 200.371, 17.362, 0.004, -0.001
2026-04-04T09:31:00Z, azel, 200.390, 17.357, 0.004, -0.001
2026-04-04T09:31:05Z, azel, 200.408, 17.352, 0.004, -0.001
2026-04-04T09:31:10Z, azel, 200.427, 17.346, 0.004, -0.001
2026-04-04T09:31:15Z, azel, 200.446, 17.341, 0.004, -0.001
2026-04-04T09:31:20Z, azel, 200.464, 17.336, 0.004, -0.001
2026-04-04T09:31:25Z, azel, 200.483, 17.330, 0.004, -0.001
2026-04-04T09:31:30Z, azel, 200.502, 17.325, 0.004, -0.001
2026-04-04T09:31:35Z, azel, 200.520, 17.319, 0.004, -0.001
2026-04-04T09:31:40Z, azel, 200.539, 17.314, 0.004, -0.001
2026-04-04T09:31:45Z, azel, 200.557, 17.309, 0.004, -0.001
2026-04-04T09:31:50Z, azel, 200.576, 17.303, 0.004, -0.001
2026-04-04T09:31:55Z, azel, 200.595, 17.298, 0.004, -0.001
2026-04-04T09:32:00Z, azel, 200.613, 17.292, 0.004, -0.001
2026-04-04T09:32:05Z, azel, 200.632, 17.287, 0.004, -0.001
2026-04-04T09:32:10Z, azel, 200.651, 17.282, 0.004, -0.001
2026-04-04T09:32:15Z, azel, 200.669, 17.276, 0.004, -0.001
2026-04-04T09:32:20Z, azel, 200.688, 17.271, 0.004, -0.001
2026-04-04T09:32:25Z, azel, 200.706, 17.265, 0.004, -0.001
2026-04-04T09:32:30Z, azel, 200.725, 17.260, 0.004, -0.001
2026-04-04T09:32:35Z, azel, 200.744, 17.254, 0.004, -0.001
2026-04-04T09:32:40Z, azel, 200.762, 17.249, 0.004, -0.001
2026-04-04T09:32:45Z, azel, 200.781, 17.244, 0.004, -0.001
2026-04-04T09:32:50Z, azel, 200.799, 17.238, 0.004, -0.001
2026-04-04T09:32:55Z, azel, 200.818, 17.233, 0.004, -0.001
2026-04-04T09:33:00Z, azel, 200.837, 17.227, 0.004, -0.001
2026-04-04T09:33:05Z, azel, 200.855, 17.222, 0.004, -0.001
2026-04-04T09:33:10Z, azel, 200.874, 17.216, 0.004, -0.001
2026-04-04T09:33:15Z, azel, 200.892, 17.211, 0.004, -0.001
2026-04-04T09:33:20Z, azel, 200.911, 17.205, 0.004, -0.001
2026-04-04T09:33:25Z, azel, 200.930, 17.200, 0.004, -0.001
2026-04-04T09:33:30Z, azel, 200.948, 17.194, 0.004, -0.001
2026-04-04T09:33:35Z, azel, 200.967, 17.189, 0.004, -0.001
2026-04-04T09:33:40Z, azel, 200.985, 17.183, 0.004, -0.001
2026-04-04T09:33:45Z, azel, 201.004, 17.178, 0.004, -0.001
2026-04-04T09:33:50Z, azel, 201.022, 17.172, 0.004, -0.001
2026-04-04T09:33:55Z, azel, 201.041, 17.167, 0.004, -0.001
2026-04-04T09:34:00Z, azel, 201.060, 17.161, 0.004, -0.001
2026-04-04T09:34:05Z, azel, 201.078, 17.156, 0.004, -0.001
2026-04-04T09:34:10Z, azel, 201.097, 17.150, 0.004, -0.001
2026-04-04T09:34:15Z, azel, 201.115, 17.145, 0.004, -0.001
2026-04-04T09:34:20Z, azel, 201.134, 17.139, 0.004, -0.001
2026-04-04T09:34:25Z, azel, 201.152, 17.134, 0.004, -0.001
2026-04-04T09:34:30Z, azel, 201.171, 17.128, 0.004, -0.001
2026-04-04T09:34:35Z, azel, 201.190, 17.122, 0.004, -0.001
2026-04-04T09:34:40Z, azel, 201.208, 17.117, 0.004, -0.001
2026-04-04T09:34:45Z, azel, 201.227, 17.111, 0.004, -0.001
2026-04-04T09:34:50Z, azel, 201.245, 17.106, 0.004, -0.001
2026-04-04T09:34:55Z, azel, 201.264, 17.100, 0.004, -0.001
2026-04-04T09:35:00Z, azel, 201.282, 17.095, 0.004, -0.001
2026-04-04T09:35:05Z, azel, 201.301, 17.089, 0.004, -0.001
2026-04-04T09:35:10Z, azel, 201.319, 17.083, 0.004, -0.001
2026-04-04T09:35:15Z, azel, 201.338, 17.078, 0.004, -0.001
2026-04-04T09:35:20Z, azel, 201.357, 17.072, 0.004, -0.001
2026-04-04T09:35:25Z, azel, 201.375, 17.067, 0.004, -0.001
2026-04-04T09:35:30Z, azel, 201.394, 17.061, 0.004, -0.001
2026-04-04T09:35:35Z, azel, 201.412, 17.055, 0.004, -0.001
2026-04-04T09:35:40Z, azel, 201.431, 17.050, 0.004, -0.001
2026-04-04T09:35:45Z, azel, 201.449, 17.044, 0.004, -0.001
2026-04-04T09:35:50Z, azel, 201.468, 17.039, 0.004, -0.001
2026-04-04T09:35:55Z, azel, 201.486, 17.033, 0.004, -0.001
2026-04-04T09:36:00Z, azel, 201.505, 17.027, 0.004, -0.001
2026-04-04T09:36:05Z, azel, 201.523, 17.022, 0.004, -0.001
2026-04-04T09:36:10Z, azel, 201.542, 17.016, 0.004, -0.001
2026-04-04T09:36:15Z, azel, 201.560, 17.010, 0.004, -0.001
2026-04-04T09:36:20Z, azel, 201.579, 17.005, 0.004, -0.001
2026-04-04T09:36:25Z, azel, 201.597, 16.999, 0.004, -0.001
2026-04-04T09:36:30Z, azel, 201.616, 16.993, 0.004, -0.001
2026-04-04T09:36:35Z, azel, 201.634, 16.988, 0.004, -0.001
2026-04-04T09:36:40Z, azel, 201.653, 16.982, 0.004, -0.001
2026-04-04T09:36:45Z, azel, 201.671, 16.976, 0.004, -0.001
2026-04-04T09:36:50Z, azel, 201.690, 16.971, 0.004, -0.001
2026-04-04T09:36:55Z, azel, 201.708, 16.965, 0.004, -0.001
2026-04-04T09:37:00Z, azel, 201.727, 16.959, 0.004, -0.001
2026-04-04T09:37:05Z, azel, 201.745, 16.954, 0.004, -0.001
2026-04-04T09:37:10Z, azel, 201.764, 16.948, 0.004, -0.001
2026-04-04T09:37:15Z, azel, 201.782, 16.942, 0.004, -0.001
2026-04-04T09:37:20Z, azel, 201.801, 16.937, 0.004, -0.001
2026-04-04T09:37:25Z, azel, 201.819, 16.931, 0.004, -0.001
2026-04-04T09:37:30Z, azel, 201.838, 16.925, 0.004, -0.001
2026-04-04T09:37:35Z, azel, 201.856, 16.919, 0.004, -0.001
2026-04-04T09:37:40Z, azel, 201.875, 16.914, 0.004, -0.001
2026-04-04T09:37:45Z, azel, 201.893, 16.908, 0.004, -0.001
2026-04-04T09:37:50Z, azel, 201.912, 16.902, 0.004, -0.001
2026-04-04T09:37:55Z, azel, 201.930, 16.896, 0.004, -0.001
2026-04-04T09:38:00Z, azel, 201.949, 16.891, 0.004, -0.001
2026-04-04T09:38:05Z, azel, 201.967, 16.885, 0.004, -0.001
2026-04-04T09:38:10Z, azel, 201.986, 16.879, 0.004, -0.001
2026-04-04T09:38:15Z, azel, 202.004, 16.873, 0.004, -0.001
2026-04-04T09:38:20Z, azel, 202.023, 16.868, 0.004, -0.001
2026-04-04T09:38:25Z, azel, 202.041, 16.862, 0.004, -0.001
2026-04-04T09:38:30Z, azel, 202.059, 16.856, 0.004, -0.001
2026-04-04T09:38:35Z, azel, 202.078, 16.850, 0.004, -0.001
2026-04-04T09:38:40Z, azel, 202.096, 16.845, 0.004, -0.001
2026-04-04T09:38:45Z, azel, 202.115, 16.839, 0.004, -0.001
2026-04-04T09:38:50Z, azel, 202.133, 16.833, 0.004, -0.001
2026-04-04T09:38:55Z, azel, 202.152, 16.827, 0.004, -0.001
2026-04-04T09:39:00Z, azel, 202.170, 16.821, 0.004, -0.001
2026-04-04T09:39:05Z, azel, 202.189, 16.816, 0.004, -0.001
2026-04-04T09:39:10Z, azel, 202.207, 16.810, 0.004, -0.001
2026-04-04T09:39:15Z, azel, 202.225, 16.804, 0.004, -0.001
2026-04-04T09:39:20Z, azel, 202.244, 16.798, 0.004, -0.001
2026-04-04T09:39:25Z, azel, 202.262, 16.792, 0.004, -0.001
2026-04-04T09:39:30Z, azel, 202.281, 16.787, 0.004, -0.001
2026-04-04T09:39:35Z, azel, 202.299, 16.781, 0.004, -0.001
2026-04-04T09:39:40Z, azel, 202.318, 16.775, 0.004, -0.001
2026-04-04T09:39:45Z, azel, 202.336, 16.769, 0.004, -0.001
2026-04-04T09:39:50Z, azel, 202.354, 16.763, 0.004, -0.001
2026-04-04T09:39:55Z, azel, 202.373, 16.757, 0.004, -0.001
2026-04-04T09:40:00Z, azel, 202.391, 16.752, 0.004, -0.001
2026-04-04T09:40:05Z, azel, 202.410, 16.746, 0.004, -0.001
2026-04-04T09:40:10Z, azel, 202.428, 16.740, 0.004, -0.001
2026-04-04T09:40:15Z, azel, 202.447, 16.734, 0.004, -0.001
2026-04-04T09:40:20Z, azel, 202.465, 16.728, 0.004, -0.001
2026-04-04T09:40:25Z, azel, 202.483, 16.722, 0.004, -0.001
2026-04-04T09:40:30Z, azel, 202.502, 16.716, 0.004, -0.001
2026-04-04T09:40:35Z, azel, 202.520, 16.710, 0.004, -0.001
2026-04-04T09:40:40Z, azel, 202.539, 16.705, 0.004, -0.001
2026-04-04T09:40:45Z, azel, 202.557, 16.699, 0.004, -0.001
2026-04-04T09:40:50Z, azel, 202.575, 16.693, 0.004, -0.001
2026-04-04T09:40:55Z, azel, 202.594, 16.687, 0.004, -0.001
2026-04-04T09:41:00Z, azel, 202.612, 16.681, 0.004, -0.001
2026-04-04T09:41:05Z, azel, 202.631, 16.675, 0.004, -0.001
2026-04-04T09:41:10Z, azel, 202.649, 16.669, 0.004, -0.001
2026-04-04T09:41:15Z, azel, 202.667, 16.663, 0.004, -0.001
2026-04-04T09:41:20Z, azel, 202.686, 16.657, 0.004, -0.001
2026-04-04T09:41:25Z, azel, 202.704, 16.651, 0.004, -0.001
2026-04-04T09:41:30Z, azel, 202.722, 16.645, 0.004, -0.001
2026-04-04T09:41:35Z, azel, 202.741, 16.640, 0.004, -0.001
2026-04-04T09:41:40Z, azel, 202.759, 16.634, 0.004, -0.001
2026-04-04T09:41:45Z, azel, 202.778, 16.628, 0.004, -0.001
2026-04-04T09:41:50Z, azel, 202.796, 16.622, 0.004, -0.001
2026-04-04T09:41:55Z, azel, 202.814, 16.616, 0.004, -0.001
2026-04-04T09:42:00Z, azel, 202.833, 16.610, 0.004, -0.001
2026-04-04T09:42:05Z, azel, 202.851, 16.604, 0.004, -0.001
2026-04-04T09:42:10Z, azel, 202.869, 16.598, 0.004, -0.001
2026-04-04T09:42:15Z, azel, 202.888, 16.592, 0.004, -0.001
2026-04-04T09:42:20Z, azel, 202.906, 16.586, 0.004, -0.001
2026-04-04T09:42:25Z, azel, 202.924, 16.580, 0.004, -0.001
2026-04-04T09:42:30Z, azel, 202.943, 16.574, 0.004, -0.001
2026-04-04T09:42:35Z, azel, 202.961, 16.568, 0.004, -0.001
2026-04-04T09:42:40Z, azel, 202.980, 16.562, 0.004, -0.001
2026-04-04T09:42:45Z, azel, 202.998, 16.556, 0.004, -0.001
2026-04-04T09:42:50Z, azel, 203.016, 16.550, 0.004, -0.001
2026-04-04T09:42:55Z, azel, 203.035, 16.544, 0.004, -0.001
2026-04-04T09:43:00Z, azel, 203.053, 16.538, 0.004, -0.001
2026-04-04T09:43:05Z, azel, 203.071, 16.532, 0.004, -0.001
2026-04-04T09:43:10Z, azel, 203.090, 16.526, 0.004, -0.001
2026-04-04T09:43:15Z, azel, 203.108, 16.520, 0.004, -0.001
2026-04-04T09:43:20Z, azel, 203.126, 16.514, 0.004, -0.001
2026-04-04T09:43:25Z, azel, 203.145, 16.508, 0.004, -0.001
2026-04-04T09:43:30Z, azel, 203.163, 16.502, 0.004, -0.001
2026-04-04T09:43:35Z, azel, 203.181, 16.496, 0.004, -0.001
2026-04-04T09:43:40Z, azel, 203.200, 16.490, 0.004, -0.001
2026-04-04T09:43:45Z, azel, 203.218, 16.484, 0.004, -0.001
2026-04-04T09:43:50Z, azel, 203.236, 16.478, 0.004, -0.001
2026-04-04T09:43:55Z, azel, 203.254, 16.471, 0.004, -0.001
2026-04-04T09:44:00Z, azel, 203.273, 16.465, 0.004, -0.001
2026-04-04T09:44:05Z, azel, 203.291, 16.459, 0.004, -0.001
2026-04-04T09:44:10Z, azel, 203.309, 16.453, 0.004, -0.001
2026-04-04T09:44:15Z, azel, 203.328, 16.447, 0.004, -0.001
2026-04-04T09:44:20Z, azel, 203.346, 16.441, 0.004, -0.001
2026-04-04T09:44:25Z, azel, 203.364, 16.435, 0.004, -0.001
2026-04-04T09:44:30Z, azel, 203.383, 16.429, 0.004, -0.001
2026-04-04T09:44:35Z, azel, 203.401, 16.423, 0.004, -0.001
2026-04-04T09:44:40Z, azel, 203.419, 16.417, 0.004, -0.001
2026-04-04T09:44:45Z, azel, 203.438, 16.411, 0.004, -0.001
2026-04-04T09:44:50Z, azel, 203.456, 16.404, 0.004, -0.001
2026-04-04T09:44:55Z, azel, 203.474, 16.398, 0.004, -0.001
2026-04-04T09:45:00Z, azel, 203.492, 16.392, 0.004, -0.001
2026-04-04T09:45:05Z, azel, 203.511, 16.386, 0.004, -0.001
2026-04-04T09:45:10Z, azel, 203.529, 16.380, 0.004, -0.001
2026-04-04T09:45:15Z, azel, 203.547, 16.374, 0.004, -0.001
2026-04-04T09:45:20Z, azel, 203.565, 16.368, 0.004, -0.001
2026-04-04T09:45:25Z, azel, 203.584, 16.362, 0.004, -0.001
2026-04-04T09:45:30Z, azel, 203.602, 16.355, 0.004, -0.001
2026-04-04T09:45:35Z, azel, 203.620, 16.349, 0.004, -0.001
2026-04-04T09:45:40Z, azel, 203.639, 16.343, 0.004, -0.001
2026-04-04T09:45:45Z, azel, 203.657, 16.337, 0.004, -0.001
2026-04-04T09:45:50Z, azel, 203.675, 16.331, 0.004, -0.001
2026-04-04T09:45:55Z, azel, 203.693, 16.325, 0.004, -0.001
2026-04-04T09:46:00Z, azel, 203.712, 16.318, 0.004, -0.001
2026-04-04T09:46:05Z, azel, 203.730, 16.312, 0.004, -0.001
2026-04-04T09:46:10Z, azel, 203.748, 16.306, 0.004, -0.001
2026-04-04T09:46:15Z, azel, 203.766, 16.300, 0.004, -0.001
2026-04-04T09:46:20Z, azel, 203.785, 16.294, 0.004, -0.001
2026-04-04T09:46:25Z, azel, 203.803, 16.287, 0.004, -0.001
2026-04-04T09:46:30Z, azel, 203.821, 16.281, 0.004, -0.001
2026-04-04T09:46:35Z, azel, 203.839, 16.275, 0.004, -0.001
2026-04-04T09:46:40Z, azel, 203.858, 16.269, 0.004, -0.001
2026-04-04T09:46:45Z, azel, 203.876, 16.263, 0.004, -0.001
2026-04-04T09:46:50Z, azel, 203.894, 16.256, 0.004, -0.001
2026-04-04T09:46:55Z, azel, 203.912, 16.250, 0.004, -0.001
2026-04-04T09:47:00Z, azel, 203.931, 16.244, 0.004, -0.001
2026-04-04T09:47:05Z, azel, 203.949, 16.238, 0.004, -0.001
2026-04-04T09:47:10Z, azel, 203.967, 16.232, 0.004, -0.001
2026-04-04T09:47:15Z, azel, 203.985, 16.225, 0.004, -0.001
2026-04-04T09:47:20Z, azel, 204.003, 16.219, 0.004, -0.001
2026-04-04T09:47:25Z, azel, 204.022, 16.213, 0.004, -0.001
2026-04-04T09:47:30Z, azel, 204.040, 16.207, 0.004, -0.001
2026-04-04T09:47:35Z, azel, 204.058, 16.200, 0.004, -0.001
2026-04-04T09:47:40Z, azel, 204.076, 16.194, 0.004, -0.001
2026-04-04T09:47:45Z, azel, 204.094, 16.188, 0.004, -0.001
2026-04-04T09:47:50Z, azel, 204.113, 16.181, 0.004, -0.001
2026-04-04T09:47:55Z, azel, 204.131, 16.175, 0.004, -0.001
2026-04-04T09:48:00Z, azel, 204.149, 16.169, 0.004, -0.001
2026-04-04T09:48:05Z, azel, 204.167, 16.163, 0.004, -0.001
2026-04-04T09:48:10Z, azel, 204.186, 16.156, 0.004, -0.001
2026-04-04T09:48:15Z, azel, 204.204, 16.150, 0.004, -0.001
2026-04-04T09:48:20Z, azel, 204.222, 16.144, 0.004, -0.001
2026-04-04T09:48:25Z, azel, 204.240, 16.137, 0.004, -0.001
2026-04-04T09:48:30Z, azel, 204.258, 16.131, 0.004, -0.001
2026-04-04T09:48:35Z, azel, 204.276, 16.125, 0.004, -0.001
2026-04-04T09:48:40Z, azel, 204.295, 16.119, 0.004, -0.001
2026-04-04T09:48:45Z, azel, 204.313, 16.112, 0.004, -0.001
2026-04-04T09:48:50Z, azel, 204.331, 16.106, 0.004, -0.001
2026-04-04T09:48:55Z, azel, 204.349, 16.100, 0.004, -0.001
2026-04-04T09:49:00Z, azel, 204.367, 16.093, 0.004, -0.001
2026-04-04T09:49:05Z, azel, 204.386, 16.087, 0.004, -0.001
2026-04-04T09:49:10Z, azel, 204.404, 16.081, 0.004, -0.001
2026-04-04T09:49:15Z, azel, 204.422, 16.074, 0.004, -0.001
2026-04-04T09:49:20Z, azel, 204.440, 16.068, 0.004, -0.001
2026-04-04T09:49:25Z, azel, 204.458, 16.061, 0.004, -0.001
2026-04-04T09:49:30Z, azel, 204.476, 16.055, 0.004, -0.001
2026-04-04T09:49:35Z, azel, 204.495, 16.049, 0.004, -0.001
2026-04-04T09:49:40Z, azel, 204.513, 16.042, 0.004, -0.001
2026-04-04T09:49:45Z, azel, 204.531, 16.036, 0.004, -0.001
2026-04-04T09:49:50Z, azel, 204.549, 16.030, 0.004, -0.001
2026-04-04T09:49:55Z, azel, 204.567, 16.023, 0.004, -0.001
2026-04-04T09:50:00Z, azel, 204.585, 16.017, 0.004, -0.001
2026-04-04T09:50:05Z, azel, 204.603, 16.010, 0.004, -0.001
2026-04-04T09:50:10Z, azel, 204.622, 16.004, 0.004, -0.001
2026-04-04T09:50:15Z, azel, 204.640, 15.998, 0.004, -0.001
2026-04-04T09:50:20Z, azel, 204.658, 15.991, 0.004, -0.001
2026-04-04T09:50:25Z, azel, 204.676, 15.985, 0.004, -0.001
2026-04-04T09:50:30Z, azel, 204.694, 15.978, 0.004, -0.001
2026-04-04T09:50:35Z, azel, 204.712, 15.972, 0.004, -0.001
2026-04-04T09:50:40Z, azel, 204.730, 15.966, 0.004, -0.001
2026-04-04T09:50:45Z, azel, 204.749, 15.959, 0.004, -0.001
2026-04-04T09:50:50Z, azel, 204.767, 15.953, 0.004, -0.001
2026-04-04T09:50:55Z, azel, 204.785, 15.946, 0.004, -0.001
2026-04-04T09:51:00Z, azel, 204.803, 15.940, 0.004, -0.001
2026-04-04T09:51:05Z, azel, 204.821, 15.933, 0.004, -0.001
2026-04-04T09:51:10Z, azel, 204.839, 15.927, 0.004, -0.001
2026-04-04T09:51:15Z, azel, 204.857, 15.921, 0.004, -0.001
2026-04-04T09:51:20Z, azel, 204.875, 15.914, 0.004, -0.001
2026-04-04T09:51:25Z, azel, 204.893, 15.908, 0.004, -0.001
2026-04-04T09:51:30Z, azel, 204.912, 15.901, 0.004, -0.001
2026-04-04T09:51:35Z, azel, 204.930, 15.895, 0.004, -0.001
2026-04-04T09:51:40Z, azel, 204.948, 15.888, 0.004, -0.001
2026-04-04T09:51:45Z, azel, 204.966, 15.882, 0.004, -0.001
2026-04-04T09:51:50Z, azel, 204.984, 15.875, 0.004, -0.001
2026-04-04T09:51:55Z, azel, 205.002, 15.869, 0.004, -0.001
2026-04-04T09:52:00Z, azel, 205.020, 15.862, 0.004, -0.001
2026-04-04T09:52:05Z, azel, 205.038, 15.856, 0.004, -0.001
2026-04-04T09:52:10Z, azel, 205.056, 15.849, 0.004, -0.001
2026-04-04T09:52:15Z, azel, 205.074, 15.843, 0.004, -0.001
2026-04-04T09:52:20Z, azel, 205.092, 15.836, 0.004, -0.001
2026-04-04T09:52:25Z, azel, 205.111, 15.830, 0.004, -0.001
2026-04-04T09:52:30Z, azel, 205.129, 15.823, 0.004, -0.001
2026-04-04T09:52:35Z, azel, 205.147, 15.817, 0.004, -0.001
2026-04-04T09:52:40Z, azel, 205.165, 15.810, 0.004, -0.001
2026-04-04T09:52:45Z, azel, 205.183, 15.804, 0.004, -0.001
2026-04-04T09:52:50Z, azel, 205.201, 15.797, 0.004, -0.001
2026-04-04T09:52:55Z, azel, 205.219, 15.791, 0.004, -0.001
2026-04-04T09:53:00Z, azel, 205.237, 15.784, 0.004, -0.001
2026-04-04T09:53:05Z, azel, 205.255, 15.778, 0.004, -0.001
2026-04-04T09:53:10Z, azel, 205.273, 15.771, 0.004, -0.001
2026-04-04T09:53:15Z, azel, 205.291, 15.764, 0.004, -0.001
2026-04-04T09:53:20Z, azel, 205.309, 15.758, 0.004, -0.001
2026-04-04T09:53:25Z, azel, 205.327, 15.751, 0.004, -0.001
2026-04-04T09:53:30Z, azel, 205.345, 15.745, 0.004, -0.001
2026-04-04T09:53:35Z, azel, 205.363, 15.738, 0.004, -0.001
2026-04-04T09:53:40Z, azel, 205.382, 15.732, 0.004, -0.001
2026-04-04T09:53:45Z, azel, 205.400, 15.725, 0.004, -0.001
2026-04-04T09:53:50Z, azel, 205.418, 15.718, 0.004, -0.001
2026-04-04T09:53:55Z, azel, 205.436, 15.712, 0.004, -0.001
2026-04-04T09:54:00Z, azel, 205.454, 15.705, 0.004, -0.001
2026-04-04T09:54:05Z, azel, 205.472, 15.699, 0.004, -0.001
2026-04-04T09:54:10Z, azel, 205.490, 15.692, 0.004, -0.001
2026-04-04T09:54:15Z, azel, 205.508, 15.685, 0.004, -0.001
2026-04-04T09:54:20Z, azel, 205.526, 15.679, 0.004, -0.001
2026-04-04T09:54:25Z, azel, 205.544, 15.672, 0.004, -0.001
2026-04-04T09:54:30Z, azel, 205.562, 15.666, 0.004, -0.001
2026-04-04T09:54:35Z, azel, 205.580, 15.659, 0.004, -0.001
2026-04-04T09:54:40Z, azel, 205.598, 15.652, 0.004, -0.001
2026-04-04T09:54:45Z, azel, 205.616, 15.646, 0.004, -0.001
2026-04-04T09:54:50Z, azel, 205.634, 15.639, 0.004, -0.001
2026-04-04T09:54:55Z, azel, 205.652, 15.632, 0.004, -0.001
2026-04-04T09:55:00Z, azel, 205.670, 15.626, 0.004, -0.001
2026-04-04T09:55:05Z, azel, 205.688, 15.619, 0.004, -0.001
2026-04-04T09:55:10Z, azel, 205.706, 15.612, 0.004, -0.001
2026-04-04T09:55:15Z, azel, 205.724, 15.606, 0.004, -0.001
2026-04-04T09:55:20Z, azel, 205.742, 15.599, 0.004, -0.001
2026-04-04T09:55:25Z, azel, 205.760, 15.592, 0.004, -0.001
2026-04-04T09:55:30Z, azel, 205.778, 15.586, 0.004, -0.001
2026-04-04T09:55:35Z, azel, 205.796, 15.579, 0.004, -0.001
2026-04-04T09:55:40Z, azel, 205.814, 15.572, 0.004, -0.001
2026-04-04T09:55:45Z, azel, 205.832, 15.566, 0.004, -0.001
2026-04-04T09:55:50Z, azel, 205.850, 15.559, 0.004, -0.001
2026-04-04T09:55:55Z, azel, 205.868, 15.552, 0.004, -0.001
2026-04-04T09:56:00Z, azel, 205.886, 15.546, 0.004, -0.001
2026-04-04T09:56:05Z, azel, 205.904, 15.539, 0.004, -0.001
2026-04-04T09:56:10Z, azel, 205.922, 15.532, 0.004, -0.001
2026-04-04T09:56:15Z, azel, 205.940, 15.526, 0.004, -0.001
2026-04-04T09:56:20Z, azel, 205.958, 15.519, 0.004, -0.001
2026-04-04T09:56:25Z, azel, 205.976, 15.512, 0.004, -0.001
2026-04-04T09:56:30Z, azel, 205.994, 15.505, 0.004, -0.001
2026-04-04T09:56:35Z, azel, 206.012, 15.499, 0.004, -0.001
2026-04-04T09:56:40Z, azel, 206.030, 15.492, 0.004, -0.001
2026-04-04T09:56:45Z, azel, 206.048, 15.485, 0.004, -0.001
2026-04-04T09:56:50Z, azel, 206.065, 15.478, 0.004, -0.001
2026-04-04T09:56:55Z, azel, 206.083, 15.472, 0.004, -0.001
2026-04-04T09:57:00Z, azel, 206.101, 15.465, 0.004, -0.001
2026-04-04T09:57:05Z, azel, 206.119, 15.458, 0.004, -0.001
2026-04-04T09:57:10Z, azel, 206.137, 15.451, 0.004, -0.001
2026-04-04T09:57:15Z, azel, 206.155, 15.445, 0.004, -0.001
2026-04-04T09:57:20Z, azel, 206.173, 15.438, 0.004, -0.001
2026-04-04T09:57:25Z, azel, 206.191, 15.431, 0.004, -0.001
2026-04-04T09:57:30Z, azel, 206.209, 15.424, 0.004, -0.001
2026-04-04T09:57:35Z, azel, 206.227, 15.418, 0.004, -0.001
2026-04-04T09:57:40Z, azel, 206.245, 15.411, 0.004, -0.001
2026-04-04T09:57:45Z, azel, 206.263, 15.404, 0.004, -0.001
2026-04-04T09:57:50Z, azel, 206.281, 15.397, 0.004, -0.001
2026-04-04T09:57:55Z, azel, 206.299, 15.390, 0.004, -0.001
2026-04-04T09:58:00Z, azel, 206.317, 15.384, 0.004, -0.001
2026-04-04T09:58:05Z, azel, 206.335, 15.377, 0.004, -0.001
2026-04-04T09:58:10Z, azel, 206.352, 15.370, 0.004, -0.001
2026-04-04T09:58:15Z, azel, 206.370, 15.363, 0.004, -0.001
2026-04-04T09:58:20Z, azel, 206.388, 15.356, 0.004, -0.001
2026-04-04T09:58:25Z, azel, 206.406, 15.350, 0.004, -0.001
2026-04-04T09:58:30Z, azel, 206.424, 15.343, 0.004, -0.001
2026-04-04T09:58:35Z, azel, 206.442, 15.336, 0.004, -0.001
2026-04-04T09:58:40Z, azel, 206.460, 15.329, 0.004, -0.001
2026-04-04T09:58:45Z, azel, 206.478, 15.322, 0.004, -0.001
2026-04-04T09:58:50Z, azel, 206.496, 15.315, 0.004, -0.001
2026-04-04T09:58:55Z, azel, 206.514, 15.309, 0.004, -0.001
2026-04-04T09:59:00Z, azel, 206.531, 15.302, 0.004, -0.001
2026-04-04T09:59:05Z, azel, 206.549, 15.295, 0.004, -0.001
2026-04-04T09:59:10Z, azel, 206.567, 15.288, 0.004, -0.001
2026-04-04T09:59:15Z, azel, 206.585, 15.281, 0.004, -0.001
2026-04-04T09:59:20Z, azel, 206.603, 15.274, 0.004, -0.001
2026-04-04T09:59:25Z, azel, 206.621, 15.267, 0.004, -0.001
2026-04-04T09:59:30Z, azel, 206.639, 15.261, 0.004, -0.001
2026-04-04T09:59:35Z, azel, 206.657, 15.254, 0.004, -0.001
2026-04-04T09:59:40Z, azel, 206.675, 15.247, 0.004, -0.001
2026-04-04T09:59:45Z, azel, 206.692, 15.240, 0.004, -0.001
2026-04-04T09:59:50Z, azel, 206.710, 15.233, 0.004, -0.001
2026-04-04T09:59:55Z, azel, 206.728, 15.226, 0.004, -0.001
2026-04-04T10:00:00Z, azel, 206.746, 15.219, 0.004, -0.001
2026-04-04T10:00:05Z, azel, 206.764, 15.212, 0.004, -0.001
2026-04-04T10:00:10Z, azel, 206.782, 15.205, 0.004, -0.001
2026-04-04T10:00:15Z, azel, 206.800, 15.198, 0.004, -0.001
2026-04-04T10:00:20Z, azel, 206.817, 15.191, 0.004, -0.001
2026-04-04T10:00:25Z, azel, 206.835, 15.185, 0.004, -0.001
2026-04-04T10:00:30Z, azel, 206.853, 15.178, 0.004, -0.001
2026-04-04T10:00:35Z, azel, 206.871, 15.171, 0.004, -0.001
2026-04-04T10:00:40Z, azel, 206.889, 15.164, 0.004, -0.001
2026-04-04T10:00:45Z, azel, 206.907, 15.157, 0.004, -0.001
2026-04-04T10:00:50Z, azel, 206.925, 15.150, 0.004, -0.001
2026-04-04T10:00:55Z, azel, 206.942, 15.143, 0.004, -0.001
2026-04-04T10:01:00Z, azel, 206.960, 15.136, 0.004, -0.001
2026-04-04T10:01:05Z, azel, 206.978, 15.129, 0.004, -0.001
2026-04-04T10:01:10Z, azel, 206.996, 15.122, 0.004, -0.001
2026-04-04T10:01:15Z, azel, 207.014, 15.115, 0.004, -0.001
2026-04-04T10:01:20Z, azel, 207.032, 15.108, 0.004, -0.001
2026-04-04T10:01:25Z, azel, 207.049, 15.101, 0.004, -0.001
2026-04-04T10:01:30Z, azel, 207.067, 15.094, 0.004, -0.001
2026-04-04T10:01:35Z, azel, 207.085, 15.087, 0.004, -0.001
2026-04-04T10:01:40Z, azel, 207.103, 15.080, 0.004, -0.001
2026-04-04T10:01:45Z, azel, 207.121, 15.073, 0.004, -0.001
2026-04-04T10:01:50Z, azel, 207.138, 15.066, 0.004, -0.001
2026-04-04T10:01:55Z, azel, 207.156, 15.059, 0.004, -0.001
2026-04-04T10:02:00Z, azel, 207.174, 15.052, 0.004, -0.001
2026-04-04T10:02:05Z, azel, 207.192, 15.045, 0.004, -0.001
2026-04-04T10:02:10Z, azel, 207.210, 15.038, 0.004, -0.001
2026-04-04T10:02:15Z, azel, 207.227, 15.031, 0.004, -0.001
2026-04-04T10:02:20Z, azel, 207.245, 15.024, 0.004, -0.001
2026-04-04T10:02:25Z, azel, 207.263, 15.017, 0.004, -0.001
2026-04-04T10:02:30Z, azel, 207.281, 15.010, 0.004, -0.001
2026-04-04T10:02:35Z, azel, 207.299, 15.003, 0.004, -0.001
2026-04-04T10:02:40Z, azel, 207.316, 14.996, 0.004, -0.001
2026-04-04T10:02:45Z, azel, 207.334, 14.989, 0.004, -0.001
2026-04-04T10:02:50Z, azel, 207.352, 14.982, 0.004, -0.001
2026-04-04T10:02:55Z, azel, 207.370, 14.975, 0.004, -0.001
2026-04-04T10:03:00Z, azel, 207.388, 14.968, 0.004, -0.001
2026-04-04T10:03:05Z, azel, 207.405, 14.961, 0.004, -0.001
2026-04-04T10:03:10Z, azel, 207.423, 14.954, 0.004, -0.001
2026-04-04T10:03:15Z, azel, 207.441, 14.947, 0.004, -0.001
2026-04-04T10:03:20Z, azel, 207.459, 14.940, 0.004, -0.001
2026-04-04T10:03:25Z, azel, 207.476, 14.933, 0.004, -0.001
2026-04-04T10:03:30Z, azel, 207.494, 14.925, 0.004, -0.001
2026-04-04T10:03:35Z, azel, 207.512, 14.918, 0.004, -0.001
2026-04-04T10:03:40Z, azel, 207.530, 14.911, 0.004, -0.001
2026-04-04T10:03:45Z, azel, 207.547, 14.904, 0.004, -0.001
2026-04-04T10:03:50Z, azel, 207.565, 14.897, 0.004, -0.001
2026-04-04T10:03:55Z, azel, 207.583, 14.890, 0.004, -0.001
2026-04-04T10:04:00Z, azel, 207.601, 14.883, 0.004, -0.001
2026-04-04T10:04:05Z, azel, 207.618, 14.876, 0.004, -0.001
2026-04-04T10:04:10Z, azel, 207.636, 14.869, 0.004, -0.001
2026-04-04T10:04:15Z, azel, 207.654, 14.862, 0.004, -0.001
2026-04-04T10:04:20Z, azel, 207.672, 14.854, 0.004, -0.001
2026-04-04T10:04:25Z, azel, 207.689, 14.847, 0.004, -0.001
2026-04-04T10:04:30Z, azel, 207.707, 14.840, 0.004, -0.001
2026-04-04T10:04:35Z, azel, 207.725, 14.833, 0.004, -0.001
2026-04-04T10:04:40Z, azel, 207.743, 14.826, 0.004, -0.001
2026-04-04T10:04:45Z, azel, 207.760, 14.819, 0.004, -0.001
2026-04-04T10:04:50Z, azel, 207.778, 14.812, 0.004, -0.001
2026-04-04T10:04:55Z, azel, 207.796, 14.804, 0.004, -0.001
2026-04-04T10:05:00Z, azel, 207.813, 14.797, 0.004, -0.001
2026-04-04T10:05:05Z, azel, 207.831, 14.790, 0.004, -0.001
2026-04-04T10:05:10Z, azel, 207.849, 14.783, 0.004, -0.001
2026-04-04T10:05:15Z, azel, 207.867, 14.776, 0.004, -0.001
2026-04-04T10:05:20Z, azel, 207.884, 14.769, 0.004, -0.001
2026-04-04T10:05:25Z, azel, 207.902, 14.761, 0.004, -0.001
2026-04-04T10:05:30Z, azel, 207.920, 14.754, 0.004, -0.001
2026-04-04T10:05:35Z, azel, 207.937, 14.747, 0.004, -0.001
2026-04-04T10:05:40Z, azel, 207.955, 14.740, 0.004, -0.001
2026-04-04T10:05:45Z, azel, 207.973, 14.733, 0.004, -0.001
2026-04-04T10:05:50Z, azel, 207.990, 14.726, 0.004, -0.001
2026-04-04T10:05:55Z, azel, 208.008, 14.718, 0.004, -0.001
2026-04-04T10:06:00Z, azel, 208.026, 14.711, 0.004, -0.001
2026-04-04T10:06:05Z, azel, 208.044, 14.704, 0.004, -0.001
2026-04-04T10:06:10Z, azel, 208.061, 14.697, 0.004, -0.001
2026-04-04T10:06:15Z, azel, 208.079, 14.689, 0.004, -0.001
2026-04-04T10:06:20Z, azel, 208.097, 14.682, 0.004, -0.001
2026-04-04T10:06:25Z, azel, 208.114, 14.675, 0.004, -0.001
2026-04-04T10:06:30Z, azel, 208.132, 14.668, 0.004, -0.001
2026-04-04T10:06:35Z, azel, 208.150, 14.661, 0.004, -0.001
2026-04-04T10:06:40Z, azel, 208.167, 14.653, 0.004, -0.001
2026-04-04T10:06:45Z, azel, 208.185, 14.646, 0.004, -0.001
2026-04-04T10:06:50Z, azel, 208.203, 14.639, 0.004, -0.001
2026-04-04T10:06:55Z, azel, 208.220, 14.632, 0.004, -0.001
2026-04-04T10:07:00Z, azel, 208.238, 14.624, 0.004, -0.001
2026-04-04T10:07:05Z, azel, 208.256, 14.617, 0.004, -0.001
2026-04-04T10:07:10Z, azel, 208.273, 14.610, 0.004, -0.001
2026-04-04T10:07:15Z, azel, 208.291, 14.603, 0.004, -0.001
2026-04-04T10:07:20Z, azel, 208.309, 14.595, 0.004, -0.001
2026-04-04T10:07:25Z, azel, 208.326, 14.588, 0.004, -0.001
2026-04-04T10:07:30Z, azel, 208.344, 14.581, 0.004, -0.001
2026-04-04T10:07:35Z, azel, 208.361, 14.573, 0.004, -0.001
2026-04-04T10:07:40Z, azel, 208.379, 14.566, 0.004, -0.001
2026-04-04T10:07:45Z, azel, 208.397, 14.559, 0.004, -0.001
2026-04-04T10:07:50Z, azel, 208.414, 14.552, 0.004, -0.001
2026-04-04T10:07:55Z, azel, 208.432, 14.544, 0.004, -0.001
2026-04-04T10:08:00Z, azel, 208.450, 14.537, 0.004, -0.001
2026-04-04T10:08:05Z, azel, 208.467, 14.530, 0.004, -0.001
2026-04-04T10:08:10Z, azel, 208.485, 14.522, 0.004, -0.001
2026-04-04T10:08:15Z, azel, 208.503, 14.515, 0.004, -0.001
2026-04-04T10:08:20Z, azel, 208.520, 14.508, 0.004, -0.001
2026-04-04T10:08:25Z, azel, 208.538, 14.500, 0.004, -0.001
2026-04-04T10:08:30Z, azel, 208.555, 14.493, 0.004, -0.001
2026-04-04T10:08:35Z, azel, 208.573, 14.486, 0.004, -0.001
2026-04-04T10:08:40Z, azel, 208.591, 14.478, 0.004, -0.001
2026-04-04T10:08:45Z, azel, 208.608, 14.471, 0.004, -0.001
2026-04-04T10:08:50Z, azel, 208.626, 14.464, 0.004, -0.001
2026-04-04T10:08:55Z, azel, 208.643, 14.456, 0.004, -0.001
2026-04-04T10:09:00Z, azel, 208.661, 14.449, 0.004, -0.001
2026-04-04T10:09:05Z, azel, 208.679, 14.442, 0.004, -0.001
2026-04-04T10:09:10Z, azel, 208.696, 14.434, 0.004, -0.001
2026-04-04T10:09:15Z, azel, 208.714, 14.427, 0.004, -0.001
2026-04-04T10:09:20Z, azel, 208.731, 14.420, 0.004, -0.001
2026-04-04T10:09:25Z, azel, 208.749, 14.412, 0.004, -0.001
2026-04-04T10:09:30Z, azel, 208.767, 14.405, 0.004, -0.001
2026-04-04T10:09:35Z, azel, 208.784, 14.397, 0.004, -0.001
2026-04-04T10:09:40Z, azel, 208.802, 14.390, 0.004, -0.001
2026-04-04T10:09:45Z, azel, 208.819, 14.383, 0.004, -0.001
2026-04-04T10:09:50Z, azel, 208.837, 14.375, 0.004, -0.001
2026-04-04T10:09:55Z, azel, 208.854, 14.368, 0.004, -0.001
2026-04-04T10:10:00Z, azel, 208.872, 14.361, 0.004, -0.001
2026-04-04T10:10:05Z, azel, 208.890, 14.353, 0.004, -0.001
2026-04-04T10:10:10Z, azel, 208.907, 14.346, 0.004, -0.001
2026-04-04T10:10:15Z, azel, 208.925, 14.338, 0.004, -0.001
2026-04-04T10:10:20Z, azel, 208.942, 14.331, 0.004, -0.001
2026-04-04T10:10:25Z, azel, 208.960, 14.323, 0.004, -0.001
2026-04-04T10:10:30Z, azel, 208.977, 14.316, 0.004, -0.001
2026-04-04T10:10:35Z, azel, 208.995, 14.309, 0.004, -0.001
2026-04-04T10:10:40Z, azel, 209.012, 14.301, 0.004, -0.001
2026-04-04T10:10:45Z, azel, 209.030, 14.294, 0.004, -0.001
2026-04-04T10:10:50Z, azel, 209.048, 14.286, 0.004, -0.001
2026-04-04T10:10:55Z, azel, 209.065, 14.279, 0.004, -0.001
2026-04-04T10:11:00Z, azel, 209.083, 14.271, 0.004, -0.001
2026-04-04T10:11:05Z, azel, 209.100, 14.264, 0.004, -0.001
2026-04-04T10:11:10Z, azel, 209.118, 14.256, 0.004, -0.001
2026-04-04T10:11:15Z, azel, 209.135, 14.249, 0.004, -0.001
2026-04-04T10:11:20Z, azel, 209.153, 14.242, 0.004, -0.001
2026-04-04T10:11:25Z, azel, 209.170, 14.234, 0.004, -0.001
2026-04-04T10:11:30Z, azel, 209.188, 14.227, 0.004, -0.001
2026-04-04T10:11:35Z, azel, 209.205, 14.219, 0.004, -0.001
2026-04-04T10:11:40Z, azel, 209.223, 14.212, 0.004, -0.001
2026-04-04T10:11:45Z, azel, 209.240, 14.204, 0.004, -0.001
2026-04-04T10:11:50Z, azel, 209.258, 14.197, 0.004, -0.001
2026-04-04T10:11:55Z, azel, 209.275, 14.189, 0.004, -0.001
2026-04-04T10:12:00Z, azel, 209.293, 14.182, 0.004, -0.002
2026-04-04T10:12:05Z, azel, 209.310, 14.174, 0.004, -0.002
2026-04-04T10:12:10Z, azel, 209.328, 14.167, 0.004, -0.002
2026-04-04T10:12:15Z, azel, 209.345, 14.159, 0.004, -0.002
2026-04-04T10:12:20Z, azel, 209.363, 14.152, 0.003, -0.002
2026-04-04T10:12:25Z, azel, 209.380, 14.144, 0.003, -0.002
2026-04-04T10:12:30Z, azel, 209.398, 14.137, 0.003, -0.002
2026-04-04T10:12:35Z, azel, 209.415, 14.129, 0.003, -0.002
2026-04-04T10:12:40Z, azel, 209.433, 14.122, 0.003, -0.002
2026-04-04T10:12:45Z, azel, 209.450, 14.114, 0.003, -0.002
2026-04-04T10:12:50Z, azel, 209.468, 14.106, 0.003, -0.002
2026-04-04T10:12:55Z, azel, 209.485, 14.099, 0.003, -0.002
2026-04-04T10:13:00Z, azel, 209.503, 14.091, 0.003, -0.002
2026-04-04T10:13:05Z, azel, 209.520, 14.084, 0.003, -0.002
2026-04-04T10:13:10Z, azel, 209.538, 14.076, 0.003, -0.002
2026-04-04T10:13:15Z, azel, 209.555, 14.069, 0.003, -0.002
2026-04-04T10:13:20Z, azel, 209.573, 14.061, 0.003, -0.002
2026-04-04T10:13:25Z, azel, 209.590, 14.054, 0.003, -0.002
2026-04-04T10:13:30Z, azel, 209.608, 14.046, 0.003, -0.002
2026-04-04T10:13:35Z, azel, 209.625, 14.038, 0.003, -0.002
2026-04-04T10:13:40Z, azel, 209.643, 14.031, 0.003, -0.002
2026-04-04T10:13:45Z, azel, 209.660, 14.023, 0.003, -0.002
2026-04-04T10:13:50Z, azel, 209.678, 14.016, 0.003, -0.002
2026-04-04T10:13:55Z, azel, 209.695, 14.008, 0.003, -0.002
2026-04-04T10:14:00Z, azel, 209.712, 14.000, 0.003, -0.002
2026-04-04T10:14:05Z, azel, 209.730, 13.993, 0.003, -0.002
2026-04-04T10:14:10Z, azel, 209.747, 13.985, 0.003, -0.002
2026-04-04T10:14:15Z, azel, 209.765, 13.978, 0.003, -0.002
2026-04-04T10:14:20Z, azel, 209.782, 13.970, 0.003, -0.002
2026-04-04T10:14:25Z, azel, 209.800, 13.962, 0.003, -0.002
2026-04-04T10:14:30Z, azel, 209.817, 13.955, 0.003, -0.002
2026-04-04T10:14:35Z, azel, 209.835, 13.947, 0.003, -0.002
2026-04-04T10:14:40Z, azel, 209.852, 13.940, 0.003, -0.002
2026-04-04T10:14:45Z, azel, 209.869, 13.932, 0.003, -0.002
2026-04-04T10:14:50Z, azel, 209.887, 13.924, 0.003, -0.002
2026-04-04T10:14:55Z, azel, 209.904, 13.917, 0.003, -0.002
2026-04-04T10:15:00Z, azel, 209.922, 13.909, 0.003, -0.002
2026-04-04T10:15:05Z, azel, 209.939, 13.901, 0.003, -0.002
2026-04-04T10:15:10Z, azel, 209.957, 13.894, 0.003, -0.002
2026-04-04T10:15:15Z, azel, 209.974, 13.886, 0.003, -0.002
2026-04-04T10:15:20Z, azel, 209.991, 13.878, 0.003, -0.002
2026-04-04T10:15:25Z, azel, 210.009, 13.871, 0.003, -0.002
2026-04-04T10:15:30Z, azel, 210.026, 13.863, 0.003, -0.002
2026-04-04T10:15:35Z, azel, 210.044, 13.855, 0.003, -0.002
2026-04-04T10:15:40Z, azel, 210.061, 13.848, 0.003, -0.002
2026-04-04T10:15:45Z, azel, 210.078, 13.840, 0.003, -0.002
2026-04-04T10:15:50Z, azel, 210.096, 13.832, 0.003, -0.002
2026-04-04T10:15:55Z, azel, 210.113, 13.825, 0.003, -0.002
2026-04-04T10:16:00Z, azel, 210.131, 13.817, 0.003, -0.002
2026-04-04T10:16:05Z, azel, 210.148, 13.809, 0.003, -0.002
2026-04-04T10:16:10Z, azel, 210.165, 13.802, 0.003, -0.002
2026-04-04T10:16:15Z, azel, 210.183, 13.794, 0.003, -0.002
2026-04-04T10:16:20Z, azel, 210.200, 13.786, 0.003, -0.002
2026-04-04T10:16:25Z, azel, 210.217, 13.778, 0.003, -0.002
2026-04-04T10:16:30Z, azel, 210.235, 13.771, 0.003, -0.002
2026-04-04T10:16:35Z, azel, 210.252, 13.763, 0.003, -0.002
2026-04-04T10:16:40Z, azel, 210.270, 13.755, 0.003, -0.002
2026-04-04T10:16:45Z, azel, 210.287, 13.748, 0.003, -0.002
2026-04-04T10:16:50Z, azel, 210.304, 13.740, 0.003, -0.002
2026-04-04T10:16:55Z, azel, 210.322, 13.732, 0.003, -0.002
2026-04-04T10:17:00Z, azel, 210.339, 13.724, 0.003, -0.002
2026-04-04T10:17:05Z, azel, 210.356, 13.717, 0.003, -0.002
2026-04-04T10:17:10Z, azel, 210.374, 13.709, 0.003, -0.002
2026-04-04T10:17:15Z, azel, 210.391, 13.701, 0.003, -0.002
2026-04-04T10:17:20Z, azel, 210.408, 13.693, 0.003, -0.002
2026-04-04T10:17:25Z, azel, 210.426, 13.686, 0.003, -0.002
2026-04-04T10:17:30Z, azel, 210.443, 13.678, 0.003, -0.002
2026-04-04T10:17:35Z, azel, 210.460, 13.670, 0.003, -0.002
2026-04-04T10:17:40Z, azel, 210.478, 13.662, 0.003, -0.002
2026-04-04T10:17:45Z, azel, 210.495, 13.655, 0.003, -0.002
2026-04-04T10:17:50Z, azel, 210.512, 13.647, 0.003, -0.002
2026-04-04T10:17:55Z, azel, 210.530, 13.639, 0.003, -0.002
2026-04-04T10:18:00Z, azel, 210.547, 13.631, 0.003, -0.002
2026-04-04T10:18:05Z, azel, 210.564, 13.623, 0.003, -0.002
2026-04-04T10:18:10Z, azel, 210.582, 13.616, 0.003, -0.002
2026-04-04T10:18:15Z, azel, 210.599, 13.608, 0.003, -0.002
2026-04-04T10:18:20Z, azel, 210.616, 13.600, 0.003, -0.002
2026-04-04T10:18:25Z, azel, 210.634, 13.592, 0.003, -0.002
2026-04-04T10:18:30Z, azel, 210.651, 13.584, 0.003, -0.002
2026-04-04T10:18:35Z, azel, 210.668, 13.577, 0.003, -0.002
2026-04-04T10:18:40Z, azel, 210.686, 13.569, 0.003, -0.002
2026-04-04T10:18:45Z, azel, 210.703, 13.561, 0.003, -0.002
2026-04-04T10:18:50Z, azel, 210.720, 13.553, 0.003, -0.002
2026-04-04T10:18:55Z, azel, 210.738, 13.545, 0.003, -0.002
2026-04-04T10:19:00Z, azel, 210.755, 13.537, 0.003, -0.002
2026-04-04T10:19:05Z, azel, 210.772, 13.530, 0.003, -0.002
2026-04-04T10:19:10Z, azel, 210.790, 13.522, 0.003, -0.002
2026-04-04T10:19:15Z, azel, 210.807, 13.514, 0.003, -0.002
2026-04-04T10:19:20Z, azel, 210.824, 13.506, 0.003, -0.002
2026-04-04T10:19:25Z, azel, 210.841, 13.498, 0.003, -0.002
2026-04-04T10:19:30Z, azel, 210.859, 13.490, 0.003, -0.002
2026-04-04T10:19:35Z, azel, 210.876, 13.483, 0.003, -0.002
2026-04-04T10:19:40Z, azel, 210.893, 13.475, 0.003, -0.002
2026-04-04T10:19:45Z, azel, 210.910, 13.467, 0.003, -0.002
2026-04-04T10:19:50Z, azel, 210.928, 13.459, 0.003, -0.002
2026-04-04T10:19:55Z, azel, 210.945, 13.451, 0.003, -0.002
2026-04-04T10:20:00Z, azel, 210.962, 13.443, 0.003, -0.002
2026-04-04T10:20:05Z, azel, 210.980, 13.435, 0.003, -0.002
2026-04-04T10:20:10Z, azel, 210.997, 13.427, 0.003, -0.002
2026-04-04T10:20:15Z, azel, 211.014, 13.420, 0.003, -0.002
2026-04-04T10:20:20Z, azel, 211.031, 13.412, 0.003, -0.002
2026-04-04T10:20:25Z, azel, 211.049, 13.404, 0.003, -0.002
2026-04-04T10:20:30Z, azel, 211.066, 13.396, 0.003, -0.002
2026-04-04T10:20:35Z, azel, 211.083, 13.388, 0.003, -0.002
2026-04-04T10:20:40Z, azel, 211.100, 13.380, 0.003, -0.002
2026-04-04T10:20:45Z, azel, 211.118, 13.372, 0.003, -0.002
2026-04-04T10:20:50Z, azel, 211.135, 13.364, 0.003, -0.002
2026-04-04T10:20:55Z, azel, 211.152, 13.356, 0.003, -0.002
2026-04-04T10:21:00Z, azel, 211.169, 13.348, 0.003, -0.002
2026-04-04T10:21:05Z, azel, 211.187, 13.340, 0.003, -0.002
2026-04-04T10:21:10Z, azel, 211.204, 13.332, 0.003, -0.002
2026-04-04T10:21:15Z, azel, 211.221, 13.325, 0.003, -0.002
2026-04-04T10:21:20Z, azel, 211.238, 13.317, 0.003, -0.002
2026-04-04T10:21:25Z, azel, 211.255, 13.309, 0.003, -0.002
2026-04-04T10:21:30Z, azel, 211.273, 13.301, 0.003, -0.002
2026-04-04T10:21:35Z, azel, 211.290, 13.293, 0.003, -0.002
2026-04-04T10:21:40Z, azel, 211.307, 13.285, 0.003, -0.002
2026-04-04T10:21:45Z, azel, 211.324, 13.277, 0.003, -0.002
2026-04-04T10:21:50Z, azel, 211.342, 13.269, 0.003, -0.002
2026-04-04T10:21:55Z, azel, 211.359, 13.261, 0.003, -0.002
2026-04-04T10:22:00Z, azel, 211.376, 13.253, 0.003, -0.002
2026-04-04T10:22:05Z, azel, 211.393, 13.245, 0.003, -0.002
2026-04-04T10:22:10Z, azel, 211.410, 13.237, 0.003, -0.002
2026-04-04T10:22:15Z, azel, 211.428, 13.229, 0.003, -0.002
2026-04-04T10:22:20Z, azel, 211.445, 13.221, 0.003, -0.002
2026-04-04T10:22:25Z, azel, 211.462, 13.213, 0.003, -0.002
2026-04-04T10:22:30Z, azel, 211.479, 13.205, 0.003, -0.002
2026-04-04T10:22:35Z, azel, 211.496, 13.197, 0.003, -0.002
2026-04-04T10:22:40Z, azel, 211.514, 13.189, 0.003, -0.002
2026-04-04T10:22:45Z, azel, 211.531, 13.181, 0.003, -0.002
2026-04-04T10:22:50Z, azel, 211.548, 13.173, 0.003, -0.002
2026-04-04T10:22:55Z, azel, 211.565, 13.165, 0.003, -0.002
2026-04-04T10:23:00Z, azel, 211.582, 13.157, 0.003, -0.002
2026-04-04T10:23:05Z, azel, 211.599, 13.149, 0.003, -0.002
2026-04-04T10:23:10Z, azel, 211.617, 13.141, 0.003, -0.002
2026-04-04T10:23:15Z, azel, 211.634, 13.133, 0.003, -0.002
2026-04-04T10:23:20Z, azel, 211.651, 13.125, 0.003, -0.002
2026-04-04T10:23:25Z, azel, 211.668, 13.117, 0.003, -0.002
2026-04-04T10:23:30Z, azel, 211.685, 13.109, 0.003, -0.002
2026-04-04T10:23:35Z, azel, 211.702, 13.101, 0.003, -0.002
2026-04-04T10:23:40Z, azel, 211.720, 13.093, 0.003, -0.002
2026-04-04T10:23:45Z, azel, 211.737, 13.085, 0.003, -0.002
2026-04-04T10:23:50Z, azel, 211.754, 13.076, 0.003, -0.002
2026-04-04T10:23:55Z, azel, 211.771, 13.068, 0.003, -0.002
2026-04-04T10:24:00Z, azel, 211.788, 13.060, 0.003, -0.002
2026-04-04T10:24:05Z, azel, 211.805, 13.052, 0.003, -0.002
2026-04-04T10:24:10Z, azel, 211.823, 13.044, 0.003, -0.002
2026-04-04T10:24:15Z, azel, 211.840, 13.036, 0.003, -0.002
2026-04-04T10:24:20Z, azel, 211.857, 13.028, 0.003, -0.002
2026-04-04T10:24:25Z, azel, 211.874, 13.020, 0.003, -0.002
2026-04-04T10:24:30Z, azel, 211.891, 13.012, 0.003, -0.002
2026-04-04T10:24:35Z, azel, 211.908, 13.004, 0.003, -0.002
2026-04-04T10:24:40Z, azel, 211.925, 12.996, 0.003, -0.002
2026-04-04T10:24:45Z, azel, 211.942, 12.988, 0.003, -0.002
2026-04-04T10:24:50Z, azel, 211.960, 12.979, 0.003, -0.002
2026-04-04T10:24:55Z, azel, 211.977, 12.971, 0.003, -0.002
2026-04-04T10:25:00Z, azel, 211.994, 12.963, 0.003, -0.002
2026-04-04T10:25:05Z, azel, 212.011, 12.955, 0.003, -0.002
2026-04-04T10:25:10Z, azel, 212.028, 12.947, 0.003, -0.002
2026-04-04T10:25:15Z, azel, 212.045, 12.939, 0.003, -0.002
2026-04-04T10:25:20Z, azel, 212.062, 12.931, 0.003, -0.002
2026-04-04T10:25:25Z, azel, 212.079, 12.923, 0.003, -0.002
2026-04-04T10:25:30Z, azel, 212.096, 12.914, 0.003, -0.002
2026-04-04T10:25:35Z, azel, 212.114, 12.906, 0.003, -0.002
2026-04-04T10:25:40Z, azel, 212.131, 12.898, 0.003, -0.002
2026-04-04T10:25:45Z, azel, 212.148, 12.890, 0.003, -0.002
2026-04-04T10:25:50Z, azel, 212.165, 12.882, 0.003, -0.002
2026-04-04T10:25:55Z, azel, 212.182, 12.874, 0.003, -0.002
2026-04-04T10:26:00Z, azel, 212.199, 12.866, 0.003, -0.002
2026-04-04T10:26:05Z, azel, 212.216, 12.857, 0.003, -0.002
2026-04-04T10:26:10Z, azel, 212.233, 12.849, 0.003, -0.002
2026-04-04T10:26:15Z, azel, 212.250, 12.841, 0.003, -0.002
2026-04-04T10:26:20Z, azel, 212.267, 12.833, 0.003, -0.002
2026-04-04T10:26:25Z, azel, 212.284, 12.825, 0.003, -0.002
2026-04-04T10:26:30Z, azel, 212.301, 12.817, 0.003, -0.002
2026-04-04T10:26:35Z, azel, 212.319, 12.808, 0.003, -0.002
2026-04-04T10:26:40Z, azel, 212.336, 12.800, 0.003, -0.002
2026-04-04T10:26:45Z, azel, 212.353, 12.792, 0.003, -0.002
2026-04-04T10:26:50Z, azel, 212.370, 12.784, 0.003, -0.002
2026-04-04T10:26:55Z, azel, 212.387, 12.776, 0.003, -0.002
2026-04-04T10:27:00Z, azel, 212.404, 12.767, 0.003, -0.002
2026-04-04T10:27:05Z, azel, 212.421, 12.759, 0.003, -0.002
2026-04-04T10:27:10Z, azel, 212.438, 12.751, 0.003, -0.002
2026-04-04T10:27:15Z, azel, 212.455, 12.743, 0.003, -0.002
2026-04-04T10:27:20Z, azel, 212.472, 12.735, 0.003, -0.002
2026-04-04T10:27:25Z, azel, 212.489, 12.726, 0.003, -0.002
2026-04-04T10:27:30Z, azel, 212.506, 12.718, 0.003, -0.002
2026-04-04T10:27:35Z, azel, 212.523, 12.710, 0.003, -0.002
2026-04-04T10:27:40Z, azel, 212.540, 12.702, 0.003, -0.002
2026-04-04T10:27:45Z, azel, 212.557, 12.693, 0.003, -0.002
2026-04-04T10:27:50Z, azel, 212.574, 12.685, 0.003, -0.002
2026-04-04T10:27:55Z, azel, 212.591, 12.677, 0.003, -0.002
2026-04-04T10:28:00Z, azel, 212.608, 12.669, 0.003, -0.002
2026-04-04T10:28:05Z, azel, 212.625, 12.660, 0.003, -0.002
2026-04-04T10:28:10Z, azel, 212.642, 12.652, 0.003, -0.002
2026-04-04T10:28:15Z, azel, 212.659, 12.644, 0.003, -0.002
2026-04-04T10:28:20Z, azel, 212.676, 12.636, 0.003, -0.002
2026-04-04T10:28:25Z, azel, 212.693, 12.627, 0.003, -0.002
2026-04-04T10:28:30Z, azel, 212.710, 12.619, 0.003, -0.002
2026-04-04T10:28:35Z, azel, 212.727, 12.611, 0.003, -0.002
2026-04-04T10:28:40Z, azel, 212.744, 12.602, 0.003, -0.002
2026-04-04T10:28:45Z, azel, 212.761, 12.594, 0.003, -0.002
2026-04-04T10:28:50Z, azel, 212.778, 12.586, 0.003, -0.002
2026-04-04T10:28:55Z, azel, 212.795, 12.578, 0.003, -0.002
2026-04-04T10:29:00Z, azel, 212.812, 12.569, 0.003, -0.002
2026-04-04T10:29:05Z, azel, 212.829, 12.561, 0.003, -0.002
2026-04-04T10:29:10Z, azel, 212.846, 12.553, 0.003, -0.002
2026-04-04T10:29:15Z, azel, 212.863, 12.544, 0.003, -0.002
2026-04-04T10:29:20Z, azel, 212.880, 12.536, 0.003, -0.002
2026-04-04T10:29:25Z, azel, 212.897, 12.528, 0.003, -0.002
2026-04-04T10:29:30Z, azel, 212.914, 12.519, 0.003, -0.002
2026-04-04T10:29:35Z, azel, 212.931, 12.511, 0.003, -0.002
2026-04-04T10:29:40Z, azel, 212.948, 12.503, 0.003, -0.002
2026-04-04T10:29:45Z, azel, 212.965, 12.494, 0.003, -0.002
2026-04-04T10:29:50Z, azel, 212.982, 12.486, 0.003, -0.002
2026-04-04T10:29:55Z, azel, 212.999, 12.478, 0.003, -0.002
2026-04-04T10:30:00Z, azel, 213.016, 12.469, 0.003, -0.002
2026-04-04T10:30:05Z, azel, 213.033, 12.461, 0.003, -0.002
2026-04-04T10:30:10Z, azel, 213.050, 12.453, 0.003, -0.002
2026-04-04T10:30:15Z, azel, 213.067, 12.444, 0.003, -0.002
2026-04-04T10:30:20Z, azel, 213.084, 12.436, 0.003, -0.002
2026-04-04T10:30:25Z, azel, 213.101, 12.428, 0.003, -0.002
2026-04-04T10:30:30Z, azel, 213.118, 12.419, 0.003, -0.002
2026-04-04T10:30:35Z, azel, 213.135, 12.411, 0.003, -0.002
2026-04-04T10:30:40Z, azel, 213.152, 12.403, 0.003, -0.002
2026-04-04T10:30:45Z, azel, 213.169, 12.394, 0.003, -0.002
2026-04-04T10:30:50Z, azel, 213.186, 12.386, 0.003, -0.002
2026-04-04T10:30:55Z, azel, 213.203, 12.377, 0.003, -0.002
2026-04-04T10:31:00Z, azel, 213.219, 12.369, 0.003, -0.002
2026-04-04T10:31:05Z, azel, 213.236, 12.361, 0.003, -0.002
2026-04-04T10:31:10Z, azel, 213.253, 12.352, 0.003, -0.002
2026-04-04T10:31:15Z, azel, 213.270, 12.344, 0.003, -0.002
2026-04-04T10:31:20Z, azel, 213.287, 12.336, 0.003, -0.002
2026-04-04T10:31:25Z, azel, 213.304, 12.327, 0.003, -0.002
2026-04-04T10:31:30Z, azel, 213.321, 12.319, 0.003, -0.002
2026-04-04T10:31:35Z, azel, 213.338, 12.310, 0.003, -0.002
2026-04-04T10:31:40Z, azel, 213.355, 12.302, 0.003, -0.002
2026-04-04T10:31:45Z, azel, 213.372, 12.293, 0.003, -0.002
2026-04-04T10:31:50Z, azel, 213.389, 12.285, 0.003, -0.002
2026-04-04T10:31:55Z, azel, 213.406, 12.277, 0.003, -0.002
2026-04-04T10:32:00Z, azel, 213.422, 12.268, 0.003, -0.002
2026-04-04T10:32:05Z, azel, 213.439, 12.260, 0.003, -0.002
2026-04-04T10:32:10Z, azel, 213.456, 12.251, 0.003, -0.002
2026-04-04T10:32:15Z, azel, 213.473, 12.243, 0.003, -0.002
2026-04-04T10:32:20Z, azel, 213.490, 12.234, 0.003, -0.002
2026-04-04T10:32:25Z, azel, 213.507, 12.226, 0.003, -0.002
2026-04-04T10:32:30Z, azel, 213.524, 12.218, 0.003, -0.002
2026-04-04T10:32:35Z, azel, 213.541, 12.209, 0.003, -0.002
2026-04-04T10:32:40Z, azel, 213.558, 12.201, 0.003, -0.002
2026-04-04T10:32:45Z, azel, 213.574, 12.192, 0.003, -0.002
2026-04-04T10:32:50Z, azel, 213.591, 12.184, 0.003, -0.002
2026-04-04T10:32:55Z, azel, 213.608, 12.175, 0.003, -0.002
2026-04-04T10:33:00Z, azel, 213.625, 12.167, 0.003, -0.002
2026-04-04T10:33:05Z, azel, 213.642, 12.158, 0.003, -0.002
2026-04-04T10:33:10Z, azel, 213.659, 12.150, 0.003, -0.002
2026-04-04T10:33:15Z, azel, 213.676, 12.141, 0.003, -0.002
2026-04-04T10:33:20Z, azel, 213.693, 12.133, 0.003, -0.002
2026-04-04T10:33:25Z, azel, 213.709, 12.124, 0.003, -0.002
2026-04-04T10:33:30Z, azel, 213.726, 12.116, 0.003, -0.002
2026-04-04T10:33:35Z, azel, 213.743, 12.107, 0.003, -0.002
2026-04-04T10:33:40Z, azel, 213.760, 12.099, 0.003, -0.002
2026-04-04T10:33:45Z, azel, 213.777, 12.090, 0.003, -0.002
2026-04-04T10:33:50Z, azel, 213.794, 12.082, 0.003, -0.002
2026-04-04T10:33:55Z, azel, 213.810, 12.073, 0.003, -0.002
2026-04-04T10:34:00Z, azel, 213.827, 12.065, 0.003, -0.002
2026-04-04T10:34:05Z, azel, 213.844, 12.056, 0.003, -0.002
2026-04-04T10:34:10Z, azel, 213.861, 12.048, 0.003, -0.002
2026-04-04T10:34:15Z, azel, 213.878, 12.039, 0.003, -0.002
2026-04-04T10:34:20Z, azel, 213.895, 12.031, 0.003, -0.002
2026-04-04T10:34:25Z, azel, 213.911, 12.022, 0.003, -0.002
2026-04-04T10:34:30Z, azel, 213.928, 12.014, 0.003, -0.002
2026-04-04T10:34:35Z, azel, 213.945, 12.005, 0.003, -0.002
2026-04-04T10:34:40Z, azel, 213.962, 11.996, 0.003, -0.002
2026-04-04T10:34:45Z, azel, 213.979, 11.988, 0.003, -0.002
2026-04-04T10:34:50Z, azel, 213.996, 11.979, 0.003, -0.002
2026-04-04T10:34:55Z, azel, 214.012, 11.971, 0.003, -0.002
2026-04-04T10:35:00Z, azel, 214.029, 11.962, 0.003, -0.002
2026-04-04T10:35:05Z, azel, 214.046, 11.954, 0.003, -0.002
2026-04-04T10:35:10Z, azel, 214.063, 11.945, 0.003, -0.002
2026-04-04T10:35:15Z, azel, 214.080, 11.936, 0.003, -0.002
2026-04-04T10:35:20Z, azel, 214.096, 11.928, 0.003, -0.002
2026-04-04T10:35:25Z, azel, 214.113, 11.919, 0.003, -0.002
2026-04-04T10:35:30Z, azel, 214.130, 11.911, 0.003, -0.002
2026-04-04T10:35:35Z, azel, 214.147, 11.902, 0.003, -0.002
2026-04-04T10:35:40Z, azel, 214.164, 11.894, 0.003, -0.002
2026-04-04T10:35:45Z, azel, 214.180, 11.885, 0.003, -0.002
2026-04-04T10:35:50Z, azel, 214.197, 11.876, 0.003, -0.002
2026-04-04T10:35:55Z, azel, 214.214, 11.868, 0.003, -0.002
2026-04-04T10:36:00Z, azel, 214.231, 11.859, 0.003, -0.002
2026-04-04T10:36:05Z, azel, 214.247, 11.851, 0.003, -0.002
2026-04-04T10:36:10Z, azel, 214.264, 11.842, 0.003, -0.002
2026-04-04T10:36:15Z, azel, 214.281, 11.833, 0.003, -0.002
2026-04-04T10:36:20Z, azel, 214.298, 11.825, 0.003, -0.002
2026-04-04T10:36:25Z, azel, 214.315, 11.816, 0.003, -0.002
2026-04-04T10:36:30Z, azel, 214.331, 11.807, 0.003, -0.002
2026-04-04T10:36:35Z, azel, 214.348, 11.799, 0.003, -0.002
2026-04-04T10:36:40Z, azel, 214.365, 11.790, 0.003, -0.002
2026-04-04T10:36:45Z, azel, 214.382, 11.781, 0.003, -0.002
2026-04-04T10:36:50Z, azel, 214.398, 11.773, 0.003, -0.002
2026-04-04T10:36:55Z, azel, 214.415, 11.764, 0.003, -0.002
2026-04-04T10:37:00Z, azel, 214.432, 11.756, 0.003, -0.002
2026-04-04T10:37:05Z, azel, 214.449, 11.747, 0.003, -0.002
2026-04-04T10:37:10Z, azel, 214.465, 11.738, 0.003, -0.002
2026-04-04T10:37:15Z, azel, 214.482, 11.730, 0.003, -0.002
2026-04-04T10:37:20Z, azel, 214.499, 11.721, 0.003, -0.002
2026-04-04T10:37:25Z, azel, 214.516, 11.712, 0.003, -0.002
2026-04-04T10:37:30Z, azel, 214.532, 11.704, 0.003, -0.002
2026-04-04T10:37:35Z, azel, 214.549, 11.695, 0.003, -0.002
2026-04-04T10:37:40Z, azel, 214.566, 11.686, 0.003, -0.002
2026-04-04T10:37:45Z, azel, 214.582, 11.678, 0.003, -0.002
2026-04-04T10:37:50Z, azel, 214.599, 11.669, 0.003, -0.002
2026-04-04T10:37:55Z, azel, 214.616, 11.660, 0.003, -0.002
2026-04-04T10:38:00Z, azel, 214.633, 11.651, 0.003, -0.002
2026-04-04T10:38:05Z, azel, 214.649, 11.643, 0.003, -0.002
2026-04-04T10:38:10Z, azel, 214.666, 11.634, 0.003, -0.002
2026-04-04T10:38:15Z, azel, 214.683, 11.625, 0.003, -0.002
2026-04-04T10:38:20Z, azel, 214.699, 11.617, 0.003, -0.002
2026-04-04T10:38:25Z, azel, 214.716, 11.608, 0.003, -0.002
2026-04-04T10:38:30Z, azel, 214.733, 11.599, 0.003, -0.002
2026-04-04T10:38:35Z, azel, 214.750, 11.590, 0.003, -0.002
2026-04-04T10:38:40Z, azel, 214.766, 11.582, 0.003, -0.002
2026-04-04T10:38:45Z, azel, 214.783, 11.573, 0.003, -0.002
2026-04-04T10:38:50Z, azel, 214.800, 11.564, 0.003, -0.002
2026-04-04T10:38:55Z, azel, 214.816, 11.556, 0.003, -0.002
2026-04-04T10:39:00Z, azel, 214.833, 11.547, 0.003, -0.002
2026-04-04T10:39:05Z, azel, 214.850, 11.538, 0.003, -0.002
2026-04-04T10:39:10Z, azel, 214.866, 11.529, 0.003, -0.002
2026-04-04T10:39:15Z, azel, 214.883, 11.521, 0.003, -0.002
2026-04-04T10:39:20Z, azel, 214.900, 11.512, 0.003, -0.002
2026-04-04T10:39:25Z, azel, 214.916, 11.503, 0.003, -0.002
2026-04-04T10:39:30Z, azel, 214.933, 11.494, 0.003, -0.002
2026-04-04T10:39:35Z, azel, 214.950, 11.486, 0.003, -0.002
2026-04-04T10:39:40Z, azel, 214.966, 11.477, 0.003, -0.002
2026-04-04T10:39:45Z, azel, 214.983, 11.468, 0.003, -0.002
2026-04-04T10:39:50Z, azel, 215.000, 11.459, 0.003, -0.002
2026-04-04T10:39:55Z, azel, 215.016, 11.450, 0.003, -0.002
2026-04-04T10:40:00Z, azel, 215.033, 11.442, 0.003, -0.002
2026-04-04T10:40:05Z, azel, 215.050, 11.433, 0.003, -0.002
2026-04-04T10:40:10Z, azel, 215.066, 11.424, 0.003, -0.002
2026-04-04T10:40:15Z, azel, 215.083, 11.415, 0.003, -0.002
2026-04-04T10:40:20Z, azel, 215.100, 11.407, 0.003, -0.002
2026-04-04T10:40:25Z, azel, 215.116, 11.398, 0.003, -0.002
2026-04-04T10:40:30Z, azel, 215.133, 11.389, 0.003, -0.002
2026-04-04T10:40:35Z, azel, 215.149, 11.380, 0.003, -0.002
2026-04-04T10:40:40Z, azel, 215.166, 11.371, 0.003, -0.002
2026-04-04T10:40:45Z, azel, 215.183, 11.362, 0.003, -0.002
2026-04-04T10:40:50Z, azel, 215.199, 11.354, 0.003, -0.002
2026-04-04T10:40:55Z, azel, 215.216, 11.345, 0.003, -0.002
2026-04-04T10:41:00Z, azel, 215.233, 11.336, 0.003, -0.002
2026-04-04T10:41:05Z, azel, 215.249, 11.327, 0.003, -0.002
2026-04-04T10:41:10Z, azel, 215.266, 11.318, 0.003, -0.002
2026-04-04T10:41:15Z, azel, 215.282, 11.310, 0.003, -0.002
2026-04-04T10:41:20Z, azel, 215.299, 11.301, 0.003, -0.002
2026-04-04T10:41:25Z, azel, 215.316, 11.292, 0.003, -0.002
2026-04-04T10:41:30Z, azel, 215.332, 11.283, 0.003, -0.002
2026-04-04T10:41:35Z, azel, 215.349, 11.274, 0.003, -0.002
2026-04-04T10:41:40Z, azel, 215.366, 11.265, 0.003, -0.002
2026-04-04T10:41:45Z, azel, 215.382, 11.256, 0.003, -0.002
2026-04-04T10:41:50Z, azel, 215.399, 11.248, 0.003, -0.002
2026-04-04T10:41:55Z, azel, 215.415, 11.239, 0.003, -0.002
2026-04-04T10:42:00Z, azel, 215.432, 11.230, 0.003, -0.002
2026-04-04T10:42:05Z, azel, 215.448, 11.221, 0.003, -0.002
2026-04-04T10:42:10Z, azel, 215.465, 11.212, 0.003, -0.002
2026-04-04T10:42:15Z, azel, 215.482, 11.203, 0.003, -0.002
2026-04-04T10:42:20Z, azel, 215.498, 11.194, 0.003, -0.002
2026-04-04T10:42:25Z, azel, 215.515, 11.185, 0.003, -0.002
2026-04-04T10:42:30Z, azel, 215.531, 11.177, 0.003, -0.002
2026-04-04T10:42:35Z, azel, 215.548, 11.168, 0.003, -0.002
2026-04-04T10:42:40Z, azel, 215.565, 11.159, 0.003, -0.002
2026-04-04T10:42:45Z, azel, 215.581, 11.150, 0.003, -0.002
2026-04-04T10:42:50Z, azel, 215.598, 11.141, 0.003, -0.002
2026-04-04T10:42:55Z, azel, 215.614, 11.132, 0.003, -0.002
2026-04-04T10:43:00Z, azel, 215.631, 11.123, 0.003, -0.002
2026-04-04T10:43:05Z, azel, 215.647, 11.114, 0.003, -0.002
2026-04-04T10:43:10Z, azel, 215.664, 11.105, 0.003, -0.002
2026-04-04T10:43:15Z, azel, 215.680, 11.096, 0.003, -0.002
2026-04-04T10:43:20Z, azel, 215.697, 11.087, 0.003, -0.002
2026-04-04T10:43:25Z, azel, 215.714, 11.079, 0.003, -0.002
2026-04-04T10:43:30Z, azel, 215.730, 11.070, 0.003, -0.002
2026-04-04T10:43:35Z, azel, 215.747, 11.061, 0.003, -0.002
2026-04-04T10:43:40Z, azel, 215.763, 11.052, 0.003, -0.002
2026-04-04T10:43:45Z, azel, 215.780, 11.043, 0.003, -0.002
2026-04-04T10:43:50Z, azel, 215.796, 11.034, 0.003, -0.002
2026-04-04T10:43:55Z, azel, 215.813, 11.025, 0.003, -0.002
2026-04-04T10:44:00Z, azel, 215.829, 11.016, 0.003, -0.002
2026-04-04T10:44:05Z, azel, 215.846, 11.007, 0.003, -0.002
2026-04-04T10:44:10Z, azel, 215.862, 10.998, 0.003, -0.002
2026-04-04T10:44:15Z, azel, 215.879, 10.989, 0.003, -0.002
2026-04-04T10:44:20Z, azel, 215.895, 10.980, 0.003, -0.002
2026-04-04T10:44:25Z, azel, 215.912, 10.971, 0.003, -0.002
2026-04-04T10:44:30Z, azel, 215.928, 10.962, 0.003, -0.002
2026-04-04T10:44:35Z, azel, 215.945, 10.953, 0.003, -0.002
2026-04-04T10:44:40Z, azel, 215.961, 10.944, 0.003, -0.002
2026-04-04T10:44:45Z, azel, 215.978, 10.935, 0.003, -0.002
2026-04-04T10:44:50Z, azel, 215.994, 10.926, 0.003, -0.002
2026-04-04T10:44:55Z, azel, 216.011, 10.917, 0.003, -0.002
2026-04-04T10:45:00Z, azel, 216.027, 10.908, 0.003, -0.002
2026-04-04T10:45:05Z, azel, 216.044, 10.899, 0.003, -0.002
2026-04-04T10:45:10Z, azel, 216.060, 10.890, 0.003, -0.002
2026-04-04T10:45:15Z, azel, 216.077, 10.881, 0.003, -0.002
2026-04-04T10:45:20Z, azel, 216.093, 10.872, 0.003, -0.002
2026-04-04T10:45:25Z, azel, 216.110, 10.863, 0.003, -0.002
2026-04-04T10:45:30Z, azel, 216.126, 10.854, 0.003, -0.002
2026-04-04T10:45:35Z, azel, 216.143, 10.845, 0.003, -0.002
2026-04-04T10:45:40Z, azel, 216.159, 10.836, 0.003, -0.002
2026-04-04T10:45:45Z, azel, 216.176, 10.827, 0.003, -0.002
2026-04-04T10:45:50Z, azel, 216.192, 10.818, 0.003, -0.002
2026-04-04T10:45:55Z, azel, 216.209, 10.809, 0.003, -0.002
2026-04-04T10:46:00Z, azel, 216.225, 10.800, 0.003, -0.002
2026-04-04T10:46:05Z, azel, 216.242, 10.791, 0.003, -0.002
2026-04-04T10:46:10Z, azel, 216.258, 10.782, 0.003, -0.002
2026-04-04T10:46:15Z, azel, 216.275, 10.773, 0.003, -0.002
2026-04-04T10:46:20Z, azel, 216.291, 10.764, 0.003, -0.002
2026-04-04T10:46:25Z, azel, 216.308, 10.755, 0.003, -0.002
2026-04-04T10:46:30Z, azel, 216.324, 10.746, 0.003, -0.002
2026-04-04T10:46:35Z, azel, 216.340, 10.737, 0.003, -0.002
2026-04-04T10:46:40Z, azel, 216.357, 10.728, 0.003, -0.002
2026-04-04T10:46:45Z, azel, 216.373, 10.718, 0.003, -0.002
2026-04-04T10:46:50Z, azel, 216.390, 10.709, 0.003, -0.002
2026-04-04T10:46:55Z, azel, 216.406, 10.700, 0.003, -0.002
2026-04-04T10:47:00Z, azel, 216.423, 10.691, 0.003, -0.002
2026-04-04T10:47:05Z, azel, 216.439, 10.682, 0.003, -0.002
2026-04-04T10:47:10Z, azel, 216.456, 10.673, 0.003, -0.002
2026-04-04T10:47:15Z, azel, 216.472, 10.664, 0.003, -0.002
2026-04-04T10:47:20Z, azel, 216.488, 10.655, 0.003, -0.002
2026-04-04T10:47:25Z, azel, 216.505, 10.646, 0.003, -0.002
2026-04-04T10:47:30Z, azel, 216.521, 10.637, 0.003, -0.002
2026-04-04T10:47:35Z, azel, 216.538, 10.628, 0.003, -0.002
2026-04-04T10:47:40Z, azel, 216.554, 10.618, 0.003, -0.002
2026-04-04T10:47:45Z, azel, 216.571, 10.609, 0.003, -0.002
2026-04-04T10:47:50Z, azel, 216.587, 10.600, 0.003, -0.002
2026-04-04T10:47:55Z, azel, 216.603, 10.591, 0.003, -0.002
2026-04-04T10:48:00Z, azel, 216.620, 10.582, 0.003, -0.002
2026-04-04T10:48:05Z, azel, 216.636, 10.573, 0.003, -0.002
2026-04-04T10:48:10Z, azel, 216.653, 10.564, 0.003, -0.002
2026-04-04T10:48:15Z, azel, 216.669, 10.555, 0.003, -0.002
2026-04-04T10:48:20Z, azel, 216.685, 10.546, 0.003, -0.002
2026-04-04T10:48:25Z, azel, 216.702, 10.536, 0.003, -0.002
2026-04-04T10:48:30Z, azel, 216.718, 10.527, 0.003, -0.002
2026-04-04T10:48:35Z, azel, 216.735, 10.518, 0.003, -0.002
2026-04-04T10:48:40Z, azel, 216.751, 10.509, 0.003, -0.002
2026-04-04T10:48:45Z, azel, 216.767, 10.500, 0.003, -0.002
2026-04-04T10:48:50Z, azel, 216.784, 10.491, 0.003, -0.002
2026-04-04T10:48:55Z, azel, 216.800, 10.481, 0.003, -0.002
2026-04-04T10:49:00Z, azel, 216.816, 10.472, 0.003, -0.002
2026-04-04T10:49:05Z, azel, 216.833, 10.463, 0.003, -0.002
2026-04-04T10:49:10Z, azel, 216.849, 10.454, 0.003, -0.002
2026-04-04T10:49:15Z, azel, 216.866, 10.445, 0.003, -0.002
2026-04-04T10:49:20Z, azel, 216.882, 10.436, 0.003, -0.002
2026-04-04T10:49:25Z, azel, 216.898, 10.426, 0.003, -0.002
2026-04-04T10:49:30Z, azel, 216.915, 10.417, 0.003, -0.002
2026-04-04T10:49:35Z, azel, 216.931, 10.408, 0.003, -0.002
2026-04-04T10:49:40Z, azel, 216.947, 10.399, 0.003, -0.002
2026-04-04T10:49:45Z, azel, 216.964, 10.390, 0.003, -0.002
2026-04-04T10:49:50Z, azel, 216.980, 10.380, 0.003, -0.002
2026-04-04T10:49:55Z, azel, 216.996, 10.371, 0.003, -0.002
2026-04-04T10:50:00Z, azel, 217.013, 10.362, 0.003, -0.002
2026-04-04T10:50:05Z, azel, 217.029, 10.353, 0.003, -0.002
2026-04-04T10:50:10Z, azel, 217.045, 10.344, 0.003, -0.002
2026-04-04T10:50:15Z, azel, 217.062, 10.334, 0.003, -0.002
2026-04-04T10:50:20Z, azel, 217.078, 10.325, 0.003, -0.002
2026-04-04T10:50:25Z, azel, 217.094, 10.316, 0.003, -0.002
2026-04-04T10:50:30Z, azel, 217.111, 10.307, 0.003, -0.002
2026-04-04T10:50:35Z, azel, 217.127, 10.298, 0.003, -0.002
2026-04-04T10:50:40Z, azel, 217.143, 10.288, 0.003, -0.002
2026-04-04T10:50:45Z, azel, 217.160, 10.279, 0.003, -0.002
2026-04-04T10:50:50Z, azel, 217.176, 10.270, 0.003, -0.002
2026-04-04T10:50:55Z, azel, 217.192, 10.261, 0.003, -0.002
2026-04-04T10:51:00Z, azel, 217.209, 10.251, 0.003, -0.002
2026-04-04T10:51:05Z, azel, 217.225, 10.242, 0.003, -0.002
2026-04-04T10:51:10Z, azel, 217.241, 10.233, 0.003, -0.002
2026-04-04T10:51:15Z, azel, 217.258, 10.224, 0.003, -0.002
2026-04-04T10:51:20Z, azel, 217.274, 10.214, 0.003, -0.002
2026-04-04T10:51:25Z, azel, 217.290, 10.205, 0.003, -0.002
2026-04-04T10:51:30Z, azel, 217.307, 10.196, 0.003, -0.002
2026-04-04T10:51:35Z, azel, 217.323, 10.187, 0.003, -0.002
2026-04-04T10:51:40Z, azel, 217.339, 10.177, 0.003, -0.002
2026-04-04T10:51:45Z, azel, 217.355, 10.168, 0.003, -0.002
2026-04-04T10:51:50Z, azel, 217.372, 10.159, 0.003, -0.002
2026-04-04T10:51:55Z, azel, 217.388, 10.149, 0.003, -0.002
2026-04-04T10:52:00Z, azel, 217.404, 10.140, 0.003, -0.002
2026-04-04T10:52:05Z, azel, 217.421, 10.131, 0.003, -0.002
2026-04-04T10:52:10Z, azel, 217.437, 10.122, 0.003, -0.002
2026-04-04T10:52:15Z, azel, 217.453, 10.112, 0.003, -0.002
2026-04-04T10:52:20Z, azel, 217.469, 10.103, 0.003, -0.002
2026-04-04T10:52:25Z, azel, 217.486, 10.094, 0.003, -0.002
2026-04-04T10:52:30Z, azel, 217.502, 10.084, 0.003, -0.002
2026-04-04T10:52:35Z, azel, 217.518, 10.075, 0.003, -0.002
2026-04-04T10:52:40Z, azel, 217.534, 10.066, 0.003, -0.002
2026-04-04T10:52:45Z, azel, 217.551, 10.056, 0.003, -0.002
2026-04-04T10:52:50Z, azel, 217.567, 10.047, 0.003, -0.002
2026-04-04T10:52:55Z, azel, 217.583, 10.038, 0.003, -0.002
2026-04-04T10:53:00Z, azel, 217.599, 10.028, 0.003, -0.002
2026-04-04T10:53:05Z, azel, 217.616, 10.019, 0.003, -0.002
2026-04-04T10:53:10Z, azel, 217.632, 10.010, 0.003, -0.002
2026-04-04T10:53:15Z, azel, 217.648, 10.000, 0.003, -0.002
2026-04-04T10:53:20Z, azel, 217.664, 9.991, 0.003, -0.002
2026-04-04T10:53:25Z, azel, 217.681, 9.982, 0.003, -0.002
2026-04-04T10:53:30Z, azel, 217.697, 9.972, 0.003, -0.002
2026-04-04T10:53:35Z, azel, 217.713, 9.963, 0.003, -0.002
2026-04-04T10:53:40Z, azel, 217.729, 9.954, 0.003, -0.002
2026-04-04T10:53:45Z, azel, 217.746, 9.944, 0.003, -0.002
2026-04-04T10:53:50Z, azel, 217.762, 9.935, 0.003, -0.002
2026-04-04T10:53:55Z, azel, 217.778, 9.926, 0.003, -0.002
2026-04-04T10:54:00Z, azel, 217.794, 9.916, 0.003, -0.002
2026-04-04T10:54:05Z, azel, 217.811, 9.907, 0.003, -0.002
2026-04-04T10:54:10Z, azel, 217.827, 9.898, 0.003, -0.002
2026-04-04T10:54:15Z, azel, 217.843, 9.888, 0.003, -0.002
2026-04-04T10:54:20Z, azel, 217.859, 9.879, 0.003, -0.002
2026-04-04T10:54:25Z, azel, 217.875, 9.869, 0.003, -0.002
2026-04-04T10:54:30Z, azel, 217.892, 9.860, 0.003, -0.002
2026-04-04T10:54:35Z, azel, 217.908, 9.851, 0.003, -0.002
2026-04-04T10:54:40Z, azel, 217.924, 9.841, 0.003, -0.002
2026-04-04T10:54:45Z, azel, 217.940, 9.832, 0.003, -0.002
2026-04-04T10:54:50Z, azel, 217.956, 9.822, 0.003, -0.002
2026-04-04T10:54:55Z, azel, 217.973, 9.813, 0.003, -0.002
2026-04-04T10:55:00Z, azel, 217.989, 9.804, 0.003, -0.002
2026-04-04T10:55:05Z, azel, 218.005, 9.794, 0.003, -0.002
2026-04-04T10:55:10Z, azel, 218.021, 9.785, 0.003, -0.002
2026-04-04T10:55:15Z, azel, 218.037, 9.775, 0.003, -0.002
2026-04-04T10:55:20Z, azel, 218.053, 9.766, 0.003, -0.002
2026-04-04T10:55:25Z, azel, 218.070, 9.756, 0.003, -0.002
2026-04-04T10:55:30Z, azel, 218.086, 9.747, 0.003, -0.002
2026-04-04T10:55:35Z, azel, 218.102, 9.738, 0.003, -0.002
2026-04-04T10:55:40Z, azel, 218.118, 9.728, 0.003, -0.002
2026-04-04T10:55:45Z, azel, 218.134, 9.719, 0.003, -0.002
2026-04-04T10:55:50Z, azel, 218.151, 9.709, 0.003, -0.002
2026-04-04T10:55:55Z, azel, 218.167, 9.700, 0.003, -0.002
2026-04-04T10:56:00Z, azel, 218.183, 9.690, 0.003, -0.002
2026-04-04T10:56:05Z, azel, 218.199, 9.681, 0.003, -0.002
2026-04-04T10:56:10Z, azel, 218.215, 9.672, 0.003, -0.002
2026-04-04T10:56:15Z, azel, 218.231, 9.662, 0.003, -0.002
2026-04-04T10:56:20Z, azel, 218.247, 9.653, 0.003, -0.002
2026-04-04T10:56:25Z, azel, 218.264, 9.643, 0.003, -0.002
2026-04-04T10:56:30Z, azel, 218.280, 9.634, 0.003, -0.002
2026-04-04T10:56:35Z, azel, 218.296, 9.624, 0.003, -0.002
2026-04-04T10:56:40Z, azel, 218.312, 9.615, 0.003, -0.002
2026-04-04T10:56:45Z, azel, 218.328, 9.605, 0.003, -0.002
2026-04-04T10:56:50Z, azel, 218.344, 9.596, 0.003, -0.002
2026-04-04T10:56:55Z, azel, 218.360, 9.586, 0.003, -0.002
2026-04-04T10:57:00Z, azel, 218.377, 9.577, 0.003, -0.002
2026-04-04T10:57:05Z, azel, 218.393, 9.567, 0.003, -0.002
2026-04-04T10:57:10Z, azel, 218.409, 9.558, 0.003, -0.002
2026-04-04T10:57:15Z, azel, 218.425, 9.548, 0.003, -0.002
2026-04-04T10:57:20Z, azel, 218.441, 9.539, 0.003, -0.002
2026-04-04T10:57:25Z, azel, 218.457, 9.529, 0.003, -0.002
2026-04-04T10:57:30Z, azel, 218.473, 9.520, 0.003, -0.002
2026-04-04T10:57:35Z, azel, 218.489, 9.510, 0.003, -0.002
2026-04-04T10:57:40Z, azel, 218.506, 9.501, 0.003, -0.002
2026-04-04T10:57:45Z, azel, 218.522, 9.491, 0.003, -0.002
2026-04-04T10:57:50Z, azel, 218.538, 9.482, 0.003, -0.002
2026-04-04T10:57:55Z, azel, 218.554, 9.472, 0.003, -0.002
2026-04-04T10:58:00Z, azel, 218.570, 9.463, 0.003, -0.002
2026-04-04T10:58:05Z, azel, 218.586, 9.453, 0.003, -0.002
2026-04-04T10:58:10Z, azel, 218.602, 9.444, 0.003, -0.002
2026-04-04T10:58:15Z, azel, 218.618, 9.434, 0.003, -0.002
2026-04-04T10:58:20Z, azel, 218.634, 9.425, 0.003, -0.002
2026-04-04T10:58:25Z, azel, 218.650, 9.415, 0.003, -0.002
2026-04-04T10:58:30Z, azel, 218.666, 9.405, 0.003, -0.002
2026-04-04T10:58:35Z, azel, 218.683, 9.396, 0.003, -0.002
2026-04-04T10:58:40Z, azel, 218.699, 9.386, 0.003, -0.002
2026-04-04T10:58:45Z, azel, 218.715, 9.377, 0.003, -0.002
2026-04-04T10:58:50Z, azel, 218.731, 9.367, 0.003, -0.002
2026-04-04T10:58:55Z, azel, 218.747, 9.358, 0.003, -0.002
2026-04-04T10:59:00Z, azel, 218.763, 9.348, 0.003, -0.002
2026-04-04T10:59:05Z, azel, 218.779, 9.339, 0.003, -0.002
2026-04-04T10:59:10Z, azel, 218.795, 9.329, 0.003, -0.002
2026-04-04T10:59:15Z, azel, 218.811, 9.319, 0.003, -0.002
2026-04-04T10:59:20Z, azel, 218.827, 9.310, 0.003, -0.002
2026-04-04T10:59:25Z, azel, 218.843, 9.300, 0.003, -0.002
2026-04-04T10:59:30Z, azel, 218.859, 9.291, 0.003, -0.002
2026-04-04T10:59:35Z, azel, 218.875, 9.281, 0.003, -0.002
2026-04-04T10:59:40Z, azel, 218.891, 9.271, 0.003, -0.002
2026-04-04T10:59:45Z, azel, 218.907, 9.262, 0.003, -0.002
2026-04-04T10:59:50Z, azel, 218.923, 9.252, 0.003, -0.002
2026-04-04T10:59:55Z, azel, 218.939, 9.243, 0.003, -0.002
2026-04-04T11:00:00Z, azel, 218.956, 9.233, 0.003, -0.002
2026-04-04T11:00:05Z, azel, 218.972, 9.223, 0.003, -0.002
2026-04-04T11:00:10Z, azel, 218.988, 9.214, 0.003, -0.002
2026-04-04T11:00:15Z, azel, 219.004, 9.204, 0.003, -0.002
2026-04-04T11:00:20Z, azel, 219.020, 9.195, 0.003, -0.002
2026-04-04T11:00:25Z, azel, 219.036, 9.185, 0.003, -0.002
2026-04-04T11:00:30Z, azel, 219.052, 9.175, 0.003, -0.002
2026-04-04T11:00:35Z, azel, 219.068, 9.166, 0.003, -0.002
2026-04-04T11:00:40Z, azel, 219.084, 9.156, 0.003, -0.002
2026-04-04T11:00:45Z, azel, 219.100, 9.146, 0.003, -0.002
2026-04-04T11:00:50Z, azel, 219.116, 9.137, 0.003, -0.002
2026-04-04T11:00:55Z, azel, 219.132, 9.127, 0.003, -0.002
2026-04-04T11:01:00Z, azel, 219.148, 9.117, 0.003, -0.002
2026-04-04T11:01:05Z, azel, 219.164, 9.108, 0.003, -0.002
2026-04-04T11:01:10Z, azel, 219.180, 9.098, 0.003, -0.002
2026-04-04T11:01:15Z, azel, 219.196, 9.089, 0.003, -0.002
2026-04-04T11:01:20Z, azel, 219.212, 9.079, 0.003, -0.002
2026-04-04T11:01:25Z, azel, 219.228, 9.069, 0.003, -0.002
2026-04-04T11:01:30Z, azel, 219.244, 9.060, 0.003, -0.002
2026-04-04T11:01:35Z, azel, 219.260, 9.050, 0.003, -0.002
2026-04-04T11:01:40Z, azel, 219.276, 9.040, 0.003, -0.002
2026-04-04T11:01:45Z, azel, 219.292, 9.031, 0.003, -0.002
2026-04-04T11:01:50Z, azel, 219.308, 9.021, 0.003, -0.002
2026-04-04T11:01:55Z, azel, 219.324, 9.011, 0.003, -0.002
2026-04-04T11:02:00Z, azel, 219.340, 9.001, 0.003, -0.002
2026-04-04T11:02:05Z, azel, 219.356, 8.992, 0.003, -0.002
2026-04-04T11:02:10Z, azel, 219.372, 8.982, 0.003, -0.002
2026-04-04T11:02:15Z, azel, 219.388, 8.972, 0.003, -0.002
2026-04-04T11:02:20Z, azel, 219.404, 8.963, 0.003, -0.002
2026-04-04T11:02:25Z, azel, 219.420, 8.953, 0.003, -0.002
2026-04-04T11:02:30Z, azel, 219.435, 8.943, 0.003, -0.002
2026-04-04T11:02:35Z, azel, 219.451, 8.934, 0.003, -0.002
2026-04-04T11:02:40Z, azel, 219.467, 8.924, 0.003, -0.002
2026-04-04T11:02:45Z, azel, 219.483, 8.914, 0.003, -0.002
2026-04-04T11:02:50Z, azel, 219.499, 8.904, 0.003, -0.002
2026-04-04T11:02:55Z, azel, 219.515, 8.895, 0.003, -0.002
2026-04-04T11:03:00Z, azel, 219.531, 8.885, 0.003, -0.002
2026-04-04T11:03:05Z, azel, 219.547, 8.875, 0.003, -0.002
2026-04-04T11:03:10Z, azel, 219.563, 8.866, 0.003, -0.002
2026-04-04T11:03:15Z, azel, 219.579, 8.856, 0.003, -0.002
2026-04-04T11:03:20Z, azel, 219.595, 8.846, 0.003, -0.002
2026-04-04T11:03:25Z, azel, 219.611, 8.836, 0.003, -0.002
2026-04-04T11:03:30Z, azel, 219.627, 8.827, 0.003, -0.002
2026-04-04T11:03:35Z, azel, 219.643, 8.817, 0.003, -0.002
2026-04-04T11:03:40Z, azel, 219.659, 8.807, 0.003, -0.002
2026-04-04T11:03:45Z, azel, 219.675, 8.797, 0.003, -0.002
2026-04-04T11:03:50Z, azel, 219.691, 8.788, 0.003, -0.002
2026-04-04T11:03:55Z, azel, 219.706, 8.778, 0.003, -0.002
2026-04-04T11:04:00Z, azel, 219.722, 8.768, 0.003, -0.002
2026-04-04T11:04:05Z, azel, 219.738, 8.758, 0.003, -0.002
2026-04-04T11:04:10Z, azel, 219.754, 8.749, 0.003, -0.002
2026-04-04T11:04:15Z, azel, 219.770, 8.739, 0.003, -0.002
2026-04-04T11:04:20Z, azel, 219.786, 8.729, 0.003, -0.002
2026-04-04T11:04:25Z, azel, 219.802, 8.719, 0.003, -0.002
2026-04-04T11:04:30Z, azel, 219.818, 8.709, 0.003, -0.002
2026-04-04T11:04:35Z, azel, 219.834, 8.700, 0.003, -0.002
2026-04-04T11:04:40Z, azel, 219.850, 8.690, 0.003, -0.002
2026-04-04T11:04:45Z, azel, 219.865, 8.680, 0.003, -0.002
2026-04-04T11:04:50Z, azel, 219.881, 8.670, 0.003, -0.002
2026-04-04T11:04:55Z, azel, 219.897, 8.660, 0.003, -0.002
2026-04-04T11:05:00Z, azel, 219.913, 8.651, 0.003, -0.002
2026-04-04T11:05:05Z, azel, 219.929, 8.641, 0.003, -0.002
2026-04-04T11:05:10Z, azel, 219.945, 8.631, 0.003, -0.002
2026-04-04T11:05:15Z, azel, 219.961, 8.621, 0.003, -0.002
2026-04-04T11:05:20Z, azel, 219.977, 8.611, 0.003, -0.002
2026-04-04T11:05:25Z, azel, 219.993, 8.602, 0.003, -0.002
2026-04-04T11:05:30Z, azel, 220.008, 8.592, 0.003, -0.002
2026-04-04T11:05:35Z, azel, 220.024, 8.582, 0.003, -0.002
2026-04-04T11:05:40Z, azel, 220.040, 8.572, 0.003, -0.002
2026-04-04T11:05:45Z, azel, 220.056, 8.562, 0.003, -0.002
2026-04-04T11:05:50Z, azel, 220.072, 8.552, 0.003, -0.002
2026-04-04T11:05:55Z, azel, 220.088, 8.543, 0.003, -0.002
2026-04-04T11:06:00Z, azel, 220.104, 8.533, 0.003, -0.002
2026-04-04T11:06:05Z, azel, 220.119, 8.523, 0.003, -0.002
2026-04-04T11:06:10Z, azel, 220.135, 8.513, 0.003, -0.002
2026-04-04T11:06:15Z, azel, 220.151, 8.503, 0.003, -0.002
2026-04-04T11:06:20Z, azel, 220.167, 8.493, 0.003, -0.002
2026-04-04T11:06:25Z, azel, 220.183, 8.484, 0.003, -0.002
2026-04-04T11:06:30Z, azel, 220.199, 8.474, 0.003, -0.002
2026-04-04T11:06:35Z, azel, 220.214, 8.464, 0.003, -0.002
2026-04-04T11:06:40Z, azel, 220.230, 8.454, 0.003, -0.002
2026-04-04T11:06:45Z, azel, 220.246, 8.444, 0.003, -0.002
2026-04-04T11:06:50Z, azel, 220.262, 8.434, 0.003, -0.002
2026-04-04T11:06:55Z, azel, 220.278, 8.424, 0.003, -0.002
2026-04-04T11:07:00Z, azel, 220.294, 8.414, 0.003, -0.002
2026-04-04T11:07:05Z, azel, 220.309, 8.405, 0.003, -0.002
2026-04-04T11:07:10Z, azel, 220.325, 8.395, 0.003, -0.002
2026-04-04T11:07:15Z, azel, 220.341, 8.385, 0.003, -0.002
2026-04-04T11:07:20Z, azel, 220.357, 8.375, 0.003, -0.002
2026-04-04T11:07:25Z, azel, 220.373, 8.365, 0.003, -0.002
2026-04-04T11:07:30Z, azel, 220.389, 8.355, 0.003, -0.002
2026-04-04T11:07:35Z, azel, 220.404, 8.345, 0.003, -0.002
2026-04-04T11:07:40Z, azel, 220.420, 8.335, 0.003, -0.002
2026-04-04T11:07:45Z, azel, 220.436, 8.325, 0.003, -0.002
2026-04-04T11:07:50Z, azel, 220.452, 8.316, 0.003, -0.002
2026-04-04T11:07:55Z, azel, 220.468, 8.306, 0.003, -0.002
2026-04-04T11:08:00Z, azel, 220.483, 8.296, 0.003, -0.002
2026-04-04T11:08:05Z, azel, 220.499, 8.286, 0.003, -0.002
2026-04-04T11:08:10Z, azel, 220.515, 8.276, 0.003, -0.002
2026-04-04T11:08:15Z, azel, 220.531, 8.266, 0.003, -0.002
2026-04-04T11:08:20Z, azel, 220.546, 8.256, 0.003, -0.002
2026-04-04T11:08:25Z, azel, 220.562, 8.246, 0.003, -0.002
2026-04-04T11:08:30Z, azel, 220.578, 8.236, 0.003, -0.002
2026-04-04T11:08:35Z, azel, 220.594, 8.226, 0.003, -0.002
2026-04-04T11:08:40Z, azel, 220.610, 8.216, 0.003, -0.002
2026-04-04T11:08:45Z, azel, 220.625, 8.206, 0.003, -0.002
2026-04-04T11:08:50Z, azel, 220.641, 8.196, 0.003, -0.002
2026-04-04T11:08:55Z, azel, 220.657, 8.186, 0.003, -0.002
2026-04-04T11:09:00Z, azel, 220.673, 8.176, 0.003, -0.002
2026-04-04T11:09:05Z, azel, 220.688, 8.166, 0.003, -0.002
2026-04-04T11:09:10Z, azel, 220.704, 8.157, 0.003, -0.002
2026-04-04T11:09:15Z, azel, 220.720, 8.147, 0.003, -0.002
2026-04-04T11:09:20Z, azel, 220.736, 8.137, 0.003, -0.002
2026-04-04T11:09:25Z, azel, 220.751, 8.127, 0.003, -0.002
2026-04-04T11:09:30Z, azel, 220.767, 8.117, 0.003, -0.002
2026-04-04T11:09:35Z, azel, 220.783, 8.107, 0.003, -0.002
2026-04-04T11:09:40Z, azel, 220.799, 8.097, 0.003, -0.002
2026-04-04T11:09:45Z, azel, 220.814, 8.087, 0.003, -0.002
2026-04-04T11:09:50Z, azel, 220.830, 8.077, 0.003, -0.002
2026-04-04T11:09:55Z, azel, 220.846, 8.067, 0.003, -0.002
2026-04-04T11:10:00Z, azel, 220.862, 8.057, 0.003, -0.002
2026-04-04T11:10:05Z, azel, 220.877, 8.047, 0.003, -0.002
2026-04-04T11:10:10Z, azel, 220.893, 8.037, 0.003, -0.002
2026-04-04T11:10:15Z, azel, 220.909, 8.027, 0.003, -0.002
2026-04-04T11:10:20Z, azel, 220.925, 8.017, 0.003, -0.002
2026-04-04T11:10:25Z, azel, 220.940, 8.007, 0.003, -0.002
2026-04-04T11:10:30Z, azel, 220.956, 7.997, 0.003, -0.002
2026-04-04T11:10:35Z, azel, 220.972, 7.987, 0.003, -0.002
2026-04-04T11:10:40Z, azel, 220.987, 7.977, 0.003, -0.002
2026-04-04T11:10:45Z, azel, 221.003, 7.967, 0.003, -0.002
2026-04-04T11:10:50Z, azel, 221.019, 7.957, 0.003, -0.002
2026-04-04T11:10:55Z, azel, 221.035, 7.947, 0.003, -0.002
2026-04-04T11:11:00Z, azel, 221.050, 7.937, 0.003, -0.002
2026-04-04T11:11:05Z, azel, 221.066, 7.927, 0.003, -0.002
2026-04-04T11:11:10Z, azel, 221.082, 7.917, 0.003, -0.002
2026-04-04T11:11:15Z, azel, 221.097, 7.907, 0.003, -0.002
2026-04-04T11:11:20Z, azel, 221.113, 7.896, 0.003, -0.002
2026-04-04T11:11:25Z, azel, 221.129, 7.886, 0.003, -0.002
2026-04-04T11:11:30Z, azel, 221.144, 7.876, 0.003, -0.002
2026-04-04T11:11:35Z, azel, 221.160, 7.866, 0.003, -0.002
2026-04-04T11:11:40Z, azel, 221.176, 7.856, 0.003, -0.002
2026-04-04T11:11:45Z, azel, 221.191, 7.846, 0.003, -0.002
2026-04-04T11:11:50Z, azel, 221.207, 7.836, 0.003, -0.002
2026-04-04T11:11:55Z, azel, 221.223, 7.826, 0.003, -0.002
2026-04-04T11:12:00Z, azel, 221.238, 7.816, 0.003, -0.002
2026-04-04T11:12:05Z, azel, 221.254, 7.806, 0.003, -0.002
2026-04-04T11:12:10Z, azel, 221.270, 7.796, 0.003, -0.002
2026-04-04T11:12:15Z, azel, 221.285, 7.786, 0.003, -0.002
2026-04-04T11:12:20Z, azel, 221.301, 7.776, 0.003, -0.002
2026-04-04T11:12:25Z, azel, 221.317, 7.766, 0.003, -0.002
2026-04-04T11:12:30Z, azel, 221.332, 7.756, 0.003, -0.002
2026-04-04T11:12:35Z, azel, 221.348, 7.746, 0.003, -0.002
2026-04-04T11:12:40Z, azel, 221.364, 7.735, 0.003, -0.002
2026-04-04T11:12:45Z, azel, 221.379, 7.725, 0.003, -0.002
2026-04-04T11:12:50Z, azel, 221.395, 7.715, 0.003, -0.002
2026-04-04T11:12:55Z, azel, 221.411, 7.705, 0.003, -0.002
2026-04-04T11:13:00Z, azel, 221.426, 7.695, 0.003, -0.002
2026-04-04T11:13:05Z, azel, 221.442, 7.685, 0.003, -0.002
2026-04-04T11:13:10Z, azel, 221.458, 7.675, 0.003, -0.002
2026-04-04T11:13:15Z, azel, 221.473, 7.665, 0.003, -0.002
2026-04-04T11:13:20Z, azel, 221.489, 7.655, 0.003, -0.002
2026-04-04T11:13:25Z, azel, 221.505, 7.644, 0.003, -0.002
2026-04-04T11:13:30Z, azel, 221.520, 7.634, 0.003, -0.002
2026-04-04T11:13:35Z, azel, 221.536, 7.624, 0.003, -0.002
2026-04-04T11:13:40Z, azel, 221.551, 7.614, 0.003, -0.002
2026-04-04T11:13:45Z, azel, 221.567, 7.604, 0.003, -0.002
2026-04-04T11:13:50Z, azel, 221.583, 7.594, 0.003, -0.002
2026-04-04T11:13:55Z, azel, 221.598, 7.584, 0.003, -0.002
2026-04-04T11:14:00Z, azel, 221.614, 7.574, 0.003, -0.002
2026-04-04T11:14:05Z, azel, 221.630, 7.563, 0.003, -0.002
2026-04-04T11:14:10Z, azel, 221.645, 7.553, 0.003, -0.002
2026-04-04T11:14:15Z, azel, 221.661, 7.543, 0.003, -0.002
2026-04-04T11:14:20Z, azel, 221.676, 7.533, 0.003, -0.002
2026-04-04T11:14:25Z, azel, 221.692, 7.523, 0.003, -0.002
2026-04-04T11:14:30Z, azel, 221.708, 7.513, 0.003, -0.002
2026-04-04T11:14:35Z, azel, 221.723, 7.502, 0.003, -0.002
2026-04-04T11:14:40Z, azel, 221.739, 7.492, 0.003, -0.002
2026-04-04T11:14:45Z, azel, 221.754, 7.482, 0.003, -0.002
2026-04-04T11:14:50Z, azel, 221.770, 7.472, 0.003, -0.002
2026-04-04T11:14:55Z, azel, 221.786, 7.462, 0.003, -0.002
2026-04-04T11:15:00Z, azel, 221.801, 7.452, 0.003, -0.002
2026-04-04T11:15:05Z, azel, 221.817, 7.441, 0.003, -0.002
2026-04-04T11:15:10Z, azel, 221.832, 7.431, 0.003, -0.002
2026-04-04T11:15:15Z, azel, 221.848, 7.421, 0.003, -0.002
2026-04-04T11:15:20Z, azel, 221.863, 7.411, 0.003, -0.002
2026-04-04T11:15:25Z, azel, 221.879, 7.401, 0.003, -0.002
2026-04-04T11:15:30Z, azel, 221.895, 7.391, 0.003, -0.002
2026-04-04T11:15:35Z, azel, 221.910, 7.380, 0.003, -0.002
2026-04-04T11:15:40Z, azel, 221.926, 7.370, 0.003, -0.002
2026-04-04T11:15:45Z, azel, 221.941, 7.360, 0.003, -0.002
2026-04-04T11:15:50Z, azel, 221.957, 7.350, 0.003, -0.002
2026-04-04T11:15:55Z, azel, 221.972, 7.340, 0.003, -0.002
2026-04-04T11:16:00Z, azel, 221.988, 7.329, 0.003, -0.002
2026-04-04T11:16:05Z, azel, 222.003, 7.319, 0.003, -0.002
2026-04-04T11:16:10Z, azel, 222.019, 7.309, 0.003, -0.002
2026-04-04T11:16:15Z, azel, 222.035, 7.299, 0.003, -0.002
2026-04-04T11:16:20Z, azel, 222.050, 7.288, 0.003, -0.002
2026-04-04T11:16:25Z, azel, 222.066, 7.278, 0.003, -0.002
2026-04-04T11:16:30Z, azel, 222.081, 7.268, 0.003, -0.002
2026-04-04T11:16:35Z, azel, 222.097, 7.258, 0.003, -0.002
2026-04-04T11:16:40Z, azel, 222.112, 7.247, 0.003, -0.002
2026-04-04T11:16:45Z, azel, 222.128, 7.237, 0.003, -0.002
2026-04-04T11:16:50Z, azel, 222.143, 7.227, 0.003, -0.002
2026-04-04T11:16:55Z, azel, 222.159, 7.217, 0.003, -0.002
2026-04-04T11:17:00Z, azel, 222.174, 7.207, 0.003, -0.002
2026-04-04T11:17:05Z, azel, 222.190, 7.196, 0.003, -0.002
2026-04-04T11:17:10Z, azel, 222.205, 7.186, 0.003, -0.002
2026-04-04T11:17:15Z, azel, 222.221, 7.176, 0.003, -0.002
2026-04-04T11:17:20Z, azel, 222.236, 7.165, 0.003, -0.002
2026-04-04T11:17:25Z, azel, 222.252, 7.155, 0.003, -0.002
2026-04-04T11:17:30Z, azel, 222.267, 7.145, 0.003, -0.002
2026-04-04T11:17:35Z, azel, 222.283, 7.135, 0.003, -0.002
2026-04-04T11:17:40Z, azel, 222.298, 7.124, 0.003, -0.002
2026-04-04T11:17:45Z, azel, 222.314, 7.114, 0.003, -0.002
2026-04-04T11:17:50Z, azel, 222.329, 7.104, 0.003, -0.002
2026-04-04T11:17:55Z, azel, 222.345, 7.094, 0.003, -0.002
2026-04-04T11:18:00Z, azel, 222.360, 7.083, 0.003, -0.002
2026-04-04T11:18:05Z, azel, 222.376, 7.073, 0.003, -0.002
2026-04-04T11:18:10Z, azel, 222.391, 7.063, 0.003, -0.002
2026-04-04T11:18:15Z, azel, 222.407, 7.052, 0.003, -0.002
2026-04-04T11:18:20Z, azel, 222.422, 7.042, 0.003, -0.002
2026-04-04T11:18:25Z, azel, 222.438, 7.032, 0.003, -0.002
2026-04-04T11:18:30Z, azel, 222.453, 7.022, 0.003, -0.002
2026-04-04T11:18:35Z, azel, 222.469, 7.011, 0.003, -0.002
2026-04-04T11:18:40Z, azel, 222.484, 7.001, 0.003, -0.002
2026-04-04T11:18:45Z, azel, 222.500, 6.991, 0.003, -0.002
2026-04-04T11:18:50Z, azel, 222.515, 6.980, 0.003, -0.002
2026-04-04T11:18:55Z, azel, 222.531, 6.970, 0.003, -0.002
2026-04-04T11:19:00Z, azel, 222.546, 6.960, 0.003, -0.002
2026-04-04T11:19:05Z, azel, 222.562, 6.949, 0.003, -0.002
2026-04-04T11:19:10Z, azel, 222.577, 6.939, 0.003, -0.002
2026-04-04T11:19:15Z, azel, 222.593, 6.929, 0.003, -0.002
2026-04-04T11:19:20Z, azel, 222.608, 6.918, 0.003, -0.002
2026-04-04T11:19:25Z, azel, 222.624, 6.908, 0.003, -0.002
2026-04-04T11:19:30Z, azel, 222.639, 6.898, 0.003, -0.002
2026-04-04T11:19:35Z, azel, 222.654, 6.887, 0.003, -0.002
2026-04-04T11:19:40Z, azel, 222.670, 6.877, 0.003, -0.002
2026-04-04T11:19:45Z, azel, 222.685, 6.867, 0.003, -0.002
2026-04-04T11:19:50Z, azel, 222.701, 6.856, 0.003, -0.002
2026-04-04T11:19:55Z, azel, 222.716, 6.846, 0.003, -0.002
2026-04-04T11:20:00Z, azel, 222.732, 6.836, 0.003, -0.002
2026-04-04T11:20:05Z, azel, 222.747, 6.825, 0.003, -0.002
2026-04-04T11:20:10Z, azel, 222.762, 6.815, 0.003, -0.002
2026-04-04T11:20:15Z, azel, 222.778, 6.804, 0.003, -0.002
2026-04-04T11:20:20Z, azel, 222.793, 6.794, 0.003, -0.002
2026-04-04T11:20:25Z, azel, 222.809, 6.784, 0.003, -0.002
2026-04-04T11:20:30Z, azel, 222.824, 6.773, 0.003, -0.002
2026-04-04T11:20:35Z, azel, 222.840, 6.763, 0.003, -0.002
2026-04-04T11:20:40Z, azel, 222.855, 6.753, 0.003, -0.002
2026-04-04T11:20:45Z, azel, 222.870, 6.742, 0.003, -0.002
2026-04-04T11:20:50Z, azel, 222.886, 6.732, 0.003, -0.002
2026-04-04T11:20:55Z, azel, 222.901, 6.721, 0.003, -0.002
2026-04-04T11:21:00Z, azel, 222.917, 6.711, 0.003, -0.002
2026-04-04T11:21:05Z, azel, 222.932, 6.701, 0.003, -0.002
2026-04-04T11:21:10Z, azel, 222.947, 6.690, 0.003, -0.002
2026-04-04T11:21:15Z, azel, 222.963, 6.680, 0.003, -0.002
2026-04-04T11:21:20Z, azel, 222.978, 6.669, 0.003, -0.002
2026-04-04T11:21:25Z, azel, 222.994, 6.659, 0.003, -0.002
2026-04-04T11:21:30Z, azel, 223.009, 6.649, 0.003, -0.002
2026-04-04T11:21:35Z, azel, 223.024, 6.638, 0.003, -0.002
2026-04-04T11:21:40Z, azel, 223.040, 6.628, 0.003, -0.002
2026-04-04T11:21:45Z, azel, 223.055, 6.617, 0.003, -0.002
2026-04-04T11:21:50Z, azel, 223.071, 6.607, 0.003, -0.002
2026-04-04T11:21:55Z, azel, 223.086, 6.597, 0.003, -0.002
2026-04-04T11:22:00Z, azel, 223.101, 6.586, 0.003, -0.002
2026-04-04T11:22:05Z, azel, 223.117, 6.576, 0.003, -0.002
2026-04-04T11:22:10Z, azel, 223.132, 6.565, 0.003, -0.002
2026-04-04T11:22:15Z, azel, 223.147, 6.555, 0.003, -0.002
2026-04-04T11:22:20Z, azel, 223.163, 6.544, 0.003, -0.002
2026-04-04T11:22:25Z, azel, 223.178, 6.534, 0.003, -0.002
2026-04-04T11:22:30Z, azel, 223.194, 6.524, 0.003, -0.002
2026-04-04T11:22:35Z, azel, 223.209, 6.513, 0.003, -0.002
2026-04-04T11:22:40Z, azel, 223.224, 6.503, 0.003, -0.002
2026-04-04T11:22:45Z, azel, 223.240, 6.492, 0.003, -0.002
2026-04-04T11:22:50Z, azel, 223.255, 6.482, 0.003, -0.002
2026-04-04T11:22:55Z, azel, 223.270, 6.471, 0.003, -0.002
2026-04-04T11:23:00Z, azel, 223.286, 6.461, 0.003, -0.002
2026-04-04T11:23:05Z, azel, 223.301, 6.450, 0.003, -0.002
2026-04-04T11:23:10Z, azel, 223.316, 6.440, 0.003, -0.002
2026-04-04T11:23:15Z, azel, 223.332, 6.429, 0.003, -0.002
2026-04-04T11:23:20Z, azel, 223.347, 6.419, 0.003, -0.002
2026-04-04T11:23:25Z, azel, 223.362, 6.408, 0.003, -0.002
2026-04-04T11:23:30Z, azel, 223.378, 6.398, 0.003, -0.002
2026-04-04T11:23:35Z, azel, 223.393, 6.387, 0.003, -0.002
2026-04-04T11:23:40Z, azel, 223.408, 6.377, 0.003, -0.002
2026-04-04T11:23:45Z, azel, 223.424, 6.366, 0.003, -0.002
2026-04-04T11:23:50Z, azel, 223.439, 6.356, 0.003, -0.002
2026-04-04T11:23:55Z, azel, 223.454, 6.346, 0.003, -0.002
2026-04-04T11:24:00Z, azel, 223.470, 6.335, 0.003, -0.002
2026-04-04T11:24:05Z, azel, 223.485, 6.325, 0.003, -0.002
2026-04-04T11:24:10Z, azel, 223.500, 6.314, 0.003, -0.002
2026-04-04T11:24:15Z, azel, 223.516, 6.303, 0.003, -0.002
2026-04-04T11:24:20Z, azel, 223.531, 6.293, 0.003, -0.002
2026-04-04T11:24:25Z, azel, 223.546, 6.282, 0.003, -0.002
2026-04-04T11:24:30Z, azel, 223.562, 6.272, 0.003, -0.002
2026-04-04T11:24:35Z, azel, 223.577, 6.261, 0.003, -0.002
2026-04-04T11:24:40Z, azel, 223.592, 6.251, 0.003, -0.002
2026-04-04T11:24:45Z, azel, 223.607, 6.240, 0.003, -0.002
2026-04-04T11:24:50Z, azel, 223.623, 6.230, 0.003, -0.002
2026-04-04T11:24:55Z, azel, 223.638, 6.219, 0.003, -0.002
2026-04-04T11:25:00Z, azel, 223.653, 6.209, 0.003, -0.002
2026-04-04T11:25:05Z, azel, 223.669, 6.198, 0.003, -0.002
2026-04-04T11:25:10Z, azel, 223.684, 6.188, 0.003, -0.002
2026-04-04T11:25:15Z, azel, 223.699, 6.177, 0.003, -0.002
2026-04-04T11:25:20Z, azel, 223.714, 6.167, 0.003, -0.002
2026-04-04T11:25:25Z, azel, 223.730, 6.156, 0.003, -0.002
2026-04-04T11:25:30Z, azel, 223.745, 6.146, 0.003, -0.002
2026-04-04T11:25:35Z, azel, 223.760, 6.135, 0.003, -0.002
2026-04-04T11:25:40Z, azel, 223.776, 6.124, 0.003, -0.002
2026-04-04T11:25:45Z, azel, 223.791, 6.114, 0.003, -0.002
2026-04-04T11:25:50Z, azel, 223.806, 6.103, 0.003, -0.002
2026-04-04T11:25:55Z, azel, 223.821, 6.093, 0.003, -0.002
2026-04-04T11:26:00Z, azel, 223.837, 6.082, 0.003, -0.002
2026-04-04T11:26:05Z, azel, 223.852, 6.072, 0.003, -0.002
2026-04-04T11:26:10Z, azel, 223.867, 6.061, 0.003, -0.002
2026-04-04T11:26:15Z, azel, 223.882, 6.050, 0.003, -0.002
2026-04-04T11:26:20Z, azel, 223.898, 6.040, 0.003, -0.002
2026-04-04T11:26:25Z, azel, 223.913, 6.029, 0.003, -0.002
2026-04-04T11:26:30Z, azel, 223.928, 6.019, 0.003, -0.002
2026-04-04T11:26:35Z, azel, 223.943, 6.008, 0.003, -0.002
2026-04-04T11:26:40Z, azel, 223.959, 5.998, 0.003, -0.002
2026-04-04T11:26:45Z, azel, 223.974, 5.987, 0.003, -0.002
2026-04-04T11:26:50Z, azel, 223.989, 5.976, 0.003, -0.002
2026-04-04T11:26:55Z, azel, 224.004, 5.966, 0.003, -0.002
2026-04-04T11:27:00Z, azel, 224.019, 5.955, 0.003, -0.002
2026-04-04T11:27:05Z, azel, 224.035, 5.945, 0.003, -0.002
2026-04-04T11:27:10Z, azel, 224.050, 5.934, 0.003, -0.002
2026-04-04T11:27:15Z, azel, 224.065, 5.923, 0.003, -0.002
2026-04-04T11:27:20Z, azel, 224.080, 5.913, 0.003, -0.002
2026-04-04T11:27:25Z, azel, 224.096, 5.902, 0.003, -0.002
2026-04-04T11:27:30Z, azel, 224.111, 5.892, 0.003, -0.002
2026-04-04T11:27:35Z, azel, 224.126, 5.881, 0.003, -0.002
2026-04-04T11:27:40Z, azel, 224.141, 5.870, 0.003, -0.002
2026-04-04T11:27:45Z, azel, 224.156, 5.860, 0.003, -0.002
2026-04-04T11:27:50Z, azel, 224.172, 5.849, 0.003, -0.002
2026-04-04T11:27:55Z, azel, 224.187, 5.838, 0.003, -0.002
2026-04-04T11:28:00Z, azel, 224.202, 5.828, 0.003, -0.002
2026-04-04T11:28:05Z, azel, 224.217, 5.817, 0.003, -0.002
2026-04-04T11:28:10Z, azel, 224.232, 5.806, 0.003, -0.002
2026-04-04T11:28:15Z, azel, 224.248, 5.796, 0.003, -0.002
2026-04-04T11:28:20Z, azel, 224.263, 5.785, 0.003, -0.002
2026-04-04T11:28:25Z, azel, 224.278, 5.775, 0.003, -0.002
2026-04-04T11:28:30Z, azel, 224.293, 5.764, 0.003, -0.002
2026-04-04T11:28:35Z, azel, 224.308, 5.753, 0.003, -0.002
2026-04-04T11:28:40Z, azel, 224.324, 5.743, 0.003, -0.002
2026-04-04T11:28:45Z, azel, 224.339, 5.732, 0.003, -0.002
2026-04-04T11:28:50Z, azel, 224.354, 5.721, 0.003, -0.002
2026-04-04T11:28:55Z, azel, 224.369, 5.711, 0.003, -0.002
2026-04-04T11:29:00Z, azel, 224.384, 5.700, 0.003, -0.002
2026-04-04T11:29:05Z, azel, 224.399, 5.689, 0.003, -0.002
2026-04-04T11:29:10Z, azel, 224.415, 5.679, 0.003, -0.002
2026-04-04T11:29:15Z, azel, 224.430, 5.668, 0.003, -0.002
2026-04-04T11:29:20Z, azel, 224.445, 5.657, 0.003, -0.002
2026-04-04T11:29:25Z, azel, 224.460, 5.647, 0.003, -0.002
2026-04-04T11:29:30Z, azel, 224.475, 5.636, 0.003, -0.002
2026-04-04T11:29:35Z, azel, 224.490, 5.625, 0.003, -0.002
2026-04-04T11:29:40Z, azel, 224.506, 5.614, 0.003, -0.002
2026-04-04T11:29:45Z, azel, 224.521, 5.604, 0.003, -0.002
2026-04-04T11:29:50Z, azel, 224.536, 5.593, 0.003, -0.002
2026-04-04T11:29:55Z, azel, 224.551, 5.582, 0.003, -0.002
2026-04-04T11:30:00Z, azel, 224.566, 5.572, 0.003, -0.002
2026-04-04T11:30:05Z, azel, 224.581, 5.561, 0.003, -0.002
2026-04-04T11:30:10Z, azel, 224.596, 5.550, 0.003, -0.002
2026-04-04T11:30:15Z, azel, 224.612, 5.540, 0.003, -0.002
2026-04-04T11:30:20Z, azel, 224.627, 5.529, 0.003, -0.002
2026-04-04T11:30:25Z, azel, 224.642, 5.518, 0.003, -0.002
2026-04-04T11:30:30Z, azel, 224.657, 5.507, 0.003, -0.002
2026-04-04T11:30:35Z, azel, 224.672, 5.497, 0.003, -0.002
2026-04-04T11:30:40Z, azel, 224.687, 5.486, 0.003, -0.002
2026-04-04T11:30:45Z, azel, 224.702, 5.475, 0.003, -0.002
2026-04-04T11:30:50Z, azel, 224.718, 5.464, 0.003, -0.002
2026-04-04T11:30:55Z, azel, 224.733, 5.454, 0.003, -0.002
2026-04-04T11:31:00Z, azel, 224.748, 5.443, 0.003, -0.002
2026-04-04T11:31:05Z, azel, 224.763, 5.432, 0.003, -0.002
2026-04-04T11:31:10Z, azel, 224.778, 5.422, 0.003, -0.002
2026-04-04T11:31:15Z, azel, 224.793, 5.411, 0.003, -0.002
2026-04-04T11:31:20Z, azel, 224.808, 5.400, 0.003, -0.002
2026-04-04T11:31:25Z, azel, 224.823, 5.389, 0.003, -0.002
2026-04-04T11:31:30Z, azel, 224.838, 5.379, 0.003, -0.002
2026-04-04T11:31:35Z, azel, 224.854, 5.368, 0.003, -0.002
2026-04-04T11:31:40Z, azel, 224.869, 5.357, 0.003, -0.002
2026-04-04T11:31:45Z, azel, 224.884, 5.346, 0.003, -0.002
2026-04-04T11:31:50Z, azel, 224.899, 5.335, 0.003, -0.002
2026-04-04T11:31:55Z, azel, 224.914, 5.325, 0.003, -0.002
2026-04-04T11:32:00Z, azel, 224.929, 5.314, 0.003, -0.002
2026-04-04T11:32:05Z, azel, 224.944, 5.303, 0.003, -0.002
2026-04-04T11:32:10Z, azel, 224.959, 5.292, 0.003, -0.002
2026-04-04T11:32:15Z, azel, 224.974, 5.282, 0.003, -0.002
2026-04-04T11:32:20Z, azel, 224.989, 5.271, 0.003, -0.002
2026-04-04T11:32:25Z, azel, 225.004, 5.260, 0.003, -0.002
2026-04-04T11:32:30Z, azel, 225.019, 5.249, 0.003, -0.002
2026-04-04T11:32:35Z, azel, 225.035, 5.238, 0.003, -0.002
2026-04-04T11:32:40Z, azel, 225.050, 5.228, 0.003, -0.002
2026-04-04T11:32:45Z, azel, 225.065, 5.217, 0.003, -0.002
2026-04-04T11:32:50Z, azel, 225.080, 5.206, 0.003, -0.002
2026-04-04T11:32:55Z, azel, 225.095, 5.195, 0.003, -0.002
2026-04-04T11:33:00Z, azel, 225.110, 5.184, 0.003, -0.002
2026-04-04T11:33:05Z, azel, 225.125, 5.174, 0.003, -0.002
2026-04-04T11:33:10Z, azel, 225.140, 5.163, 0.003, -0.002
2026-04-04T11:33:15Z, azel, 225.155, 5.152, 0.003, -0.002
2026-04-04T11:33:20Z, azel, 225.170, 5.141, 0.003, -0.002
2026-04-04T11:33:25Z, azel, 225.185, 5.130, 0.003, -0.002
2026-04-04T11:33:30Z, azel, 225.200, 5.120, 0.003, -0.002
2026-04-04T11:33:35Z, azel, 225.215, 5.109, 0.003, -0.002
2026-04-04T11:33:40Z, azel, 225.230, 5.098, 0.003, -0.002
2026-04-04T11:33:45Z, azel, 225.245, 5.087, 0.003, -0.002
2026-04-04T11:33:50Z, azel, 225.260, 5.076, 0.003, -0.002
2026-04-04T11:33:55Z, azel, 225.275, 5.065, 0.003, -0.002
2026-04-04T11:34:00Z, azel, 225.290, 5.055, 0.003, -0.002
2026-04-04T11:34:05Z, azel, 225.305, 5.044, 0.003, -0.002
2026-04-04T11:34:10Z, azel, 225.320, 5.033, 0.003, -0.002
2026-04-04T11:34:15Z, azel, 225.335, 5.022, 0.003, -0.002
2026-04-04T11:34:20Z, azel, 225.350, 5.011, 0.003, -0.002
2026-04-04T11:34:25Z, azel, 225.365, 5.000, 0.003, -0.002
2026-04-04T11:34:30Z, azel, 225.380, 4.990, 0.003, -0.002
2026-04-04T11:34:35Z, azel, 225.395, 4.979, 0.003, -0.002
2026-04-04T11:34:40Z, azel, 225.411, 4.968, 0.003, -0.002
2026-04-04T11:34:45Z, azel, 225.426, 4.957, 0.003, -0.002
2026-04-04T11:34:50Z, azel, 225.441, 4.946, 0.003, -0.002
2026-04-04T11:34:55Z, azel, 225.456, 4.935, 0.003, -0.002
2026-04-04T11:35:00Z, azel, 225.471, 4.924, 0.003, -0.002
2026-04-04T11:35:05Z, azel, 225.486, 4.913, 0.003, -0.002
2026-04-04T11:35:10Z, azel, 225.501, 4.903, 0.003, -0.002
2026-04-04T11:35:15Z, azel, 225.516, 4.892, 0.003, -0.002
2026-04-04T11:35:20Z, azel, 225.531, 4.881, 0.003, -0.002
2026-04-04T11:35:25Z, azel, 225.546, 4.870, 0.003, -0.002
2026-04-04T11:35:30Z, azel, 225.560, 4.859, 0.003, -0.002
2026-04-04T11:35:35Z, azel, 225.575, 4.848, 0.003, -0.002
2026-04-04T11:35:40Z, azel, 225.590, 4.837, 0.003, -0.002
2026-04-04T11:35:45Z, azel, 225.605, 4.826, 0.003, -0.002
2026-04-04T11:35:50Z, azel, 225.620, 4.815, 0.003, -0.002
2026-04-04T11:35:55Z, azel, 225.635, 4.805, 0.003, -0.002
2026-04-04T11:36:00Z, azel, 225.650, 4.794, 0.003, -0.002
2026-04-04T11:36:05Z, azel, 225.665, 4.783, 0.003, -0.002
2026-04-04T11:36:10Z, azel, 225.680, 4.772, 0.003, -0.002
2026-04-04T11:36:15Z, azel, 225.695, 4.761, 0.003, -0.002
2026-04-04T11:36:20Z, azel, 225.710, 4.750, 0.003, -0.002
2026-04-04T11:36:25Z, azel, 225.725, 4.739, 0.003, -0.002
2026-04-04T11:36:30Z, azel, 225.740, 4.728, 0.003, -0.002
2026-04-04T11:36:35Z, azel, 225.755, 4.717, 0.003, -0.002
2026-04-04T11:36:40Z, azel, 225.770, 4.706, 0.003, -0.002
2026-04-04T11:36:45Z, azel, 225.785, 4.695, 0.003, -0.002
2026-04-04T11:36:50Z, azel, 225.800, 4.684, 0.003, -0.002
2026-04-04T11:36:55Z, azel, 225.815, 4.674, 0.003, -0.002
2026-04-04T11:37:00Z, azel, 225.830, 4.663, 0.003, -0.002
2026-04-04T11:37:05Z, azel, 225.845, 4.652, 0.003, -0.002
2026-04-04T11:37:10Z, azel, 225.860, 4.641, 0.003, -0.002
2026-04-04T11:37:15Z, azel, 225.875, 4.630, 0.003, -0.002
2026-04-04T11:37:20Z, azel, 225.890, 4.619, 0.003, -0.002
2026-04-04T11:37:25Z, azel, 225.905, 4.608, 0.003, -0.002
2026-04-04T11:37:30Z, azel, 225.919, 4.597, 0.003, -0.002
2026-04-04T11:37:35Z, azel, 225.934, 4.586, 0.003, -0.002
2026-04-04T11:37:40Z, azel, 225.949, 4.575, 0.003, -0.002
2026-04-04T11:37:45Z, azel, 225.964, 4.564, 0.003, -0.002
2026-04-04T11:37:50Z, azel, 225.979, 4.553, 0.003, -0.002
2026-04-04T11:37:55Z, azel, 225.994, 4.542, 0.003, -0.002
2026-04-04T11:38:00Z, azel, 226.009, 4.531, 0.003, -0.002
2026-04-04T11:38:05Z, azel, 226.024, 4.520, 0.003, -0.002
2026-04-04T11:38:10Z, azel, 226.039, 4.509, 0.003, -0.002
2026-04-04T11:38:15Z, azel, 226.054, 4.498, 0.003, -0.002
2026-04-04T11:38:20Z, azel, 226.069, 4.487, 0.003, -0.002
2026-04-04T11:38:25Z, azel, 226.084, 4.476, 0.003, -0.002
2026-04-04T11:38:30Z, azel, 226.098, 4.465, 0.003, -0.002
2026-04-04T11:38:35Z, azel, 226.113, 4.454, 0.003, -0.002
2026-04-04T11:38:40Z, azel, 226.128, 4.443, 0.003, -0.002
2026-04-04T11:38:45Z, azel, 226.143, 4.432, 0.003, -0.002
2026-04-04T11:38:50Z, azel, 226.158, 4.421, 0.003, -0.002
2026-04-04T11:38:55Z, azel, 226.173, 4.410, 0.003, -0.002
2026-04-04T11:39:00Z, azel, 226.188, 4.399, 0.003, -0.002
2026-04-04T11:39:05Z, azel, 226.203, 4.388, 0.003, -0.002
2026-04-04T11:39:10Z, azel, 226.218, 4.377, 0.003, -0.002
2026-04-04T11:39:15Z, azel, 226.233, 4.366, 0.003, -0.002
2026-04-04T11:39:20Z, azel, 226.247, 4.355, 0.003, -0.002
2026-04-04T11:39:25Z, azel, 226.262, 4.344, 0.003, -0.002
2026-04-04T11:39:30Z, azel, 226.277, 4.333, 0.003, -0.002
2026-04-04T11:39:35Z, azel, 226.292, 4.322, 0.003, -0.002
2026-04-04T11:39:40Z, azel, 226.307, 4.311, 0.003, -0.002
2026-04-04T11:39:45Z, azel, 226.322, 4.300, 0.003, -0.002
2026-04-04T11:39:50Z, azel, 226.337, 4.289, 0.003, -0.002
2026-04-04T11:39:55Z, azel, 226.351, 4.278, 0.003, -0.002
2026-04-04T11:40:00Z, azel, 226.366, 4.267, 0.003, -0.002
2026-04-04T11:40:05Z, azel, 226.381, 4.256, 0.003, -0.002
2026-04-04T11:40:10Z, azel, 226.396, 4.245, 0.003, -0.002
2026-04-04T11:40:15Z, azel, 226.411, 4.234, 0.003, -0.002
2026-04-04T11:40:20Z, azel, 226.426, 4.223, 0.003, -0.002
2026-04-04T11:40:25Z, azel, 226.441, 4.212, 0.003, -0.002
2026-04-04T11:40:30Z, azel, 226.455, 4.201, 0.003, -0.002
2026-04-04T11:40:35Z, azel, 226.470, 4.190, 0.003, -0.002
2026-04-04T11:40:40Z, azel, 226.485, 4.179, 0.003, -0.002
2026-04-04T11:40:45Z, azel, 226.500, 4.168, 0.003, -0.002
2026-04-04T11:40:50Z, azel, 226.515, 4.157, 0.003, -0.002
2026-04-04T11:40:55Z, azel, 226.530, 4.146, 0.003, -0.002
2026-04-04T11:41:00Z, azel, 226.545, 4.135, 0.003, -0.002
2026-04-04T11:41:05Z, azel, 226.559, 4.123, 0.003, -0.002
2026-04-04T11:41:10Z, azel, 226.574, 4.112, 0.003, -0.002
2026-04-04T11:41:15Z, azel, 226.589, 4.101, 0.003, -0.002
2026-04-04T11:41:20Z, azel, 226.604, 4.090, 0.003, -0.002
2026-04-04T11:41:25Z, azel, 226.619, 4.079, 0.003, -0.002
2026-04-04T11:41:30Z, azel, 226.633, 4.068, 0.003, -0.002
2026-04-04T11:41:35Z, azel, 226.648, 4.057, 0.003, -0.002
2026-04-04T11:41:40Z, azel, 226.663, 4.046, 0.003, -0.002
2026-04-04T11:41:45Z, azel, 226.678, 4.035, 0.003, -0.002
2026-04-04T11:41:50Z, azel, 226.693, 4.024, 0.003, -0.002
2026-04-04T11:41:55Z, azel, 226.708, 4.013, 0.003, -0.002
2026-04-04T11:42:00Z, azel, 226.722, 4.002, 0.003, -0.002
2026-04-04T11:42:05Z, azel, 226.737, 3.990, 0.003, -0.002
2026-04-04T11:42:10Z, azel, 226.752, 3.979, 0.003, -0.002
2026-04-04T11:42:15Z, azel, 226.767, 3.968, 0.003, -0.002
2026-04-04T11:42:20Z, azel, 226.782, 3.957, 0.003, -0.002
2026-04-04T11:42:25Z, azel, 226.796, 3.946, 0.003, -0.002
2026-04-04T11:42:30Z, azel, 226.811, 3.935, 0.003, -0.002
2026-04-04T11:42:35Z, azel, 226.826, 3.924, 0.003, -0.002
2026-04-04T11:42:40Z, azel, 226.841, 3.913, 0.003, -0.002
2026-04-04T11:42:45Z, azel, 226.855, 3.902, 0.003, -0.002
2026-04-04T11:42:50Z, azel, 226.870, 3.890, 0.003, -0.002
2026-04-04T11:42:55Z, azel, 226.885, 3.879, 0.003, -0.002
2026-04-04T11:43:00Z, azel, 226.900, 3.868, 0.003, -0.002
2026-04-04T11:43:05Z, azel, 226.915, 3.857, 0.003, -0.002
2026-04-04T11:43:10Z, azel, 226.929, 3.846, 0.003, -0.002
2026-04-04T11:43:15Z, azel, 226.944, 3.835, 0.003, -0.002
2026-04-04T11:43:20Z, azel, 226.959, 3.824, 0.003, -0.002
2026-04-04T11:43:25Z, azel, 226.974, 3.813, 0.003, -0.002
2026-04-04T11:43:30Z, azel, 226.988, 3.801, 0.003, -0.002
2026-04-04T11:43:35Z, azel, 227.003, 3.790, 0.003, -0.002
2026-04-04T11:43:40Z, azel, 227.018, 3.779, 0.003, -0.002
2026-04-04T11:43:45Z, azel, 227.033, 3.768, 0.003, -0.002
2026-04-04T11:43:50Z, azel, 227.047, 3.757, 0.003, -0.002
2026-04-04T11:43:55Z, azel, 227.062, 3.746, 0.003, -0.002
2026-04-04T11:44:00Z, azel, 227.077, 3.734, 0.003, -0.002
2026-04-04T11:44:05Z, azel, 227.092, 3.723, 0.003, -0.002
2026-04-04T11:44:10Z, azel, 227.106, 3.712, 0.003, -0.002
2026-04-04T11:44:15Z, azel, 227.121, 3.701, 0.003, -0.002
2026-04-04T11:44:20Z, azel, 227.136, 3.690, 0.003, -0.002
2026-04-04T11:44:25Z, azel, 227.151, 3.679, 0.003, -0.002
2026-04-04T11:44:30Z, azel, 227.165, 3.667, 0.003, -0.002
2026-04-04T11:44:35Z, azel, 227.180, 3.656, 0.003, -0.002
2026-04-04T11:44:40Z, azel, 227.195, 3.645, 0.003, -0.002
2026-04-04T11:44:45Z, azel, 227.210, 3.634, 0.003, -0.002
2026-04-04T11:44:50Z, azel, 227.224, 3.623, 0.003, -0.002
2026-04-04T11:44:55Z, azel, 227.239, 3.612, 0.003, -0.002
2026-04-04T11:45:00Z, azel, 227.254, 3.600, 0.003, -0.002
2026-04-04T11:45:05Z, azel, 227.269, 3.589, 0.003, -0.002
2026-04-04T11:45:10Z, azel, 227.283, 3.578, 0.003, -0.002
2026-04-04T11:45:15Z, azel, 227.298, 3.567, 0.003, -0.002
2026-04-04T11:45:20Z, azel, 227.313, 3.556, 0.003, -0.002
2026-04-04T11:45:25Z, azel, 227.327, 3.544, 0.003, -0.002
2026-04-04T11:45:30Z, azel, 227.342, 3.533, 0.003, -0.002
2026-04-04T11:45:35Z, azel, 227.357, 3.522, 0.003, -0.002
2026-04-04T11:45:40Z, azel, 227.372, 3.511, 0.003, -0.002
2026-04-04T11:45:45Z, azel, 227.386, 3.499, 0.003, -0.002
2026-04-04T11:45:50Z, azel, 227.401, 3.488, 0.003, -0.002
2026-04-04T11:45:55Z, azel, 227.416, 3.477, 0.003, -0.002
2026-04-04T11:46:00Z, azel, 227.430, 3.466, 0.003, -0.002
2026-04-04T11:46:05Z, azel, 227.445, 3.455, 0.003, -0.002
2026-04-04T11:46:10Z, azel, 227.460, 3.443, 0.003, -0.002
2026-04-04T11:46:15Z, azel, 227.474, 3.432, 0.003, -0.002
2026-04-04T11:46:20Z, azel, 227.489, 3.421, 0.003, -0.002
2026-04-04T11:46:25Z, azel, 227.504, 3.410, 0.003, -0.002
2026-04-04T11:46:30Z, azel, 227.518, 3.398, 0.003, -0.002
2026-04-04T11:46:35Z, azel, 227.533, 3.387, 0.003, -0.002
2026-04-04T11:46:40Z, azel, 227.548, 3.376, 0.003, -0.002
2026-04-04T11:46:45Z, azel, 227.562, 3.365, 0.003, -0.002
2026-04-04T11:46:50Z, azel, 227.577, 3.353, 0.003, -0.002
2026-04-04T11:46:55Z, azel, 227.592, 3.342, 0.003, -0.002
2026-04-04T11:47:00Z, azel, 227.607, 3.331, 0.003, -0.002
2026-04-04T11:47:05Z, azel, 227.621, 3.320, 0.003, -0.002
2026-04-04T11:47:10Z, azel, 227.636, 3.308, 0.003, -0.002
2026-04-04T11:47:15Z, azel, 227.651, 3.297, 0.003, -0.002
2026-04-04T11:47:20Z, azel, 227.665, 3.286, 0.003, -0.002
2026-04-04T11:47:25Z, azel, 227.680, 3.275, 0.003, -0.002
2026-04-04T11:47:30Z, azel, 227.694, 3.263, 0.003, -0.002
2026-04-04T11:47:35Z, azel, 227.709, 3.252, 0.003, -0.002
2026-04-04T11:47:40Z, azel, 227.724, 3.241, 0.003, -0.002
2026-04-04T11:47:45Z, azel, 227.738, 3.230, 0.003, -0.002
2026-04-04T11:47:50Z, azel, 227.753, 3.218, 0.003, -0.002
2026-04-04T11:47:55Z, azel, 227.768, 3.207, 0.003, -0.002
2026-04-04T11:48:00Z, azel, 227.782, 3.196, 0.003, -0.002
2026-04-04T11:48:05Z, azel, 227.797, 3.184, 0.003, -0.002
2026-04-04T11:48:10Z, azel, 227.812, 3.173, 0.003, -0.002
2026-04-04T11:48:15Z, azel, 227.826, 3.162, 0.003, -0.002
2026-04-04T11:48:20Z, azel, 227.841, 3.151, 0.003, -0.002
2026-04-04T11:48:25Z, azel, 227.856, 3.139, 0.003, -0.002
2026-04-04T11:48:30Z, azel, 227.870, 3.128, 0.003, -0.002
2026-04-04T11:48:35Z, azel, 227.885, 3.117, 0.003, -0.002
2026-04-04T11:48:40Z, azel, 227.899, 3.105, 0.003, -0.002
2026-04-04T11:48:45Z, azel, 227.914, 3.094, 0.003, -0.002
2026-04-04T11:48:50Z, azel, 227.929, 3.083, 0.003, -0.002
2026-04-04T11:48:55Z, azel, 227.943, 3.071, 0.003, -0.002
2026-04-04T11:49:00Z, azel, 227.958, 3.060, 0.003, -0.002
2026-04-04T11:49:05Z, azel, 227.973, 3.049, 0.003, -0.002
2026-04-04T11:49:10Z, azel, 227.987, 3.037, 0.003, -0.002
2026-04-04T11:49:15Z, azel, 228.002, 3.026, 0.003, -0.002
2026-04-04T11:49:20Z, azel, 228.016, 3.015, 0.003, -0.002
2026-04-04T11:49:25Z, azel, 228.031, 3.004, 0.003, -0.002
2026-04-04T11:49:30Z, azel, 228.046, 2.992, 0.003, -0.002
2026-04-04T11:49:35Z, azel, 228.060, 2.981, 0.003, -0.002
2026-04-04T11:49:40Z, azel, 228.075, 2.970, 0.003, -0.002
2026-04-04T11:49:45Z, azel, 228.089, 2.958, 0.003, -0.002
2026-04-04T11:49:50Z, azel, 228.104, 2.947, 0.003, -0.002
2026-04-04T11:49:55Z, azel, 228.119, 2.936, 0.003, -0.002
2026-04-04T11:50:00Z, azel, 228.133, 2.924, 0.003, -0.002
2026-04-04T11:50:05Z, azel, 228.148, 2.913, 0.003, -0.002
2026-04-04T11:50:10Z, azel, 228.162, 2.901, 0.003, -0.002
2026-04-04T11:50:15Z, azel, 228.177, 2.890, 0.003, -0.002
2026-04-04T11:50:20Z, azel, 228.191, 2.879, 0.003, -0.002
2026-04-04T11:50:25Z, azel, 228.206, 2.867, 0.003, -0.002
2026-04-04T11:50:30Z, azel, 228.221, 2.856, 0.003, -0.002
2026-04-04T11:50:35Z, azel, 228.235, 2.845, 0.003, -0.002
2026-04-04T11:50:40Z, azel, 228.250, 2.833, 0.003, -0.002
2026-04-04T11:50:45Z, azel, 228.264, 2.822, 0.003, -0.002
2026-04-04T11:50:50Z, azel, 228.279, 2.811, 0.003, -0.002
2026-04-04T11:50:55Z, azel, 228.293, 2.799, 0.003, -0.002
2026-04-04T11:51:00Z, azel, 228.308, 2.788, 0.003, -0.002
2026-04-04T11:51:05Z, azel, 228.323, 2.776, 0.003, -0.002
2026-04-04T11:51:10Z, azel, 228.337, 2.765, 0.003, -0.002
2026-04-04T11:51:15Z, azel, 228.352, 2.754, 0.003, -0.002
2026-04-04T11:51:20Z, azel, 228.366, 2.742, 0.003, -0.002
2026-04-04T11:51:25Z, azel, 228.381, 2.731, 0.003, -0.002
2026-04-04T11:51:30Z, azel, 228.395, 2.720, 0.003, -0.002
2026-04-04T11:51:35Z, azel, 228.410, 2.708, 0.003, -0.002
2026-04-04T11:51:40Z, azel, 228.424, 2.697, 0.003, -0.002
2026-04-04T11:51:45Z, azel, 228.439, 2.685, 0.003, -0.002
2026-04-04T11:51:50Z, azel, 228.453, 2.674, 0.003, -0.002
2026-04-04T11:51:55Z, azel, 228.468, 2.663, 0.003, -0.002
2026-04-04T11:52:00Z, azel, 228.483, 2.651, 0.003, -0.002
2026-04-04T11:52:05Z, azel, 228.497, 2.640, 0.003, -0.002
2026-04-04T11:52:10Z, azel, 228.512, 2.628, 0.003, -0.002
2026-04-04T11:52:15Z, azel, 228.526, 2.617, 0.003, -0.002
2026-04-04T11:52:20Z, azel, 228.541, 2.605, 0.003, -0.002
2026-04-04T11:52:25Z, azel, 228.555, 2.594, 0.003, -0.002
2026-04-04T11:52:30Z, azel, 228.570, 2.583, 0.003, -0.002
2026-04-04T11:52:35Z, azel, 228.584, 2.571, 0.003, -0.002
2026-04-04T11:52:40Z, azel, 228.599, 2.560, 0.003, -0.002
2026-04-04T11:52:45Z, azel, 228.613, 2.548, 0.003, -0.002
2026-04-04T11:52:50Z, azel, 228.628, 2.537, 0.003, -0.002
2026-04-04T11:52:55Z, azel, 228.642, 2.526, 0.003, -0.002
2026-04-04T11:53:00Z, azel, 228.657, 2.514, 0.003, -0.002
2026-04-04T11:53:05Z, azel, 228.671, 2.503, 0.003, -0.002
2026-04-04T11:53:10Z, azel, 228.686, 2.491, 0.003, -0.002
2026-04-04T11:53:15Z, azel, 228.700, 2.480, 0.003, -0.002
2026-04-04T11:53:20Z, azel, 228.715, 2.468, 0.003, -0.002
2026-04-04T11:53:25Z, azel, 228.729, 2.457, 0.003, -0.002
2026-04-04T11:53:30Z, azel, 228.744, 2.445, 0.003, -0.002
2026-04-04T11:53:35Z, azel, 228.758, 2.434, 0.003, -0.002
2026-04-04T11:53:40Z, azel, 228.773, 2.423, 0.003, -0.002
2026-04-04T11:53:45Z, azel, 228.787, 2.411, 0.003, -0.002
2026-04-04T11:53:50Z, azel, 228.802, 2.400, 0.003, -0.002
2026-04-04T11:53:55Z, azel, 228.816, 2.388, 0.003, -0.002
2026-04-04T11:54:00Z, azel, 228.831, 2.377, 0.003, -0.002
2026-04-04T11:54:05Z, azel, 228.845, 2.365, 0.003, -0.002
2026-04-04T11:54:10Z, azel, 228.860, 2.354, 0.003, -0.002
2026-04-04T11:54:15Z, azel, 228.874, 2.342, 0.003, -0.002
2026-04-04T11:54:20Z, azel, 228.889, 2.331, 0.003, -0.002
2026-04-04T11:54:25Z, azel, 228.903, 2.319, 0.003, -0.002
2026-04-04T11:54:30Z, azel, 228.918, 2.308, 0.003, -0.002
2026-04-04T11:54:35Z, azel, 228.932, 2.296, 0.003, -0.002
2026-04-04T11:54:40Z, azel, 228.946, 2.285, 0.003, -0.002
2026-04-04T11:54:45Z, azel, 228.961, 2.273, 0.003, -0.002
2026-04-04T11:54:50Z, azel, 228.975, 2.262, 0.003, -0.002
2026-04-04T11:54:55Z, azel, 228.990, 2.250, 0.003, -0.002
2026-04-04T11:55:00Z, azel, 229.004, 2.239, 0.003, -0.002
2026-04-04T11:55:05Z, azel, 229.019, 2.227, 0.003, -0.002
2026-04-04T11:55:10Z, azel, 229.033, 2.216, 0.003, -0.002
2026-04-04T11:55:15Z, azel, 229.048, 2.204, 0.003, -0.002
2026-04-04T11:55:20Z, azel, 229.062, 2.193, 0.003, -0.002
2026-04-04T11:55:25Z, azel, 229.077, 2.181, 0.003, -0.002
2026-04-04T11:55:30Z, azel, 229.091, 2.170, 0.003, -0.002
2026-04-04T11:55:35Z, azel, 229.105, 2.158, 0.003, -0.002
2026-04-04T11:55:40Z, azel, 229.120, 2.147, 0.003, -0.002
2026-04-04T11:55:45Z, azel, 229.134, 2.135, 0.003, -0.002
2026-04-04T11:55:50Z, azel, 229.149, 2.124, 0.003, -0.002
2026-04-04T11:55:55Z, azel, 229.163, 2.112, 0.003, -0.002
2026-04-04T11:56:00Z, azel, 229.178, 2.101, 0.003, -0.002
2026-04-04T11:56:05Z, azel, 229.192, 2.089, 0.003, -0.002
2026-04-04T11:56:10Z, azel, 229.206, 2.078, 0.003, -0.002
2026-04-04T11:56:15Z, azel, 229.221, 2.066, 0.003, -0.002
2026-04-04T11:56:20Z, azel, 229.235, 2.055, 0.003, -0.002
2026-04-04T11:56:25Z, azel, 229.250, 2.043, 0.003, -0.002
2026-04-04T11:56:30Z, azel, 229.264, 2.032, 0.003, -0.002
2026-04-04T11:56:35Z, azel, 229.279, 2.020, 0.003, -0.002
2026-04-04T11:56:40Z, azel, 229.293, 2.008, 0.003, -0.002
2026-04-04T11:56:45Z, azel, 229.307, 1.997, 0.003, -0.002
2026-04-04T11:56:50Z, azel, 229.322, 1.985, 0.003, -0.002
2026-04-04T11:56:55Z, azel, 229.336, 1.974, 0.003, -0.002
2026-04-04T11:57:00Z, azel, 229.351, 1.962, 0.003, -0.002
2026-04-04T11:57:05Z, azel, 229.365, 1.951, 0.003, -0.002
2026-04-04T11:57:10Z, azel, 229.379, 1.939, 0.003, -0.002
2026-04-04T11:57:15Z, azel, 229.394, 1.928, 0.003, -0.002
2026-04-04T11:57:20Z, azel, 229.408, 1.916, 0.003, -0.002
2026-04-04T11:57:25Z, azel, 229.423, 1.904, 0.003, -0.002
2026-04-04T11:57:30Z, azel, 229.437, 1.893, 0.003, -0.002
2026-04-04T11:57:35Z, azel, 229.451, 1.881, 0.003, -0.002
2026-04-04T11:57:40Z, azel, 229.466, 1.870, 0.003, -0.002
2026-04-04T11:57:45Z, azel, 229.480, 1.858, 0.003, -0.002
2026-04-04T11:57:50Z, azel, 229.495, 1.847, 0.003, -0.002
2026-04-04T11:57:55Z, azel, 229.509, 1.835, 0.003, -0.002
2026-04-04T11:58:00Z, azel, 229.523, 1.823, 0.003, -0.002
2026-04-04T11:58:05Z, azel, 229.538, 1.812, 0.003, -0.002
2026-04-04T11:58:10Z, azel, 229.552, 1.800, 0.003, -0.002
2026-04-04T11:58:15Z, azel, 229.566, 1.789, 0.003, -0.002
2026-04-04T11:58:20Z, azel, 229.581, 1.777, 0.003, -0.002
2026-04-04T11:58:25Z, azel, 229.595, 1.766, 0.003, -0.002
2026-04-04T11:58:30Z, azel, 229.609, 1.754, 0.003, -0.002
2026-04-04T11:58:35Z, azel, 229.624, 1.742, 0.003, -0.002
2026-04-04T11:58:40Z, azel, 229.638, 1.731, 0.003, -0.002
2026-04-04T11:58:45Z, azel, 229.653, 1.719, 0.003, -0.002
2026-04-04T11:58:50Z, azel, 229.667, 1.707, 0.003, -0.002
2026-04-04T11:58:55Z, azel, 229.681, 1.696, 0.003, -0.002
2026-04-04T11:59:00Z, azel, 229.696, 1.684, 0.003, -0.002
2026-04-04T11:59:05Z, azel, 229.710, 1.673, 0.003, -0.002
2026-04-04T11:59:10Z, azel, 229.724, 1.661, 0.003, -0.002
2026-04-04T11:59:15Z, azel, 229.739, 1.649, 0.003, -0.002
2026-04-04T11:59:20Z, azel, 229.753, 1.638, 0.003, -0.002
2026-04-04T11:59:25Z, azel, 229.767, 1.626, 0.003, -0.002
2026-04-04T11:59:30Z, azel, 229.782, 1.615, 0.003, -0.002
2026-04-04T11:59:35Z, azel, 229.796, 1.603, 0.003, -0.002
2026-04-04T11:59:40Z, azel, 229.810, 1.591, 0.003, -0.002
2026-04-04T11:59:45Z, azel, 229.825, 1.580, 0.003, -0.002
2026-04-04T11:59:50Z, azel, 229.839, 1.568, 0.003, -0.002
2026-04-04T11:59:55Z, azel, 229.853, 1.556, 0.003, -0.002
2026-04-04T12:00:00Z, azel, 229.868, 1.545, 0.000, 0.000
